target_return,return,variance,std_dev,n_held,iterations,osqp_time_ms,wall_time_ms,status,refined
0.0021019640,0.0021019640,1.3685527685e-04,0.0116985160,25,25,1.4852,1.6023,solved,0
0.0021058122,0.0021058122,1.3685538073e-04,0.0116985205,25,25,1.3113,1.4848,solved,0
0.0021096603,0.0021096603,1.3685569055e-04,0.0116985337,25,25,1.2912,1.4344,solved,0
0.0021135085,0.0021135085,1.3685620633e-04,0.0116985557,25,25,1.2662,1.3736,solved,0
0.0021173565,0.0021173565,1.3685692802e-04,0.0116985866,25,25,1.2372,1.3229,solved,0
0.0021212044,0.0021212044,1.3685785563e-04,0.0116986262,25,25,1.2425,1.3202,solved,0
0.0021250526,0.0021250526,1.3685898925e-04,0.0116986747,25,25,1.2760,1.3621,solved,0
0.0021289007,0.0021289007,1.3686032879e-04,0.0116987319,25,25,1.2301,1.3156,solved,0
0.0021327489,0.0021327489,1.3686187432e-04,0.0116987980,25,25,1.2538,1.3558,solved,0
0.0021365968,0.0021365968,1.3686362566e-04,0.0116988728,25,25,1.2473,1.3421,solved,0
0.0021404450,0.0021404450,1.3686558308e-04,0.0116989565,25,25,1.2208,1.2963,solved,0
0.0021442931,0.0021442931,1.3686774640e-04,0.0116990490,25,25,1.2353,1.3144,solved,0
0.0021481411,0.0021481411,1.3687011560e-04,0.0116991502,25,25,1.2460,1.3316,solved,0
0.0021519894,0.0021519894,1.3687269095e-04,0.0116992603,25,25,1.2205,1.3041,solved,0
0.0021558371,0.0021558371,1.3687547181e-04,0.0116993791,25,25,1.2468,1.3587,solved,0
0.0021596853,0.0021596853,1.3687845898e-04,0.0116995068,25,25,1.2424,1.3592,solved,0
0.0021635334,0.0021635334,1.3688165201e-04,0.0116996432,25,25,1.2489,1.3521,solved,0
0.0021673815,0.0021673815,1.3688505099e-04,0.0116997885,25,25,1.2935,1.4346,solved,0
0.0021712296,0.0021712296,1.3688865592e-04,0.0116999426,25,25,1.2876,1.4548,solved,0
0.0021750777,0.0021750777,1.3689246679e-04,0.0117001054,25,25,1.2814,1.4562,solved,0
0.0021789258,0.0021789258,1.3689648360e-04,0.0117002771,25,25,1.2400,1.3632,solved,0
0.0021827740,0.0021827740,1.3690070647e-04,0.0117004575,25,25,1.2331,1.3305,solved,0
0.0021866221,0.0021866221,1.3690513518e-04,0.0117006468,25,25,1.2430,1.3192,solved,0
0.0021904700,0.0021904700,1.3690976959e-04,0.0117008448,25,25,1.2732,1.3490,solved,0
0.0021943180,0.0021943180,1.3691461006e-04,0.0117010517,25,25,1.2164,1.2888,solved,0
0.0021981662,0.0021981662,1.3691965666e-04,0.0117012673,26,25,1.2339,1.3060,solved,0
0.0022020141,0.0022020141,1.3692490850e-04,0.0117014917,26,25,1.2278,1.3629,solved,0
0.0022058624,0.0022058624,1.3693036649e-04,0.0117017249,26,25,1.2258,1.3001,solved,0
0.0022097104,0.0022097104,1.3693602966e-04,0.0117019669,26,25,1.2318,1.3041,solved,0
0.0022135585,0.0022135585,1.3694189858e-04,0.0117022177,26,25,1.2314,1.3075,solved,0
0.0022174067,0.0022174067,1.3694797326e-04,0.0117024772,26,25,1.2237,1.2982,solved,0
0.0022212547,0.0022212547,1.3695425323e-04,0.0117027455,26,25,1.2368,1.3119,solved,0
0.0022251025,0.0022251025,1.3696073845e-04,0.0117030226,26,25,1.2253,1.2974,solved,0
0.0022289507,0.0022289507,1.3696742994e-04,0.0117033085,26,25,1.2220,1.3164,solved,0
0.0022327989,0.0022327989,1.3697432706e-04,0.0117036032,26,25,1.2372,1.3224,solved,0
0.0022366470,0.0022366470,1.3698142959e-04,0.0117039066,26,25,1.2258,1.2976,solved,0
0.0022404950,0.0022404950,1.3698873754e-04,0.0117042188,26,25,1.2222,1.2922,solved,0
0.0022443431,0.0022443431,1.3699625129e-04,0.0117045398,26,25,1.2251,1.2955,solved,0
0.0022481913,0.0022481913,1.3700397084e-04,0.0117048695,26,25,1.2729,1.3455,solved,0
0.0022520393,0.0022520393,1.3701189558e-04,0.0117052081,26,25,1.2559,1.3608,solved,0
0.0022558874,0.0022558874,1.3702002614e-04,0.0117055554,26,25,1.2601,1.3564,solved,0
0.0022597355,0.0022597355,1.3702836230e-04,0.0117059114,26,25,1.2309,1.3086,solved,0
0.0022635835,0.0022635835,1.3703690384e-04,0.0117062763,26,25,1.2193,1.2905,solved,0
0.0022674315,0.0022674315,1.3704565097e-04,0.0117066499,26,25,1.2300,1.3019,solved,0
0.0022712796,0.0022712796,1.3705460393e-04,0.0117070322,26,25,1.2282,1.3007,solved,0
0.0022751277,0.0022751277,1.3706377064e-04,0.0117074237,25,25,1.2630,1.3395,solved,0
0.0022789758,0.0022789758,1.3707317265e-04,0.0117078253,26,25,1.2367,1.3090,solved,0
0.0022828239,0.0022828239,1.3708280925e-04,0.0117082368,26,25,1.2368,1.3083,solved,0
0.0022866719,0.0022866719,1.3709268014e-04,0.0117086583,25,25,1.2304,1.3013,solved,0
0.0022905201,0.0022905201,1.3710279310e-04,0.0117090902,25,25,1.2497,1.3215,solved,0
0.0022943683,0.0022943683,1.3711315332e-04,0.0117095326,25,25,1.2318,1.3114,solved,0
0.0022982162,0.0022982162,1.3712375996e-04,0.0117099855,25,25,1.2873,1.3873,solved,0
0.0023020643,0.0023020643,1.3713461438e-04,0.0117104489,25,25,1.2426,1.3337,solved,0
0.0023059124,0.0023059124,1.3714571605e-04,0.0117109229,25,25,1.2349,1.3082,solved,0
0.0023097605,0.0023097605,1.3715706496e-04,0.0117114075,25,25,1.2222,1.2930,solved,0
0.0023136087,0.0023136087,1.3716866141e-04,0.0117119026,25,25,1.2384,1.3093,solved,0
0.0023174569,0.0023174569,1.3718050513e-04,0.0117124082,25,25,1.2310,1.3024,solved,0
0.0023213050,0.0023213050,1.3719259578e-04,0.0117129243,25,25,1.2160,1.2860,solved,0
0.0023251531,0.0023251531,1.3720493367e-04,0.0117134510,25,25,1.2273,1.2970,solved,0
0.0023290013,0.0023290013,1.3721751914e-04,0.0117139882,25,25,1.2254,1.2959,solved,0
0.0023328492,0.0023328492,1.3723035085e-04,0.0117145359,25,25,1.2358,1.3088,solved,0
0.0023366973,0.0023366973,1.3724343047e-04,0.0117150941,25,25,1.2685,1.3632,solved,0
0.0023405455,0.0023405455,1.3725675767e-04,0.0117156629,25,25,1.3124,1.4407,solved,0
0.0023443935,0.0023443935,1.3727033143e-04,0.0117162422,25,25,1.2327,1.3210,solved,0
0.0023482416,0.0023482416,1.3728415277e-04,0.0117168320,25,25,1.2354,1.3095,solved,0
0.0023520897,0.0023520897,1.3729822136e-04,0.0117174324,25,25,1.2333,1.3080,solved,0
0.0023559378,0.0023559378,1.3731253719e-04,0.0117180432,25,25,1.2191,1.2934,solved,0
0.0023597861,0.0023597861,1.3732710102e-04,0.0117186646,25,25,1.2469,1.3234,solved,0
0.0023636343,0.0023636343,1.3734191174e-04,0.0117192966,25,25,1.2425,1.3247,solved,0
0.0023674822,0.0023674822,1.3735696852e-04,0.0117199389,25,25,1.2235,1.2970,solved,0
0.0023713303,0.0023713303,1.3737227333e-04,0.0117205919,25,25,1.2320,1.3055,solved,0
0.0023751784,0.0023751784,1.3738782538e-04,0.0117212553,25,25,1.2504,1.3237,solved,0
0.0023790265,0.0023790265,1.3740362467e-04,0.0117219292,25,25,1.2199,1.2923,solved,0
0.0023828747,0.0023828747,1.3741967163e-04,0.0117226137,25,25,1.2276,1.2983,solved,0
0.0023867228,0.0023867228,1.3743596541e-04,0.0117233086,25,25,1.2339,1.3064,solved,0
0.0023905708,0.0023905708,1.3745250601e-04,0.0117240141,25,25,1.2175,1.2878,solved,0
0.0023944190,0.0023944190,1.3746929471e-04,0.0117247300,25,25,1.2281,1.2983,solved,0
0.0023982671,0.0023982671,1.3748632912e-04,0.0117254565,26,25,1.2407,1.3150,solved,0
0.0024021151,0.0024021151,1.3750357847e-04,0.0117261920,26,25,1.2304,1.3278,solved,0
0.0024059632,0.0024059632,1.3752102966e-04,0.0117269361,26,25,1.2503,1.3400,solved,0
0.0024098113,0.0024098113,1.3753868223e-04,0.0117276887,26,25,1.2361,1.3107,solved,0
0.0024136595,0.0024136595,1.3755653667e-04,0.0117284499,26,25,1.2212,1.2917,solved,0
0.0024175077,0.0024175077,1.3757459250e-04,0.0117292196,26,25,1.2838,1.3566,solved,0
0.0024213556,0.0024213556,1.3759284831e-04,0.0117299978,26,25,1.2350,1.3087,solved,0
0.0024252038,0.0024252038,1.3761130694e-04,0.0117307846,26,25,1.4280,1.6205,solved,0
0.0024290520,0.0024290520,1.3762996697e-04,0.0117315799,26,25,1.7082,1.9597,solved,0
0.0024329001,0.0024329001,1.3764882791e-04,0.0117323837,26,25,1.2985,1.4508,solved,0
0.0024367481,0.0024367481,1.3766788974e-04,0.0117331961,26,25,1.2574,1.3730,solved,0
0.0024405961,0.0024405961,1.3768715296e-04,0.0117340169,26,25,1.2649,1.3744,solved,0
0.0024444442,0.0024444442,1.3770661806e-04,0.0117348463,26,25,1.3264,1.4659,solved,0
0.0024482924,0.0024482924,1.3772628507e-04,0.0117356843,26,25,1.2605,1.4120,solved,0
0.0024521405,0.0024521405,1.3774615296e-04,0.0117365307,26,25,1.2563,1.3837,solved,0
0.0024559886,0.0024559886,1.3776622225e-04,0.0117373857,26,25,1.2747,1.3838,solved,0
0.0024598369,0.0024598369,1.3778649398e-04,0.0117382492,26,25,1.2502,1.3524,solved,0
0.0024636849,0.0024636849,1.3780696553e-04,0.0117391212,26,25,1.2322,1.3429,solved,0
0.0024675329,0.0024675329,1.3782763846e-04,0.0117400016,26,25,1.2832,1.4434,solved,0
0.0024713809,0.0024713809,1.3784851276e-04,0.0117408906,26,25,1.2662,1.4015,solved,0
0.0024752292,0.0024752292,1.3786959010e-04,0.0117417882,26,25,1.2571,1.3797,solved,0
0.0024790772,0.0024790772,1.3789086719e-04,0.0117426942,26,25,1.2418,1.3600,solved,0
0.0024829253,0.0024829253,1.3791234622e-04,0.0117436087,26,25,1.2394,1.3473,solved,0
0.0024867734,0.0024867734,1.3793402664e-04,0.0117445318,26,25,1.2580,1.3783,solved,0
0.0024906214,0.0024906214,1.3795590788e-04,0.0117454633,26,25,1.2368,1.3567,solved,0
0.0024944697,0.0024944697,1.3797799224e-04,0.0117464034,26,25,1.2603,1.3781,solved,0
0.0024983179,0.0024983179,1.3800027742e-04,0.0117473519,26,25,1.2950,1.4068,solved,0
0.0025021660,0.0025021660,1.3802276342e-04,0.0117483090,26,25,1.2261,1.3385,solved,0
0.0025060137,0.0025060137,1.3804544844e-04,0.0117492744,26,25,1.3083,1.4625,solved,0
0.0025098620,0.0025098620,1.3806833840e-04,0.0117502484,26,25,1.2681,1.4096,solved,0
0.0025137101,0.0025137101,1.3809142856e-04,0.0117512309,26,25,1.2598,1.3881,solved,0
0.0025175582,0.0025175582,1.3811472012e-04,0.0117522219,26,25,1.2406,1.3561,solved,0
0.0025214063,0.0025214063,1.3813821307e-04,0.0117532214,26,25,1.2536,1.3829,solved,0
0.0025252545,0.0025252545,1.3816190803e-04,0.0117542294,26,25,1.2505,1.3637,solved,0
0.0025291026,0.0025291026,1.3818580377e-04,0.0117552458,26,25,1.2777,1.4067,solved,0
0.0025329507,0.0025329507,1.3820990090e-04,0.0117562707,26,25,1.2564,1.3814,solved,0
0.0025367988,0.0025367988,1.3823419942e-04,0.0117573041,26,25,1.2746,1.3873,solved,0
0.0025406470,0.0025406470,1.3825869997e-04,0.0117583460,26,25,1.2477,1.3504,solved,0
0.0025444948,0.0025444948,1.3828339935e-04,0.0117593962,26,25,1.2270,1.3212,solved,0
0.0025483430,0.0025483430,1.3830830268e-04,0.0117604550,26,25,1.2732,1.3962,solved,0
0.0025521910,0.0025521910,1.3833340611e-04,0.0117615223,26,25,1.2579,1.3867,solved,0
0.0025560394,0.0025560394,1.3835871357e-04,0.0117625981,26,25,1.2399,1.3709,solved,0
0.0025598874,0.0025598874,1.3838421978e-04,0.0117636822,26,25,1.2415,1.3563,solved,0
0.0025637356,0.0025637356,1.3840992871e-04,0.0117647749,26,25,1.2471,1.3481,solved,0
0.0025675836,0.0025675836,1.3843583770e-04,0.0117658760,26,25,1.2414,1.3412,solved,0
0.0025714317,0.0025714317,1.3846194875e-04,0.0117669855,26,25,1.2301,1.3384,solved,0
0.0025752799,0.0025752799,1.3848826188e-04,0.0117681036,26,25,1.2574,1.4008,solved,0
0.0025791278,0.0025791278,1.3851477433e-04,0.0117692300,26,25,1.2841,1.4378,solved,0
0.0025829758,0.0025829758,1.3854148886e-04,0.0117703649,26,25,1.2410,1.3696,solved,0
0.0025868239,0.0025868239,1.3856840546e-04,0.0117715082,26,25,1.2426,1.3758,solved,0
0.0025906720,0.0025906720,1.3859552346e-04,0.0117726600,26,25,1.2663,1.3799,solved,0
0.0025945203,0.0025945203,1.3862284428e-04,0.0117738203,26,25,1.3141,1.4055,solved,0
0.0025983683,0.0025983683,1.3865036435e-04,0.0117749889,26,25,1.2162,1.2888,solved,0
0.0026022165,0.0026022165,1.3867808726e-04,0.0117761661,26,25,1.2236,1.2951,solved,0
0.0026060648,0.0026060648,1.3870601229e-04,0.0117773517,26,25,1.2273,1.3003,solved,0
0.0026099127,0.0026099127,1.3873414049e-04,0.0117785458,24,25,1.2220,1.2931,solved,0
0.0026137607,0.0026137607,1.3876249021e-04,0.0117797492,24,25,1.2744,1.4152,solved,0
0.0026176087,0.0026176087,1.3879106180e-04,0.0117809618,24,25,1.3129,1.4291,solved,0
0.0026214569,0.0026214569,1.3881985847e-04,0.0117821839,23,25,1.2342,1.3103,solved,0
0.0026253048,0.0026253048,1.3884890193e-04,0.0117834164,23,25,1.2303,1.3026,solved,0
0.0026291530,0.0026291530,1.3887820518e-04,0.0117846597,23,25,1.2219,1.2939,solved,0
0.0026330010,0.0026330010,1.3890776439e-04,0.0117859138,23,25,1.2177,1.2883,solved,0
0.0026368491,0.0026368491,1.3893758188e-04,0.0117871787,23,25,1.2312,1.3023,solved,0
0.0026406972,0.0026406972,1.3896765688e-04,0.0117884544,23,25,1.2309,1.3033,solved,0
0.0026445453,0.0026445453,1.3899798876e-04,0.0117897408,24,25,1.2198,1.2900,solved,0
0.0026483931,0.0026483931,1.3902856899e-04,0.0117910377,24,25,1.2292,1.2991,solved,0
0.0026522413,0.0026522413,1.3905940160e-04,0.0117923450,24,25,1.2282,1.2997,solved,0
0.0026560892,0.0026560892,1.3909048100e-04,0.0117936627,24,25,1.2191,1.2888,solved,0
0.0026599373,0.0026599373,1.3912181121e-04,0.0117949909,24,25,1.2341,1.3097,solved,0
0.0026637855,0.0026637855,1.3915339144e-04,0.0117963296,24,25,1.2581,1.3556,solved,0
0.0026676336,0.0026676336,1.3918522005e-04,0.0117976786,24,25,1.2361,1.3459,solved,0
0.0026714817,0.0026714817,1.3921729787e-04,0.0117990380,24,25,1.2735,1.3873,solved,0
0.0026753297,0.0026753297,1.3924962405e-04,0.0118004078,24,25,1.2392,1.3354,solved,0
0.0026791778,0.0026791778,1.3928220026e-04,0.0118017880,24,25,1.2177,1.2971,solved,0
0.0026830255,0.0026830255,1.3931502225e-04,0.0118031785,24,25,1.2344,1.3114,solved,0
0.0026868737,0.0026868737,1.3934809770e-04,0.0118045795,24,25,1.2292,1.3048,solved,0
0.0026907219,0.0026907219,1.3938142237e-04,0.0118059910,24,25,1.2167,1.2863,solved,0
0.0026945699,0.0026945699,1.3941499450e-04,0.0118074127,24,25,1.2291,1.2995,solved,0
0.0026984180,0.0026984180,1.3944881671e-04,0.0118088449,24,25,1.2256,1.2982,solved,0
0.0027022660,0.0027022660,1.3948288722e-04,0.0118102873,24,25,1.2136,1.2883,solved,0
0.0027061140,0.0027061140,1.3951720693e-04,0.0118117402,24,25,1.2693,1.3876,solved,0
0.0027099621,0.0027099621,1.3955177672e-04,0.0118132035,24,25,1.2815,1.4117,solved,0
0.0027138102,0.0027138102,1.3958659572e-04,0.0118146771,24,25,1.2312,1.3235,solved,0
0.0027176580,0.0027176580,1.3962166117e-04,0.0118161610,24,25,1.2151,1.2882,solved,0
0.0027215061,0.0027215061,1.3965697855e-04,0.0118176554,24,25,1.2309,1.3039,solved,0
0.0027253543,0.0027253543,1.3969254606e-04,0.0118191601,24,25,1.2176,1.2982,solved,0
0.0027292023,0.0027292023,1.3972836091e-04,0.0118206751,24,25,1.2889,1.4131,solved,0
0.0027330505,0.0027330505,1.3976442684e-04,0.0118222006,24,25,1.2526,1.3580,solved,0
0.0027368985,0.0027368985,1.3980074008e-04,0.0118237363,24,25,1.2289,1.3035,solved,0
0.0027407464,0.0027407464,1.3983730156e-04,0.0118252823,24,25,1.2130,1.2831,solved,0
0.0027445947,0.0027445947,1.3987411606e-04,0.0118268388,24,25,1.2294,1.3009,solved,0
0.0027484427,0.0027484427,1.3991117688e-04,0.0118284055,24,25,1.2757,1.3480,solved,0
0.0027522905,0.0027522905,1.3994848495e-04,0.0118299825,24,25,1.2189,1.2979,solved,0
0.0027561386,0.0027561386,1.3998604512e-04,0.0118315699,24,25,1.2410,1.3236,solved,0
0.0027599866,0.0027599866,1.4002385350e-04,0.0118331675,24,25,1.2294,1.3045,solved,0
0.0027638347,0.0027638347,1.4006191207e-04,0.0118347755,24,25,1.2160,1.2863,solved,0
0.0027676829,0.0027676829,1.4010022083e-04,0.0118363939,24,25,1.2299,1.3003,solved,0
0.0027715309,0.0027715309,1.4013877680e-04,0.0118380225,24,25,1.2261,1.2965,solved,0
0.0027753790,0.0027753790,1.4017758297e-04,0.0118396614,24,25,1.2281,1.3079,solved,0
0.0027792271,0.0027792271,1.4021663834e-04,0.0118413107,24,25,1.2359,1.3180,solved,0
0.0027830752,0.0027830752,1.4025594291e-04,0.0118429702,24,25,1.2306,1.3081,solved,0
0.0027869231,0.0027869231,1.4029549463e-04,0.0118446399,24,25,1.2175,1.2909,solved,0
0.0027907712,0.0027907712,1.4033529759e-04,0.0118463200,24,25,1.5072,1.5835,solved,0
0.0027946193,0.0027946193,1.4037534975e-04,0.0118480104,24,25,1.4387,1.5124,solved,0
0.0027984672,0.0027984672,1.4041564902e-04,0.0118497109,24,25,1.4453,1.5188,solved,0
0.0028023153,0.0028023153,1.4045619957e-04,0.0118514218,24,25,1.4266,1.4957,solved,0
0.0028061633,0.0028061633,1.4049699826e-04,0.0118531430,24,25,1.4628,1.5376,solved,0
0.0028100114,0.0028100114,1.4053804722e-04,0.0118548744,24,25,1.4545,1.5305,solved,0
0.0028138597,0.0028138597,1.4057934752e-04,0.0118566162,24,25,1.4276,1.4999,solved,0
0.0028177076,0.0028177076,1.4062089272e-04,0.0118583680,24,25,1.4616,1.5588,solved,0
0.0028215557,0.0028215557,1.4066268928e-04,0.0118601302,24,25,1.4356,1.5242,solved,0
0.0028254036,0.0028254036,1.4070473284e-04,0.0118619026,24,25,1.4906,1.5652,solved,0
0.0028292517,0.0028292517,1.4074702779e-04,0.0118636853,24,25,1.4432,1.5162,solved,0
0.0028330998,0.0028330998,1.4078957194e-04,0.0118654782,24,25,1.4451,1.5166,solved,0
0.0028369479,0.0028369479,1.4083236529e-04,0.0118672813,24,25,1.4415,1.5219,solved,0
0.0028407958,0.0028407958,1.4087540559e-04,0.0118690946,24,25,1.4489,1.5263,solved,0
0.0028446439,0.0028446439,1.4091869733e-04,0.0118709181,24,25,1.4685,1.5602,solved,0
0.0028484921,0.0028484921,1.4096223941e-04,0.0118727520,24,25,1.4505,1.5372,solved,0
0.0028523401,0.0028523401,1.4100602842e-04,0.0118745959,24,25,1.4337,1.5057,solved,0
0.0028561881,0.0028561881,1.4105006661e-04,0.0118764501,24,25,1.4583,1.5481,solved,0
0.0028600361,0.0028600361,1.4109435400e-04,0.0118783144,24,25,1.4761,1.5670,solved,0
0.0028638841,0.0028638841,1.4113889057e-04,0.0118801890,24,25,1.4932,1.5753,solved,0
0.0028677322,0.0028677322,1.4118367750e-04,0.0118820738,24,25,1.4502,1.5227,solved,0
0.0028715804,0.0028715804,1.4122871481e-04,0.0118839688,24,25,1.4290,1.4986,solved,0
0.0028754283,0.0028754283,1.4127399779e-04,0.0118858739,24,25,1.4406,1.5313,solved,0
0.0028792764,0.0028792764,1.4131953231e-04,0.0118877892,24,25,1.4453,1.5302,solved,0
0.0028831246,0.0028831246,1.4136531724e-04,0.0118897148,24,25,1.4686,1.5685,solved,0
0.0028869727,0.0028869727,1.4141135017e-04,0.0118916504,24,25,1.4660,1.5509,solved,0
0.0028908207,0.0028908207,1.4145763111e-04,0.0118935962,24,25,1.4458,1.5158,solved,0
0.0028946686,0.0028946686,1.4150416002e-04,0.0118955521,24,25,1.4692,1.5447,solved,0
0.0028985166,0.0028985166,1.4155093932e-04,0.0118975182,24,25,1.4394,1.5137,solved,0
0.0029023646,0.0029023646,1.4159796781e-04,0.0118994944,24,25,1.4292,1.5036,solved,0
0.0029062129,0.0029062129,1.4164524919e-04,0.0119014810,24,25,1.4446,1.5146,solved,0
0.0029100609,0.0029100609,1.4169277608e-04,0.0119034775,24,25,1.4409,1.5130,solved,0
0.0029139089,0.0029139089,1.4174055215e-04,0.0119054841,24,25,1.4473,1.5226,solved,0
0.0029177571,0.0029177571,1.4178857992e-04,0.0119075010,24,25,1.4363,1.5108,solved,0
0.0029216050,0.0029216050,1.4183685313e-04,0.0119095278,24,25,1.4777,1.5719,solved,0
0.0029254532,0.0029254532,1.4188537931e-04,0.0119115649,24,25,1.4573,1.5560,solved,0
0.0029293011,0.0029293011,1.4193415089e-04,0.0119136120,24,25,1.4563,1.5379,solved,0
0.0029331490,0.0029331490,1.4198317165e-04,0.0119156692,24,25,1.4551,1.5530,solved,0
0.0029369971,0.0029369971,1.4203244415e-04,0.0119177365,24,25,1.5017,1.5920,solved,0
0.0029408453,0.0029408453,1.4208196714e-04,0.0119198141,24,25,1.4330,1.5179,solved,0
0.0029446933,0.0029446933,1.4213173673e-04,0.0119219016,25,25,1.4066,1.4771,solved,0
0.0029485415,0.0029485415,1.4218174989e-04,0.0119239989,25,25,1.4249,1.4961,solved,0
0.0029523894,0.0029523894,1.4223199359e-04,0.0119261056,25,25,1.4223,1.5074,solved,0
0.0029562374,0.0029562374,1.4228247306e-04,0.0119282217,25,25,1.4293,1.5232,solved,0
0.0029600855,0.0029600855,1.4233318829e-04,0.0119303474,25,25,1.4434,1.5575,solved,0
0.0029639334,0.0029639334,1.4238413534e-04,0.0119324824,25,25,1.3211,1.4552,solved,0
0.0029677814,0.0029677814,1.4243531815e-04,0.0119346269,25,25,1.2663,1.3926,solved,0
0.0029716296,0.0029716296,1.4248673810e-04,0.0119367809,25,25,1.2521,1.3877,solved,0
0.0029754776,0.0029754776,1.4253838983e-04,0.0119389443,25,25,1.4501,1.6988,solved,0
0.0029793255,0.0029793255,1.4259027466e-04,0.0119411170,25,25,1.6200,1.8959,solved,0
0.0029831738,0.0029831738,1.4264239936e-04,0.0119432993,25,25,1.6422,1.8668,solved,0
0.0029870217,0.0029870217,1.4269475309e-04,0.0119454909,25,25,1.6353,1.8398,solved,0
0.0029908698,0.0029908698,1.4274734400e-04,0.0119476920,25,25,1.6374,1.8883,solved,0
0.0029947180,0.0029947180,1.4280017075e-04,0.0119499025,25,25,1.6380,1.8984,solved,0
0.0029985657,0.0029985657,1.4285322506e-04,0.0119521222,25,25,1.6552,1.8930,solved,0
0.0030024137,0.0030024137,1.4290651796e-04,0.0119543514,25,25,1.6871,1.9197,solved,0
0.0030062617,0.0030062617,1.4296004530e-04,0.0119565900,25,25,1.6423,1.8852,solved,0
0.0030101099,0.0030101099,1.4301380990e-04,0.0119588382,25,25,1.6578,1.8714,solved,0
0.0030139579,0.0030139579,1.4306780616e-04,0.0119610955,25,25,1.6560,1.8634,solved,0
0.0030178060,0.0030178060,1.4312203828e-04,0.0119633623,25,25,1.6542,1.8715,solved,0
0.0030216541,0.0030216541,1.4317650487e-04,0.0119656385,25,25,1.6735,1.9126,solved,0
0.0030255020,0.0030255020,1.4323120307e-04,0.0119679239,25,25,1.6559,1.8738,solved,0
0.0030293500,0.0030293500,1.4328613714e-04,0.0119702188,25,25,1.6541,1.8643,solved,0
0.0030331980,0.0030331980,1.4334130566e-04,0.0119725229,25,25,1.6766,1.8854,solved,0
0.0030370461,0.0030370461,1.4339671008e-04,0.0119748365,25,25,1.6646,1.9240,solved,0
0.0030408940,0.0030408940,1.4345234606e-04,0.0119771593,25,25,1.6632,1.9531,solved,0
0.0030447422,0.0030447422,1.4350822085e-04,0.0119794917,25,25,1.6539,1.8641,solved,0
0.0030485902,0.0030485902,1.4356432719e-04,0.0119818332,25,25,1.6972,1.9029,solved,0
0.0030524382,0.0030524382,1.4362066798e-04,0.0119841841,25,25,1.6550,1.8812,solved,0
0.0030562864,0.0030562864,1.4367724616e-04,0.0119865444,25,25,1.6802,1.8995,solved,0
0.0030601344,0.0030601344,1.4373405587e-04,0.0119889139,25,25,1.6763,1.9841,solved,0
0.0030639824,0.0030639824,1.4379110002e-04,0.0119912927,25,25,1.6650,1.8764,solved,0
0.0030678306,0.0030678306,1.4384838161e-04,0.0119936809,25,25,1.6692,1.8953,solved,0
0.0030716784,0.0030716784,1.4390589169e-04,0.0119960782,25,25,1.6520,1.8625,solved,0
0.0030755263,0.0030755263,1.4396363769e-04,0.0119984848,25,25,1.6509,1.8735,solved,0
0.0030793746,0.0030793746,1.4402162417e-04,0.0120009010,25,25,1.6399,1.8732,solved,0
0.0030832225,0.0030832225,1.4407983908e-04,0.0120033262,25,25,1.6516,1.8855,solved,0
0.0030870706,0.0030870706,1.4413829120e-04,0.0120057608,26,25,1.6648,1.9054,solved,0
0.0030909187,0.0030909187,1.4419697671e-04,0.0120082046,26,25,1.6929,1.9406,solved,0
0.0030947665,0.0030947665,1.4425589096e-04,0.0120106574,26,25,1.4612,1.6835,solved,0
0.0030986147,0.0030986147,1.4431504467e-04,0.0120131197,26,25,1.3713,1.5417,solved,0
0.0031024627,0.0031024627,1.4437442864e-04,0.0120155911,26,25,1.2597,1.4178,solved,0
0.0031063107,0.0031063107,1.4443404593e-04,0.0120180716,26,25,1.2415,1.3524,solved,0
0.0031101585,0.0031101585,1.4449389343e-04,0.0120205613,26,25,1.2608,1.3641,solved,0
0.0031140067,0.0031140067,1.4455398049e-04,0.0120230604,26,25,1.2553,1.3579,solved,0
0.0031178547,0.0031178547,1.4461429777e-04,0.0120255685,26,25,1.2669,1.4039,solved,0
0.0031217029,0.0031217029,1.4467485152e-04,0.0120280859,26,25,1.3466,1.5596,solved,0
0.0031255509,0.0031255509,1.4473563545e-04,0.0120306124,26,25,1.7639,2.0090,solved,0
0.0031293990,0.0031293990,1.4479665623e-04,0.0120331482,25,25,1.6795,1.9363,solved,0
0.0031332469,0.0031332469,1.4485792888e-04,0.0120356940,25,25,1.6751,1.9143,solved,0
0.0031370949,0.0031370949,1.4491946336e-04,0.0120382500,25,25,1.7299,2.0040,solved,0
0.0031409425,0.0031409425,1.4498125164e-04,0.0120408161,25,25,1.6732,1.9411,solved,0
0.0031447907,0.0031447907,1.4504330981e-04,0.0120433928,25,25,1.6808,1.9308,solved,0
0.0031486387,0.0031486387,1.4510562500e-04,0.0120459796,25,25,1.6559,1.9232,solved,0
0.0031524864,0.0031524864,1.4516819555e-04,0.0120485765,25,25,1.6638,1.9480,solved,0
0.0031563346,0.0031563346,1.4523103448e-04,0.0120511839,25,25,1.6461,1.9179,solved,0
0.0031601825,0.0031601825,1.4529412875e-04,0.0120538014,25,25,1.6558,1.9388,solved,0
0.0031640306,0.0031640306,1.4535748654e-04,0.0120564293,25,25,1.6382,1.8875,solved,0
0.0031678786,0.0031678786,1.4542110294e-04,0.0120590673,25,25,1.6247,1.8514,solved,0
0.0031717266,0.0031717266,1.4548497959e-04,0.0120617154,25,25,1.6215,1.8665,solved,0
0.0031755743,0.0031755743,1.4554911146e-04,0.0120643736,25,25,1.6664,1.9028,solved,0
0.0031794223,0.0031794223,1.4561350865e-04,0.0120670422,24,25,1.6774,1.9535,solved,0
0.0031832703,0.0031832703,1.4567817337e-04,0.0120697213,24,25,1.6443,1.9180,solved,0
0.0031871184,0.0031871184,1.4574311195e-04,0.0120724112,24,25,1.6415,1.9243,solved,0
0.0031909663,0.0031909663,1.4580831929e-04,0.0120751116,24,25,1.6334,1.8657,solved,0
0.0031948144,0.0031948144,1.4587380218e-04,0.0120778227,24,25,1.6625,1.8849,solved,0
0.0031986625,0.0031986625,1.4593955725e-04,0.0120805446,24,25,1.6707,1.9028,solved,0
0.0032025104,0.0032025104,1.4600558104e-04,0.0120832769,24,25,1.6592,1.8716,solved,0
0.0032063585,0.0032063585,1.4607188043e-04,0.0120860200,24,25,1.6775,1.8816,solved,0
0.0032102061,0.0032102061,1.4613844332e-04,0.0120887734,24,25,1.6912,1.9108,solved,0
0.0032140541,0.0032140541,1.4620528527e-04,0.0120915378,24,25,1.6696,1.9052,solved,0
0.0032179021,0.0032179021,1.4627239938e-04,0.0120943127,24,25,1.6655,1.8961,solved,0
0.0032217501,0.0032217501,1.4633978564e-04,0.0120970982,24,25,1.6308,1.8431,solved,0
0.0032255982,0.0032255982,1.4640744582e-04,0.0120998945,24,25,1.3389,1.5030,solved,0
0.0032294462,0.0032294462,1.4647537639e-04,0.0121027012,24,25,1.3895,1.5646,solved,0
0.0032332942,0.0032332942,1.4654357913e-04,0.0121055185,24,25,1.4247,1.5831,solved,0
0.0032371420,0.0032371420,1.4661205045e-04,0.0121083463,24,25,1.2768,1.3797,solved,0
0.0032409903,0.0032409903,1.4668080285e-04,0.0121111850,24,25,1.3525,1.4952,solved,0
0.0032448379,0.0032448379,1.4674981486e-04,0.0121140338,24,25,1.4252,1.6210,solved,0
0.0032486861,0.0032486861,1.4681910980e-04,0.0121168936,24,25,1.3818,1.5232,solved,0
0.0032525341,0.0032525341,1.4688867330e-04,0.0121197637,24,25,1.3303,1.4532,solved,0
0.0032563820,0.0032563820,1.4695850714e-04,0.0121226444,24,25,1.2459,1.3348,solved,0
0.0032602301,0.0032602301,1.4702861677e-04,0.0121255357,24,25,1.2537,1.3348,solved,0
0.0032640782,0.0032640782,1.4709899857e-04,0.0121284376,24,25,1.2528,1.3343,solved,0
0.0032679261,0.0032679261,1.4716964885e-04,0.0121313498,24,25,1.4369,1.6222,solved,0
0.0032717741,0.0032717741,1.4724057313e-04,0.0121342727,24,25,1.4489,1.6211,solved,0
0.0032756219,0.0032756219,1.4731176585e-04,0.0121372059,24,25,1.2953,1.4361,solved,0
0.0032794698,0.0032794698,1.4738323118e-04,0.0121401496,25,25,1.2755,1.3688,solved,0
0.0032833180,0.0032833180,1.4745496744e-04,0.0121431037,25,25,1.2776,1.3623,solved,0
0.0032871660,0.0032871660,1.4752696475e-04,0.0121460679,25,25,1.3156,1.4381,solved,0
0.0032910139,0.0032910139,1.4759922495e-04,0.0121490421,25,25,1.4055,1.6070,solved,0
0.0032948620,0.0032948620,1.4767175370e-04,0.0121520267,25,25,1.3474,1.5303,solved,0
0.0032987101,0.0032987101,1.4774454723e-04,0.0121550215,25,25,1.2630,1.3610,solved,0
0.0033025581,0.0033025581,1.4781760366e-04,0.0121580263,25,25,1.3430,1.4612,solved,0
0.0033064061,0.0033064061,1.4789092486e-04,0.0121610413,25,25,1.4352,1.5861,solved,0
0.0033102541,0.0033102541,1.4796451084e-04,0.0121640664,25,25,1.4616,1.6470,solved,0
0.0033141021,0.0033141021,1.4803836160e-04,0.0121671016,25,25,1.6856,1.9225,solved,0
0.0033179500,0.0033179500,1.4811247520e-04,0.0121701469,25,25,1.9235,2.1220,solved,0
0.0033217980,0.0033217980,1.4818685550e-04,0.0121732024,25,25,1.8060,1.9943,solved,0
0.0033256460,0.0033256460,1.4826150058e-04,0.0121762679,25,25,1.8945,2.0691,solved,0
0.0033294942,0.0033294942,1.4833641434e-04,0.0121793438,25,25,1.8987,2.0651,solved,0
0.0033333421,0.0033333421,1.4841158703e-04,0.0121824294,25,25,1.8505,2.0362,solved,0
0.0033371901,0.0033371901,1.4848702644e-04,0.0121855253,25,25,1.8875,2.0825,solved,0
0.0033410385,0.0033410385,1.4856273852e-04,0.0121886315,25,25,1.8405,2.0369,solved,0
0.0033448864,0.0033448864,1.4863870554e-04,0.0121917474,25,25,1.8575,1.9934,solved,0
0.0033487344,0.0033487344,1.4871493931e-04,0.0121948735,25,25,1.8445,1.9625,solved,0
0.0033525823,0.0033525823,1.4879143586e-04,0.0121980095,25,25,1.8502,2.0434,solved,0
0.0033564304,0.0033564304,1.4886820118e-04,0.0122011557,25,25,1.8848,2.0523,solved,0
0.0033602783,0.0033602783,1.4894522727e-04,0.0122043118,25,25,1.8287,1.9689,solved,0
0.0033641264,0.0033641264,1.4902252215e-04,0.0122074781,25,25,1.8479,1.9667,solved,0
0.0033679745,0.0033679745,1.4910008183e-04,0.0122106544,25,25,1.8596,2.0287,solved,0
0.0033718225,0.0033718225,1.4917790426e-04,0.0122138407,25,25,1.8849,2.0971,solved,0
0.0033756704,0.0033756704,1.4925598944e-04,0.0122170369,25,25,1.8685,2.0727,solved,0
0.0033795185,0.0033795185,1.4933434347e-04,0.0122202432,25,25,1.8425,2.0731,solved,0
0.0033833666,0.0033833666,1.4941296228e-04,0.0122234595,25,25,1.9164,2.1377,solved,0
0.0033872143,0.0033872143,1.4949183767e-04,0.0122266855,25,25,1.8726,2.0939,solved,0
0.0033910624,0.0033910624,1.4957098604e-04,0.0122299218,25,25,1.8982,2.0825,solved,0
0.0033949105,0.0033949105,1.4965039920e-04,0.0122331680,25,25,1.8534,2.0166,solved,0
0.0033987585,0.0033987585,1.4973007508e-04,0.0122364241,25,25,1.8831,2.0661,solved,0
0.0034026064,0.0034026064,1.4981001365e-04,0.0122396901,25,25,1.8529,2.0036,solved,0
0.0034064545,0.0034064545,1.4989022116e-04,0.0122429662,25,25,1.8428,1.9992,solved,0
0.0034103026,0.0034103026,1.4997069346e-04,0.0122462522,25,25,1.8390,2.0032,solved,0
0.0034141505,0.0034141505,1.5005142635e-04,0.0122495480,25,25,1.8966,2.0698,solved,0
0.0034179986,0.0034179986,1.5013242822e-04,0.0122528539,25,25,1.8348,1.9803,solved,0
0.0034218464,0.0034218464,1.5021368853e-04,0.0122561694,25,25,1.8197,1.9383,solved,0
0.0034256945,0.0034256945,1.5029521996e-04,0.0122594951,25,25,1.8295,2.0556,solved,0
0.0034295425,0.0034295425,1.5037701405e-04,0.0122628306,25,25,1.8955,2.0823,solved,0
0.0034333906,0.0034333906,1.5045907505e-04,0.0122661761,25,25,1.8435,1.9820,solved,0
0.0034372386,0.0034372386,1.5054139871e-04,0.0122695313,25,25,1.8301,1.9511,solved,0
0.0034410866,0.0034410866,1.5062398713e-04,0.0122728964,25,25,1.8645,2.0549,solved,0
0.0034449348,0.0034449348,1.5070684465e-04,0.0122762716,25,25,1.9352,2.1500,solved,0
0.0034487829,0.0034487829,1.5078996481e-04,0.0122796565,25,25,1.8162,1.9637,solved,0
0.0034526309,0.0034526309,1.5087334759e-04,0.0122830512,25,25,1.8267,1.9419,solved,0
0.0034564787,0.0034564787,1.5095699080e-04,0.0122864556,25,25,1.8788,2.0384,solved,0
0.0034603267,0.0034603267,1.5104090312e-04,0.0122898699,25,25,1.8359,2.0055,solved,0
0.0034641749,0.0034641749,1.5112508459e-04,0.0122932943,25,25,1.8889,2.0760,solved,0
0.0034680228,0.0034680228,1.5120952428e-04,0.0122967282,25,25,1.8425,2.0337,solved,0
0.0034718708,0.0034718708,1.5129423094e-04,0.0123001720,25,25,1.8857,2.0725,solved,0
0.0034757189,0.0034757189,1.5137920459e-04,0.0123036257,25,25,1.8966,2.0830,solved,0
0.0034795669,0.0034795669,1.5146444081e-04,0.0123070890,25,25,1.8298,2.0277,solved,0
0.0034834149,0.0034834149,1.5154994180e-04,0.0123105622,24,25,1.8958,2.1207,solved,0
0.0034872629,0.0034872629,1.5163571078e-04,0.0123140453,24,25,2.0169,2.2286,solved,0
0.0034911109,0.0034911109,1.5172175094e-04,0.0123175383,24,25,1.8053,1.9969,solved,0
0.0034949588,0.0034949588,1.5180806004e-04,0.0123210414,24,25,1.6591,1.8786,solved,0
0.0034988068,0.0034988068,1.5189464257e-04,0.0123245545,24,25,1.6239,1.9002,solved,0
0.0035026548,0.0035026548,1.5198149629e-04,0.0123280776,24,25,1.4798,1.7196,solved,0
0.0035065029,0.0035065029,1.5206862346e-04,0.0123316107,24,25,1.4442,1.6355,solved,0
0.0035103509,0.0035103509,1.5215601956e-04,0.0123351538,24,25,1.3216,1.4713,solved,0
0.0035141990,0.0035141990,1.5224368913e-04,0.0123387069,24,25,1.3072,1.4896,solved,0
0.0035180469,0.0035180469,1.5233162532e-04,0.0123422699,24,25,1.5965,1.8259,solved,0
0.0035218950,0.0035218950,1.5241983728e-04,0.0123458429,24,25,1.3958,1.6006,solved,0
0.0035257430,0.0035257430,1.5250831814e-04,0.0123494258,24,25,1.2743,1.4062,solved,0
0.0035295909,0.0035295909,1.5259706788e-04,0.0123530186,24,25,1.4564,1.6426,solved,0
0.0035334388,0.0035334388,1.5268608879e-04,0.0123566213,24,25,1.5732,1.8261,solved,0
0.0035372870,0.0035372870,1.5277538784e-04,0.0123602341,24,25,1.4403,1.6849,solved,0
0.0035411350,0.0035411350,1.5286495345e-04,0.0123638567,24,25,1.3994,1.6087,solved,0
0.0035449831,0.0035449831,1.5295479259e-04,0.0123674893,24,25,1.4885,1.6864,solved,0
0.0035488311,0.0035488311,1.5304490058e-04,0.0123711317,24,25,1.3514,1.6003,solved,0
0.0035526791,0.0035526791,1.5313527976e-04,0.0123747840,24,25,1.3972,1.6020,solved,0
0.0035565273,0.0035565273,1.5322593485e-04,0.0123784464,24,25,1.3431,1.5197,solved,0
0.0035603750,0.0035603750,1.5331684932e-04,0.0123821181,24,25,1.4140,1.5910,solved,0
0.0035642230,0.0035642230,1.5340804206e-04,0.0123858000,24,25,1.4491,1.6349,solved,0
0.0035680710,0.0035680710,1.5349950599e-04,0.0123894918,24,25,1.3038,1.4674,solved,0
0.0035719192,0.0035719192,1.5359124587e-04,0.0123931935,24,25,1.5342,1.7451,solved,0
0.0035757672,0.0035757672,1.5368325219e-04,0.0123969049,24,25,1.3722,1.5658,solved,0
0.0035796151,0.0035796151,1.5377552729e-04,0.0124006261,24,25,1.3072,1.4272,solved,0
0.0035834631,0.0035834631,1.5386807597e-04,0.0124043571,24,25,1.4226,1.5741,solved,0
0.0035873114,0.0035873114,1.5396090309e-04,0.0124080983,24,25,1.6476,1.9346,solved,0
0.0035911593,0.0035911593,1.5405399175e-04,0.0124118488,24,25,1.4546,1.7653,solved,0
0.0035950071,0.0035950071,1.5414734915e-04,0.0124156091,24,25,1.3664,1.5297,solved,0
0.0035988550,0.0035988550,1.5424098015e-04,0.0124193792,24,25,1.3028,1.4154,solved,0
0.0036027028,0.0036027028,1.5433487988e-04,0.0124231590,24,25,1.2439,1.3274,solved,0
0.0036065514,0.0036065514,1.5442907038e-04,0.0124269494,24,25,1.2303,1.3188,solved,0
0.0036103990,0.0036103990,1.5452350756e-04,0.0124307485,24,25,1.3695,1.5801,solved,0
0.0036142473,0.0036142473,1.5461823314e-04,0.0124345580,24,25,1.5722,1.7843,solved,0
0.0036180951,0.0036180951,1.5471321758e-04,0.0124383768,24,25,1.4547,1.6871,solved,0
0.0036219436,0.0036219436,1.5480849054e-04,0.0124422060,24,25,1.2558,1.3706,solved,0
0.0036257913,0.0036257913,1.5490401487e-04,0.0124460441,24,25,1.2302,1.3149,solved,0
0.0036296396,0.0036296396,1.5499982530e-04,0.0124498926,24,25,1.3883,1.5230,solved,0
0.0036334871,0.0036334871,1.5509588696e-04,0.0124537499,24,25,1.4159,1.6576,solved,0
0.0036373353,0.0036373353,1.5519223729e-04,0.0124576176,24,25,1.6246,1.8469,solved,0
0.0036411835,0.0036411835,1.5528885883e-04,0.0124614950,24,25,1.3318,1.5195,solved,0
0.0036450312,0.0036450312,1.5538573899e-04,0.0124653816,24,25,1.3847,1.5891,solved,0
0.0036488795,0.0036488795,1.5548290546e-04,0.0124692785,24,25,1.3765,1.5392,solved,0
0.0036527275,0.0036527275,1.5558033555e-04,0.0124731847,24,25,1.2319,1.3337,solved,0
0.0036565757,0.0036565757,1.5567804192e-04,0.0124771007,24,25,1.2977,1.4569,solved,0
0.0036604235,0.0036604235,1.5577600930e-04,0.0124810260,24,25,1.5666,1.8026,solved,0
0.0036642718,0.0036642718,1.5587426063e-04,0.0124849614,24,25,1.5694,1.8130,solved,0
0.0036681193,0.0036681193,1.5597276267e-04,0.0124889056,24,25,1.3747,1.5454,solved,0
0.0036719673,0.0036719673,1.5607154869e-04,0.0124928599,24,25,1.2412,1.3478,solved,0
0.0036758155,0.0036758155,1.5617061106e-04,0.0124968240,24,25,1.2208,1.2977,solved,0
0.0036796632,0.0036796632,1.5626993171e-04,0.0125007972,24,25,1.2288,1.3047,solved,0
0.0036835115,0.0036835115,1.5636953906e-04,0.0125047806,24,25,1.6140,1.8226,solved,0
0.0036873595,0.0036873595,1.5646940984e-04,0.0125087733,24,25,1.5684,1.8352,solved,0
0.0036912078,0.0036912078,1.5656955963e-04,0.0125127759,24,25,1.3565,1.5285,solved,0
0.0036950555,0.0036950555,1.5666996498e-04,0.0125167873,24,25,1.2339,1.3336,solved,0
0.0036989037,0.0036989037,1.5677065456e-04,0.0125208089,24,25,1.2586,1.3531,solved,0
0.0037027515,0.0037027515,1.5687160486e-04,0.0125248395,24,25,1.2930,1.4161,solved,0
0.0037065993,0.0037065993,1.5697282632e-04,0.0125288797,24,25,1.4580,1.7328,solved,0
0.0037104475,0.0037104475,1.5707432950e-04,0.0125329298,24,25,1.5872,1.8079,solved,0
0.0037142953,0.0037142953,1.5717609330e-04,0.0125369890,24,25,1.3047,1.4584,solved,0
0.0037181437,0.0037181437,1.5727814419e-04,0.0125410583,24,25,1.4183,1.6150,solved,0
0.0037219915,0.0037219915,1.5738045036e-04,0.0125451365,24,25,1.3414,1.5320,solved,0
0.0037258398,0.0037258398,1.5748304103e-04,0.0125492247,24,25,1.3135,1.4637,solved,0
0.0037296876,0.0037296876,1.5758588955e-04,0.0125533219,24,25,1.4319,1.6035,solved,0
0.0037335361,0.0037335361,1.5768902801e-04,0.0125574292,24,25,1.5051,1.7888,solved,0
0.0037373837,0.0037373837,1.5779241352e-04,0.0125615450,24,25,1.3811,1.6100,solved,0
0.0037412314,0.0037412314,1.5789607285e-04,0.0125656704,24,25,1.4275,1.6494,solved,0
0.0037450797,0.0037450797,1.5800001956e-04,0.0125698059,24,25,1.2980,1.4370,solved,0
0.0037489274,0.0037489274,1.5810422123e-04,0.0125739501,24,25,1.2668,1.3640,solved,0
0.0037527760,0.0037527760,1.5820871851e-04,0.0125781047,24,25,1.4325,1.6072,solved,0
0.0037566237,0.0037566237,1.5831346254e-04,0.0125822678,24,25,1.5254,1.7816,solved,0
0.0037604720,0.0037604720,1.5841849410e-04,0.0125864409,24,25,1.4287,1.6085,solved,0
0.0037643197,0.0037643197,1.5852378046e-04,0.0125906227,24,25,1.2702,1.3807,solved,0
0.0037681683,0.0037681683,1.5862936269e-04,0.0125948149,24,25,1.2477,1.3277,solved,0
0.0037720157,0.0037720157,1.5873518314e-04,0.0125990152,24,25,1.2576,1.3361,solved,0
0.0037758635,0.0037758635,1.5884128573e-04,0.0126032252,24,25,1.4025,1.6272,solved,0
0.0037797117,0.0037797117,1.5894767056e-04,0.0126074450,24,25,1.5103,1.8082,solved,0
0.0037835597,0.0037835597,1.5905432106e-04,0.0126116740,24,25,1.5879,1.8428,solved,0
0.0037874080,0.0037874080,1.5916125109e-04,0.0126159126,24,25,1.2746,1.4304,solved,0
0.0037912557,0.0037912557,1.5926843561e-04,0.0126201599,24,25,1.3179,1.4381,solved,0
0.0037951040,0.0037951040,1.5937590806e-04,0.0126244171,24,25,1.4231,1.6269,solved,0
0.0037989519,0.0037989519,1.5948364052e-04,0.0126286832,24,25,1.4584,1.6740,solved,0
0.0038028002,0.0038028002,1.5959165540e-04,0.0126329591,24,25,1.2551,1.3811,solved,0
0.0038066477,0.0038066477,1.5969991897e-04,0.0126372433,24,25,1.2578,1.3545,solved,0
0.0038104955,0.0038104955,1.5980846213e-04,0.0126415372,24,25,1.3290,1.4747,solved,0
0.0038143437,0.0038143437,1.5991728778e-04,0.0126458407,24,25,1.3776,1.5618,solved,0
0.0038181918,0.0038181918,1.6002638181e-04,0.0126501534,24,25,7.9135,9.4711,solved,0
0.0038220401,0.0038220401,1.6013575272e-04,0.0126544756,24,25,1.9995,2.2873,solved,0
0.0038258879,0.0038258879,1.6024538061e-04,0.0126588064,24,25,2.0044,2.2600,solved,0
0.0038297361,0.0038297361,1.6035529109e-04,0.0126631470,24,25,3.8661,4.2911,solved,0
0.0038335842,0.0038335842,1.6046546992e-04,0.0126674966,24,25,1.7590,2.0171,solved,0
0.0038374324,0.0038374324,1.6057592283e-04,0.0126718555,24,25,1.9597,2.2674,solved,0
0.0038412800,0.0038412800,1.6068662967e-04,0.0126762230,24,25,1.7475,2.0176,solved,0
0.0038451277,0.0038451277,1.6079761053e-04,0.0126805998,24,25,1.7771,2.1077,solved,0
0.0038489762,0.0038489762,1.6090888569e-04,0.0126849866,24,25,1.6565,1.9561,solved,0
0.0038528240,0.0038528240,1.6102041180e-04,0.0126893819,24,25,1.3921,1.6079,solved,0
0.0038566722,0.0038566722,1.6113222070e-04,0.0126937867,24,25,1.9214,2.1727,solved,0
0.0038605199,0.0038605199,1.6124428624e-04,0.0126982001,24,25,1.7298,2.0424,solved,0
0.0038643685,0.0038643685,1.6135664923e-04,0.0127026237,24,25,1.8534,2.1507,solved,0
0.0038682161,0.0038682161,1.6146925420e-04,0.0127070553,24,25,2.1138,2.4401,solved,0
0.0038720644,0.0038720644,1.6158215085e-04,0.0127114968,24,25,1.8559,2.1778,solved,0
0.0038759120,0.0038759120,1.6169529813e-04,0.0127159466,24,25,1.7580,2.1245,solved,0
0.0038797597,0.0038797597,1.6180871949e-04,0.0127204056,24,25,1.7313,2.0934,solved,0
0.0038836082,0.0038836082,1.6192243566e-04,0.0127248747,24,25,1.4747,1.9107,solved,0
0.0038874560,0.0038874560,1.6203640233e-04,0.0127293520,24,25,1.2506,1.3636,solved,0
0.0038913041,0.0038913041,1.6215064908e-04,0.0127338387,24,25,1.2973,1.4234,solved,0
0.0038951519,0.0038951519,1.6226515809e-04,0.0127383342,24,25,1.2648,1.3694,solved,0
0.0038990004,0.0038990004,1.6237995917e-04,0.0127428395,24,25,1.3311,1.5037,solved,0
0.0039028481,0.0039028481,1.6249500756e-04,0.0127473530,24,25,1.4814,1.7212,solved,0
0.0039066964,0.0039066964,1.6261034509e-04,0.0127518761,24,25,1.2780,1.4155,solved,0
0.0039105441,0.0039105441,1.6272593582e-04,0.0127564076,24,25,1.2617,1.3739,solved,0
0.0039143924,0.0039143924,1.6284181577e-04,0.0127609489,24,25,1.2343,1.3413,solved,0
0.0039182406,0.0039182406,1.6295796393e-04,0.0127654990,24,25,1.4107,1.6047,solved,0
0.0039220883,0.0039220883,1.6307436817e-04,0.0127700575,24,25,1.4130,1.6165,solved,0
0.0039259365,0.0039259365,1.6319105873e-04,0.0127746256,24,25,1.5329,1.7379,solved,0
0.0039297839,0.0039297839,1.6330799616e-04,0.0127792017,24,25,1.2820,1.4258,solved,0
0.0039336324,0.0039336324,1.6342523825e-04,0.0127837881,24,25,1.2525,1.3712,solved,0
0.0039374802,0.0039374802,1.6354273019e-04,0.0127883826,24,25,1.2544,1.3806,solved,0
0.0039413280,0.0039413280,1.6366049330e-04,0.0127929861,24,25,1.5406,1.7601,solved,0
0.0039451760,0.0039451760,1.6377853370e-04,0.0127975987,24,25,1.5557,1.8128,solved,0
0.0039490241,0.0039490241,1.6389684838e-04,0.0128022204,24,25,1.4554,1.6803,solved,0
0.0039528724,0.0039528724,1.6401544042e-04,0.0128068513,24,25,1.2858,1.4307,solved,0
0.0039567202,0.0039567202,1.6413428823e-04,0.0128114905,24,25,1.4086,1.5765,solved,0
0.0039605683,0.0039605683,1.6425341651e-04,0.0128161389,24,25,1.3143,1.4956,solved,0
0.0039644164,0.0039644164,1.6437281598e-04,0.0128207962,24,25,1.3452,1.5166,solved,0
0.0039682646,0.0039682646,1.6449248977e-04,0.0128254626,24,25,1.3130,1.4786,solved,0
0.0039721123,0.0039721123,1.6461241917e-04,0.0128301371,24,25,1.3494,1.5182,solved,0
0.0039759606,0.0039759606,1.6473263848e-04,0.0128348213,24,25,1.3692,1.5655,solved,0
0.0039798086,0.0039798086,1.6485311962e-04,0.0128395140,24,25,1.4223,1.6342,solved,0
0.0039836564,0.0039836564,1.6497386567e-04,0.0128442153,24,25,1.2700,1.4001,solved,0
0.0039875046,0.0039875046,1.6509489546e-04,0.0128489258,24,25,1.3198,1.5013,solved,0
0.0039913523,0.0039913523,1.6521618070e-04,0.0128536446,24,25,1.2785,1.4111,solved,0
0.0039952008,0.0039952008,1.6533776238e-04,0.0128583732,24,25,1.3514,1.5911,solved,0
0.0039990482,0.0039990482,1.6545958046e-04,0.0128631093,24,25,1.3343,1.5083,solved,0
0.0040028965,0.0040028965,1.6558169823e-04,0.0128678552,24,25,1.2633,1.4014,solved,0
0.0040067444,0.0040067444,1.6570407449e-04,0.0128726095,24,25,1.2580,1.4319,solved,0
0.0040105921,0.0040105921,1.6582671555e-04,0.0128773722,24,25,1.3776,1.6324,solved,0
0.0040144406,0.0040144406,1.6594965333e-04,0.0128821447,24,25,1.3253,1.5377,solved,0
0.0040182884,0.0040182884,1.6607283994e-04,0.0128869252,24,25,1.2545,1.3415,solved,0
0.0040221365,0.0040221365,1.6619630734e-04,0.0128917147,24,25,1.2285,1.3018,solved,0
0.0040259843,0.0040259843,1.6632003629e-04,0.0128965126,24,25,1.2209,1.2911,solved,0
0.0040298328,0.0040298328,1.6644405898e-04,0.0129013200,24,25,1.2491,1.3212,solved,0
0.0040336806,0.0040336806,1.6656833030e-04,0.0129061354,24,25,1.3315,1.5229,solved,0
0.0040375288,0.0040375288,1.6669288574e-04,0.0129109599,24,25,1.4412,1.6625,solved,0
0.0040413765,0.0040413765,1.6681769616e-04,0.0129157925,24,25,1.2336,1.3433,solved,0
0.0040452250,0.0040452250,1.6694280375e-04,0.0129206348,24,25,1.2209,1.2958,solved,0
0.0040490727,0.0040490727,1.6706815652e-04,0.0129254848,24,25,1.4633,1.6111,solved,0
0.0040529205,0.0040529205,1.6719378370e-04,0.0129303435,24,25,1.3714,1.5445,solved,0
0.0040567688,0.0040567688,1.6731969841e-04,0.0129352116,24,25,1.2287,1.3429,solved,0
0.0040606168,0.0040606168,1.6744587451e-04,0.0129400879,24,25,1.2131,1.2904,solved,0
0.0040644650,0.0040644650,1.6757232838e-04,0.0129449731,24,25,1.2887,1.4097,solved,0
0.0040683127,0.0040683127,1.6769903698e-04,0.0129498663,24,25,1.2667,1.3661,solved,0
0.0040721606,0.0040721606,1.6782602333e-04,0.0129547684,24,25,1.2469,1.3412,solved,0
0.0040760084,0.0040760084,1.6795327754e-04,0.0129596789,24,25,1.2637,1.3765,solved,0
0.0040798564,0.0040798564,1.6808080955e-04,0.0129645983,24,25,1.2823,1.4016,solved,0
0.0040837045,0.0040837045,1.6820861608e-04,0.0129695264,24,25,1.4819,1.7273,solved,0
0.0040875524,0.0040875524,1.6833668714e-04,0.0129744629,24,25,1.2496,1.3636,solved,0
0.0040914006,0.0040914006,1.6846503939e-04,0.0129794083,24,25,1.3020,1.4080,solved,0
0.0040952487,0.0040952487,1.6859365951e-04,0.0129843621,24,25,1.2433,1.3345,solved,0
0.0040990971,0.0040990971,1.6872256089e-04,0.0129893249,24,25,1.2970,1.4597,solved,0
0.0041029447,0.0041029447,1.6885170664e-04,0.0129942952,24,25,1.4627,1.6996,solved,0
0.0041067930,0.0041067930,1.6898114709e-04,0.0129992749,24,25,1.3097,1.4935,solved,0
0.0041106411,0.0041106411,1.6911085202e-04,0.0130042628,24,25,1.3041,1.4594,solved,0
0.0041144892,0.0041144892,1.6924082815e-04,0.0130092593,24,25,1.2964,1.4926,solved,0
0.0041183370,0.0041183370,1.6937106532e-04,0.0130142639,24,25,1.2881,1.4757,solved,0
0.0041221847,0.0041221847,1.6950157025e-04,0.0130192769,24,25,1.3474,1.5439,solved,0
0.0041260332,0.0041260332,1.6963237355e-04,0.0130242993,24,25,1.3429,1.5569,solved,0
0.0041298811,0.0041298811,1.6976342764e-04,0.0130293295,24,25,1.2643,1.3902,solved,0
0.0041337291,0.0041337291,1.6989475633e-04,0.0130343683,24,25,1.2278,1.3470,solved,0
0.0041375769,0.0041375769,1.7002634936e-04,0.0130394152,24,25,1.2338,1.3429,solved,0
0.0041414248,0.0041414248,1.7015821698e-04,0.0130444707,24,25,1.3695,1.5277,solved,0
0.0041452729,0.0041452729,1.7029036265e-04,0.0130495350,24,25,1.2884,1.4287,solved,0
0.0041491206,0.0041491206,1.7042276575e-04,0.0130546071,24,25,1.3280,1.5157,solved,0
0.0041529688,0.0041529688,1.7055545724e-04,0.0130596883,24,25,1.2434,1.3694,solved,0
0.0041568166,0.0041568166,1.7068840612e-04,0.0130647773,24,25,1.2691,1.3996,solved,0
0.0041606651,0.0041606651,1.7082165042e-04,0.0130698757,24,25,1.3924,1.6000,solved,0
0.0041645128,0.0041645128,1.7095513819e-04,0.0130749814,24,25,1.4505,1.6519,solved,0
0.0041683610,0.0041683610,1.7108891451e-04,0.0130800961,24,25,1.2478,1.3799,solved,0
0.0041722087,0.0041722087,1.7122294461e-04,0.0130852186,24,25,1.2827,1.4235,solved,0
0.0041760573,0.0041760573,1.7135727730e-04,0.0130903505,24,25,1.2627,1.3924,solved,0
0.0041799050,0.0041799050,1.7149184976e-04,0.0130954897,24,25,1.4152,1.5852,solved,0
0.0041837532,0.0041837532,1.7162671090e-04,0.0131006378,24,25,1.3911,1.6213,solved,0
0.0041876009,0.0041876009,1.7176182568e-04,0.0131057936,24,25,1.4788,1.6705,solved,0
0.0041914491,0.0041914491,1.7189722922e-04,0.0131109584,24,25,1.7195,1.9994,solved,0
0.0041952975,0.0041952975,1.7203291103e-04,0.0131161317,24,25,1.6526,1.9086,solved,0
0.0041991453,0.0041991453,1.7216884896e-04,0.0131213128,23,25,1.6446,1.8882,solved,0
0.0042029934,0.0042029934,1.7230508279e-04,0.0131265031,23,25,1.6344,1.8679,solved,0
0.0042068416,0.0042068416,1.7244160554e-04,0.0131317023,23,25,1.6419,1.8690,solved,0
0.0042106888,0.0042106888,1.7257837807e-04,0.0131369090,23,25,1.6678,1.9372,solved,0
0.0042145370,0.0042145370,1.7271547149e-04,0.0131421258,23,25,1.6359,1.8631,solved,0
0.0042183853,0.0042183853,1.7285285385e-04,0.0131473516,23,25,1.6660,1.8944,solved,0
0.0042222334,0.0042222334,1.7299051444e-04,0.0131525858,23,25,1.6303,1.8534,solved,0
0.0042260815,0.0042260815,1.7312846039e-04,0.0131578289,23,25,1.6364,1.8807,solved,0
0.0042299293,0.0042299293,1.7326668091e-04,0.0131630802,23,25,1.6333,1.8803,solved,0
0.0042337773,0.0042337773,1.7340519395e-04,0.0131683406,23,25,1.6545,1.8658,solved,0
0.0042376255,0.0042376255,1.7354399955e-04,0.0131736100,23,25,1.6247,1.8514,solved,0
0.0042414737,0.0042414737,1.7368309053e-04,0.0131788881,23,25,1.6542,1.9469,solved,0
0.0042453214,0.0042453214,1.7382244875e-04,0.0131841742,23,25,1.6248,1.9554,solved,0
0.0042491695,0.0042491695,1.7396210680e-04,0.0131894695,23,25,1.3607,1.5592,solved,0
0.0042530176,0.0042530176,1.7410205021e-04,0.0131947736,23,25,1.2469,1.3659,solved,0
0.0042568657,0.0042568657,1.7424227898e-04,0.0132000863,23,25,1.2568,1.3614,solved,0
0.0042607140,0.0042607140,1.7438280042e-04,0.0132054080,23,25,1.2392,1.3421,solved,0
0.0042645617,0.0042645617,1.7452358527e-04,0.0132107375,23,25,1.2289,1.3277,solved,0
0.0042684099,0.0042684099,1.7466467376e-04,0.0132160763,23,25,1.2339,1.3364,solved,0
0.0042722581,0.0042722581,1.7480604763e-04,0.0132214238,23,25,1.3447,1.4985,solved,0
0.0042761060,0.0042761060,1.7494769582e-04,0.0132267795,23,25,1.3094,1.4373,solved,0
0.0042799538,0.0042799538,1.7508962565e-04,0.0132321437,23,25,1.2293,1.3251,solved,0
0.0042838016,0.0042838016,1.7523184079e-04,0.0132375164,23,25,1.2474,1.3422,solved,0
0.0042876497,0.0042876497,1.7537435236e-04,0.0132428982,23,25,1.3439,1.4909,solved,0
0.0042914980,0.0042914980,1.7551715673e-04,0.0132482888,23,25,1.2802,1.4133,solved,0
0.0042953461,0.0042953461,1.7566023903e-04,0.0132536878,23,25,1.2390,1.3495,solved,0
0.0042991941,0.0042991941,1.7580360296e-04,0.0132590951,23,25,1.3062,1.4483,solved,0
0.0043030419,0.0043030419,1.7594724477e-04,0.0132645107,23,25,1.2794,1.4016,solved,0
0.0043068901,0.0043068901,1.7609118686e-04,0.0132699355,23,25,1.2302,1.3378,solved,0
0.0043107382,0.0043107382,1.7623541058e-04,0.0132753686,23,25,1.2474,1.3445,solved,0
0.0043145864,0.0043145864,1.7637992341e-04,0.0132808103,23,25,1.2462,1.3453,solved,0
0.0043184345,0.0043184345,1.7652471785e-04,0.0132862605,23,25,1.2487,1.3625,solved,0
0.0043222822,0.0043222822,1.7666978255e-04,0.0132917186,23,25,1.2213,1.3264,solved,0
0.0043261303,0.0043261303,1.7681514768e-04,0.0132971857,23,25,1.3040,1.4342,solved,0
0.0043299785,0.0043299785,1.7696080195e-04,0.0133026615,23,25,1.2717,1.3937,solved,0
0.0043338268,0.0043338268,1.7710674539e-04,0.0133081458,23,25,1.2332,1.3350,solved,0
0.0043376749,0.0043376749,1.7725296662e-04,0.0133136384,23,25,1.2508,1.3489,solved,0
0.0043415224,0.0043415224,1.7739945033e-04,0.0133191385,23,25,1.2519,1.3478,solved,0
0.0043453707,0.0043453707,1.7754624986e-04,0.0133246482,23,25,1.2361,1.3296,solved,0
0.0043492188,0.0043492188,1.7769332713e-04,0.0133301661,23,25,1.2395,1.3377,solved,0
0.0043530661,0.0043530661,1.7784065909e-04,0.0133356912,23,25,1.2840,1.4126,solved,0
0.0043569144,0.0043569144,1.7798831470e-04,0.0133412261,23,25,1.3025,1.4240,solved,0
0.0043607626,0.0043607626,1.7813625184e-04,0.0133467693,23,25,1.2277,1.3281,solved,0
0.0043646105,0.0043646105,1.7828446279e-04,0.0133523205,23,25,1.2445,1.3408,solved,0
0.0043684587,0.0043684587,1.7843297066e-04,0.0133578805,23,25,1.2922,1.3903,solved,0
0.0043723065,0.0043723065,1.7858175395e-04,0.0133634484,22,25,1.2267,1.3214,solved,0
0.0043761546,0.0043761546,1.7873085267e-04,0.0133690259,22,25,1.2983,1.4289,solved,0
0.0043800029,0.0043800029,1.7888026353e-04,0.0133746126,22,25,1.3156,1.4631,solved,0
0.0043838512,0.0043838512,1.7902997880e-04,0.0133802085,22,25,1.2418,1.3851,solved,0
0.0043876987,0.0043876987,1.7917996725e-04,0.0133858122,22,25,1.2297,1.3263,solved,0
0.0043915471,0.0043915471,1.7933029517e-04,0.0133914262,22,25,1.2416,1.3392,solved,0
0.0043953954,0.0043953954,1.7948092358e-04,0.0133970491,22,25,1.2371,1.3345,solved,0
0.0043992434,0.0043992434,1.7963184463e-04,0.0134026805,22,25,1.2634,1.3643,solved,0
0.0044030912,0.0044030912,1.7978306216e-04,0.0134083206,22,25,1.2357,1.3346,solved,0
0.0044069394,0.0044069394,1.7993459978e-04,0.0134139703,22,25,1.2965,1.4234,solved,0
0.0044107874,0.0044107874,1.8008643389e-04,0.0134196287,22,25,1.2328,1.3435,solved,0
0.0044146357,0.0044146357,1.8023858423e-04,0.0134252964,22,25,1.2411,1.3380,solved,0
0.0044184840,0.0044184840,1.8039103898e-04,0.0134309731,22,25,1.3168,1.4561,solved,0
0.0044223315,0.0044223315,1.8054376634e-04,0.0134366576,22,25,1.2558,1.3794,solved,0
0.0044261795,0.0044261795,1.8069681788e-04,0.0134423516,22,25,1.2330,1.3337,solved,0
0.0044300278,0.0044300278,1.8085018574e-04,0.0134480551,22,25,1.2526,1.3559,solved,0
0.0044338756,0.0044338756,1.8100383803e-04,0.0134537667,22,25,1.2898,1.4155,solved,0
0.0044377235,0.0044377235,1.8115779864e-04,0.0134594873,22,25,1.3358,1.4728,solved,0
0.0044415719,0.0044415719,1.8131208366e-04,0.0134652175,22,25,1.2507,1.3633,solved,0
0.0044454201,0.0044454201,1.8146666505e-04,0.0134709564,22,25,1.2372,1.3321,solved,0
0.0044492677,0.0044492677,1.8162152666e-04,0.0134767031,22,25,1.2198,1.3101,solved,0
0.0044531160,0.0044531160,1.8177672082e-04,0.0134824597,22,25,1.6554,1.8170,solved,0
0.0044569642,0.0044569642,1.8193221533e-04,0.0134882251,22,25,1.8846,2.0635,solved,0
0.0044608122,0.0044608122,1.8208800613e-04,0.0134939989,22,25,1.8666,2.0962,solved,0
0.0044646601,0.0044646601,1.8224411720e-04,0.0134997821,21,25,1.9307,2.1289,solved,0
0.0044685084,0.0044685084,1.8240059757e-04,0.0135055765,21,25,1.8873,2.0681,solved,0
0.0044723564,0.0044723564,1.8255741900e-04,0.0135113811,21,25,1.9119,2.0931,solved,0
0.0044762047,0.0044762047,1.8271460596e-04,0.0135171967,21,25,1.8907,2.0661,solved,0
0.0044800524,0.0044800524,1.8287212163e-04,0.0135230219,21,25,1.8851,2.0575,solved,0
0.0044839005,0.0044839005,1.8303000694e-04,0.0135288583,21,25,1.8734,2.0519,solved,0
0.0044877487,0.0044877487,1.8318824963e-04,0.0135347054,21,25,1.8953,2.0801,solved,0
0.0044915963,0.0044915963,1.8334682086e-04,0.0135405621,21,25,1.8785,2.0592,solved,0
0.0044954446,0.0044954446,1.8350577421e-04,0.0135464303,21,25,1.9187,2.1001,solved,0
0.0044992924,0.0044992924,1.8366506015e-04,0.0135523083,21,25,1.8846,2.0789,solved,0
0.0045031404,0.0045031404,1.8382470761e-04,0.0135581971,21,25,1.9079,2.1029,solved,0
0.0045069887,0.0045069887,1.8398472082e-04,0.0135640968,21,25,1.8978,2.0892,solved,0
0.0045108366,0.0045108366,1.8414507064e-04,0.0135700063,21,25,1.8814,2.0758,solved,0
0.0045146849,0.0045146849,1.8430579043e-04,0.0135759269,21,25,1.8633,2.0722,solved,0
0.0045185332,0.0045185332,1.8446686352e-04,0.0135818579,21,25,1.8724,2.0436,solved,0
0.0045223811,0.0045223811,1.8462827313e-04,0.0135877987,21,25,1.9126,2.1032,solved,0
0.0045262294,0.0045262294,1.8479005280e-04,0.0135937505,21,25,1.8872,2.1033,solved,0
0.0045300769,0.0045300769,1.8495215205e-04,0.0135997115,21,25,1.9025,2.0911,solved,0
0.0045339252,0.0045339252,1.8511463826e-04,0.0136056840,21,25,1.8708,2.0363,solved,0
0.0045377735,0.0045377735,1.8527747779e-04,0.0136116670,21,25,1.8519,2.1068,solved,0
0.0045416214,0.0045416214,1.8544065365e-04,0.0136176596,21,25,1.8394,1.9779,solved,0
0.0045454697,0.0045454697,1.8560419976e-04,0.0136236632,21,25,1.8550,1.9917,solved,0
0.0045493176,0.0045493176,1.8576808219e-04,0.0136296765,20,25,1.8786,2.0061,solved,0
0.0045531655,0.0045531655,1.8593232551e-04,0.0136357004,20,25,1.8570,1.9700,solved,0
0.0045570140,0.0045570140,1.8609696051e-04,0.0136417360,20,25,1.8407,1.9454,solved,0
0.0045608614,0.0045608614,1.8626191439e-04,0.0136477806,20,25,1.8377,1.9419,solved,0
0.0045647093,0.0045647093,1.8642725567e-04,0.0136538367,20,25,1.8399,1.9485,solved,0
0.0045685573,0.0045685573,1.8659296725e-04,0.0136599036,20,25,1.8464,1.9573,solved,0
0.0045724057,0.0045724057,1.8675906212e-04,0.0136659819,20,25,1.8517,1.9586,solved,0
0.0045762537,0.0045762537,1.8692550574e-04,0.0136720703,20,25,1.8397,1.9461,solved,0
0.0045801013,0.0045801013,1.8709229801e-04,0.0136781687,20,25,1.8891,1.9951,solved,0
0.0045839498,0.0045839498,1.8725949535e-04,0.0136842791,20,25,1.8912,2.0714,solved,0
0.0045877979,0.0045877979,1.8742704136e-04,0.0136903996,20,25,1.8756,2.0619,solved,0
0.0045916458,0.0045916458,1.8759494465e-04,0.0136965304,20,25,1.8677,2.0425,solved,0
0.0045954939,0.0045954939,1.8776322268e-04,0.0137026721,20,25,1.8776,2.0513,solved,0
0.0045993419,0.0045993419,1.8793186235e-04,0.0137088243,20,25,1.8675,2.0438,solved,0
0.0046031899,0.0046031899,1.8810086802e-04,0.0137149870,20,25,1.8864,2.0844,solved,0
0.0046070382,0.0046070382,1.8827025292e-04,0.0137211608,20,25,1.8995,2.0848,solved,0
0.0046108863,0.0046108863,1.8843999504e-04,0.0137273448,20,25,1.8718,2.0449,solved,0
0.0046147340,0.0046147340,1.8861008549e-04,0.0137335387,20,25,1.8479,2.0331,solved,0
0.0046185824,0.0046185824,1.8878057292e-04,0.0137397443,20,25,1.8809,2.0531,solved,0
0.0046224303,0.0046224303,1.8895140422e-04,0.0137459596,20,25,1.8825,2.0586,solved,0
0.0046262783,0.0046262783,1.8912260595e-04,0.0137521855,20,25,1.8630,2.0326,solved,0
0.0046301267,0.0046301267,1.8929419154e-04,0.0137584226,20,25,1.8783,2.0591,solved,0
0.0046339740,0.0046339740,1.8946609401e-04,0.0137646683,20,25,1.8946,2.0659,solved,0
0.0046378220,0.0046378220,1.8963839373e-04,0.0137709257,20,25,1.8743,2.0494,solved,0
0.0046416705,0.0046416705,1.8981108191e-04,0.0137771943,20,25,1.9168,2.1277,solved,0
0.0046455184,0.0046455184,1.8998410918e-04,0.0137834723,20,25,1.8745,2.0543,solved,0
0.0046493661,0.0046493661,1.9015749341e-04,0.0137897605,20,25,1.8682,2.0377,solved,0
0.0046532146,0.0046532146,1.9033127976e-04,0.0137960603,20,25,1.8752,2.0427,solved,0
0.0046570626,0.0046570626,1.9050540955e-04,0.0138023697,20,25,1.9110,2.1101,solved,0
0.0046609105,0.0046609105,1.9067990081e-04,0.0138086893,20,25,1.8959,2.0753,solved,0
0.0046647587,0.0046647587,1.9085477170e-04,0.0138150198,20,25,1.8814,2.0481,solved,0
0.0046686066,0.0046686066,1.9102999496e-04,0.0138213601,20,25,1.8707,2.0401,solved,0
0.0046724546,0.0046724546,1.9120558877e-04,0.0138277109,20,25,1.8780,2.0460,solved,0
0.0046763029,0.0046763029,1.9138156231e-04,0.0138340725,20,25,1.8600,2.0608,solved,0
0.0046801510,0.0046801510,1.9155789275e-04,0.0138404441,20,25,1.8451,2.0316,solved,0
0.0046839987,0.0046839987,1.9173457082e-04,0.0138468253,20,25,1.8791,2.0555,solved,0
0.0046878471,0.0046878471,1.9191164708e-04,0.0138532179,20,25,1.8800,2.0604,solved,0
0.0046916950,0.0046916950,1.9208906634e-04,0.0138596200,20,25,1.8837,2.0645,solved,0
0.0046955430,0.0046955430,1.9226685621e-04,0.0138660325,20,25,1.8780,2.0647,solved,0
0.0046993915,0.0046993915,1.9244503526e-04,0.0138724560,20,25,1.8897,2.0624,solved,0
0.0047032388,0.0047032388,1.9262352468e-04,0.0138788877,20,25,1.8754,2.0461,solved,0
0.0047070867,0.0047070867,1.9280240789e-04,0.0138853307,20,25,1.8613,2.0115,solved,0
0.0047109348,0.0047109348,1.9298166641e-04,0.0138917841,20,25,1.8877,2.0633,solved,0
0.0047147831,0.0047147831,1.9316130030e-04,0.0138982481,20,25,1.9019,2.0847,solved,0
0.0047186308,0.0047186308,1.9334127216e-04,0.0139047212,20,25,1.8604,2.0214,solved,0
0.0047224789,0.0047224789,1.9352162873e-04,0.0139112052,20,25,1.8616,2.0138,solved,0
0.0047263272,0.0047263272,1.9370236073e-04,0.0139176995,20,25,1.8643,2.0188,solved,0
0.0047301751,0.0047301751,1.9388343994e-04,0.0139242034,20,25,1.9033,2.0786,solved,0
0.0047340230,0.0047340230,1.9406488514e-04,0.0139307173,20,25,1.8821,2.0665,solved,0
0.0047378715,0.0047378715,1.9424672471e-04,0.0139372424,20,25,1.8868,2.0709,solved,0
0.0047417193,0.0047417193,1.9442889719e-04,0.0139437763,20,25,1.8941,2.0817,solved,0
0.0047455673,0.0047455673,1.9461144515e-04,0.0139503206,20,25,1.8833,2.1187,solved,0
0.0047494156,0.0047494156,1.9479437338e-04,0.0139568755,20,25,1.8919,2.1056,solved,0
0.0047532637,0.0047532637,1.9497765813e-04,0.0139634401,20,25,1.8668,2.0519,solved,0
0.0047571113,0.0047571113,1.9516128503e-04,0.0139700138,20,25,1.8806,2.0381,solved,0
0.0047609596,0.0047609596,1.9534531135e-04,0.0139765987,20,25,1.8709,2.0198,solved,0
0.0047648079,0.0047648079,1.9552970374e-04,0.0139831936,20,25,1.8451,1.9691,solved,0
0.0047686558,0.0047686558,1.9571444297e-04,0.0139897978,20,25,1.8529,2.0202,solved,0
0.0047725036,0.0047725036,1.9589954337e-04,0.0139964118,20,25,1.8885,2.0361,solved,0
0.0047763515,0.0047763515,1.9608501455e-04,0.0140030359,20,25,1.8424,1.9592,solved,0
0.0047801995,0.0047801995,1.9627085656e-04,0.0140096701,20,25,1.8377,1.9434,solved,0
0.0047840478,0.0047840478,1.9645707910e-04,0.0140163147,20,25,1.8340,1.9511,solved,0
0.0047878957,0.0047878957,1.9664364829e-04,0.0140229686,20,25,1.8487,1.9630,solved,0
0.0047917436,0.0047917436,1.9683058347e-04,0.0140296323,20,25,1.8386,1.9456,solved,0
0.0047955921,0.0047955921,1.9701791386e-04,0.0140363070,20,25,1.8376,1.9392,solved,0
0.0047994400,0.0047994400,1.9720558106e-04,0.0140429905,20,25,1.8860,2.0421,solved,0
0.0048032879,0.0048032879,1.9739361425e-04,0.0140496838,20,25,1.8898,2.1017,solved,0
0.0048071361,0.0048071361,1.9758202812e-04,0.0140563874,20,25,1.8717,2.0573,solved,0
0.0048109840,0.0048109840,1.9777079331e-04,0.0140631004,20,25,1.8761,2.0496,solved,0
0.0048148319,0.0048148319,1.9795992448e-04,0.0140698232,20,25,1.8377,1.9640,solved,0
0.0048186803,0.0048186803,1.9814944628e-04,0.0140765566,20,25,1.8607,1.9807,solved,0
0.0048225286,0.0048225286,1.9833932922e-04,0.0140832997,20,25,1.8370,1.9656,solved,0
0.0048263762,0.0048263762,1.9852954359e-04,0.0140900512,20,25,1.8633,2.0067,solved,0
0.0048302244,0.0048302244,1.9872015363e-04,0.0140968136,20,25,1.8442,1.9627,solved,0
0.0048340725,0.0048340725,1.9891112474e-04,0.0141035855,20,25,1.8266,1.9299,solved,0
0.0048379205,0.0048379205,1.9910245690e-04,0.0141103670,20,25,1.8312,1.9366,solved,0
0.0048417678,0.0048417678,1.9929412016e-04,0.0141171569,20,25,1.8397,1.9735,solved,0
0.0048456160,0.0048456160,1.9948619426e-04,0.0141239582,20,25,1.8447,1.9727,solved,0
0.0048494642,0.0048494642,1.9967863440e-04,0.0141307691,20,25,1.8443,1.9474,solved,0
0.0048533123,0.0048533123,1.9987143556e-04,0.0141375895,20,25,1.8317,1.9331,solved,0
0.0048571606,0.0048571606,2.0006461279e-04,0.0141444198,20,25,1.8770,1.9957,solved,0
0.0048610084,0.0048610084,2.0025813092e-04,0.0141512590,20,25,1.8446,1.9735,solved,0
0.0048648563,0.0048648563,2.0045202006e-04,0.0141581079,20,25,1.8377,1.9525,solved,0
0.0048687046,0.0048687046,2.0064629539e-04,0.0141649672,20,25,1.8325,1.9339,solved,0
0.0048725526,0.0048725526,2.0084092160e-04,0.0141718355,20,25,1.8405,1.9420,solved,0
0.0048764003,0.0048764003,2.0103589859e-04,0.0141787129,20,25,1.8284,1.9301,solved,0
0.0048802487,0.0048802487,2.0123127710e-04,0.0141856010,20,25,1.8676,1.9973,solved,0
0.0048840968,0.0048840968,2.0142700642e-04,0.0141924982,20,25,1.8580,2.0019,solved,0
0.0048879448,0.0048879448,2.0162309666e-04,0.0141994048,20,25,1.8426,1.9629,solved,0
0.0048917931,0.0048917931,2.0181956824e-04,0.0142063214,20,25,1.8331,1.9354,solved,0
0.0048956408,0.0048956408,2.0201637516e-04,0.0142132465,20,25,1.8291,1.9326,solved,0
0.0048994887,0.0048994887,2.0221355828e-04,0.0142201814,20,25,1.8454,1.9616,solved,0
0.0049033372,0.0049033372,2.0241113822e-04,0.0142271268,20,25,1.8365,1.9466,solved,0
0.0049071854,0.0049071854,2.0260906882e-04,0.0142340812,20,25,1.8327,1.9340,solved,0
0.0049110332,0.0049110332,2.0280734483e-04,0.0142410444,20,25,1.8403,1.9423,solved,0
0.0049148807,0.0049148807,2.0300597130e-04,0.0142480164,20,25,1.8892,1.9996,solved,0
0.0049187290,0.0049187290,2.0320500509e-04,0.0142549993,20,25,1.8450,1.9701,solved,0
0.0049225769,0.0049225769,2.0340438420e-04,0.0142619909,20,25,1.8351,1.9510,solved,0
0.0049264248,0.0049264248,2.0360412930e-04,0.0142689919,20,25,1.8309,1.9335,solved,0
0.0049302730,0.0049302730,2.0380425599e-04,0.0142760028,20,25,1.8364,1.9386,solved,0
0.0049341209,0.0049341209,2.0400473309e-04,0.0142830225,20,25,1.8393,1.9423,solved,0
0.0049379692,0.0049379692,2.0420559706e-04,0.0142900524,20,25,1.8389,1.9495,solved,0
0.0049418174,0.0049418174,2.0440682186e-04,0.0142970914,20,25,1.9101,2.0383,solved,0
0.0049456654,0.0049456654,2.0460840222e-04,0.0143041393,20,25,1.8329,1.9444,solved,0
0.0049495134,0.0049495134,2.0481034858e-04,0.0143111966,20,25,1.8263,1.9282,solved,0
0.0049533615,0.0049533615,2.0501266621e-04,0.0143182634,20,25,1.8379,1.9406,solved,0
0.0049572095,0.0049572095,2.0521534459e-04,0.0143253392,20,25,1.8328,1.9434,solved,0
0.0049610578,0.0049610578,2.0541840482e-04,0.0143324249,20,25,1.8398,1.9499,solved,0
0.0049649054,0.0049649054,2.0562179407e-04,0.0143395186,20,25,1.8375,1.9414,solved,0
0.0049687535,0.0049687535,2.0582557575e-04,0.0143466225,20,25,1.8394,1.9419,solved,0
0.0049726020,0.0049726020,2.0602974470e-04,0.0143537363,20,25,1.8948,2.0049,solved,0
0.0049764500,0.0049764500,2.0623425315e-04,0.0143608584,20,25,1.8351,1.9429,solved,0
0.0049802979,0.0049802979,2.0643912227e-04,0.0143679895,20,25,1.8342,1.9379,solved,0
0.0049841453,0.0049841453,2.0664433068e-04,0.0143751289,20,25,1.8377,1.9406,solved,0
0.0049879937,0.0049879937,2.0684995847e-04,0.0143822793,20,25,1.8396,1.9424,solved,0
0.0049918416,0.0049918416,2.0705592554e-04,0.0143894380,20,25,1.8352,1.9368,solved,0
0.0049956895,0.0049956895,2.0726225860e-04,0.0143966058,20,25,1.8417,1.9561,solved,0
0.0049995378,0.0049995378,2.0746897916e-04,0.0144037835,20,25,1.8798,1.9946,solved,0
0.0050033858,0.0050033858,2.0767604961e-04,0.0144109698,20,25,1.8375,1.9511,solved,0
0.0050072337,0.0050072337,2.0788348068e-04,0.0144181650,20,25,1.8415,1.9530,solved,0
0.0050110820,0.0050110820,2.0809129935e-04,0.0144253700,20,25,1.8366,1.9406,solved,0
0.0050149301,0.0050149301,2.0829947325e-04,0.0144325837,20,25,1.8431,1.9528,solved,0
0.0050187777,0.0050187777,2.0850798605e-04,0.0144398056,20,25,1.8337,1.9409,solved,0
0.0050226260,0.0050226260,2.0871690282e-04,0.0144470379,20,25,1.8324,1.9352,solved,0
0.0050264743,0.0050264743,2.0892618565e-04,0.0144542791,20,25,1.8333,1.9382,solved,0
0.0050303223,0.0050303223,2.0913581818e-04,0.0144615289,20,25,1.8979,2.0059,solved,0
0.0050341703,0.0050341703,2.0934581671e-04,0.0144687877,20,25,1.9194,2.0994,solved,0
0.0050380182,0.0050380182,2.0955617578e-04,0.0144760553,20,25,1.8509,1.9953,solved,0
0.0050418662,0.0050418662,2.0976690631e-04,0.0144833320,20,25,1.8375,1.9457,solved,0
0.0050457146,0.0050457146,2.0997802481e-04,0.0144906185,20,25,1.8334,1.9379,solved,0
0.0050495625,0.0050495625,2.1018948189e-04,0.0144979130,20,25,1.8318,1.9348,solved,0
0.0050534099,0.0050534099,2.1040127741e-04,0.0145052155,20,25,1.8366,1.9396,solved,0
0.0050572585,0.0050572585,2.1061350504e-04,0.0145125292,20,25,1.8626,1.9905,solved,0
0.0050611064,0.0050611064,2.1082606010e-04,0.0145198506,20,25,1.8389,1.9693,solved,0
0.0050649543,0.0050649543,2.1103898113e-04,0.0145271808,20,25,1.8381,1.9519,solved,0
0.0050688025,0.0050688025,2.1125228480e-04,0.0145345205,20,25,1.8376,1.9401,solved,0
0.0050726507,0.0050726507,2.1146595665e-04,0.0145418691,19,50,2.6935,2.8343,solved,0
0.0050764986,0.0050764986,2.1167999689e-04,0.0145492267,19,50,2.6863,2.8143,solved,0
0.0050803464,0.0050803464,2.1189442020e-04,0.0145565937,19,50,2.6602,2.7721,solved,0
0.0050841947,0.0050841947,2.1210926009e-04,0.0145639713,19,50,2.7411,2.9550,solved,0
0.0050880427,0.0050880427,2.1232447193e-04,0.0145713579,19,50,2.7769,2.9946,solved,0
0.0050918904,0.0050918904,2.1254005562e-04,0.0145787536,19,50,2.7067,2.8657,solved,0
0.0050957388,0.0050957388,2.1275606726e-04,0.0145861601,19,50,2.6726,2.7922,solved,0
0.0050995868,0.0050995868,2.1297244513e-04,0.0145935755,19,50,2.6873,2.8680,solved,0
0.0051034347,0.0051034347,2.1318920605e-04,0.0146010002,19,50,2.6735,2.7908,solved,0
0.0051072827,0.0051072827,2.1340636128e-04,0.0146084346,19,50,2.7080,2.8635,solved,0
0.0051111307,0.0051111307,2.1362390518e-04,0.0146158785,19,50,2.7378,2.9217,solved,0
0.0051149790,0.0051149790,2.1384185476e-04,0.0146233325,19,50,2.6790,2.8138,solved,0
0.0051188270,0.0051188270,2.1406017605e-04,0.0146307955,19,50,2.7273,2.8356,solved,0
0.0051226745,0.0051226745,2.1427885757e-04,0.0146382669,19,50,2.6768,2.7891,solved,0
0.0051265225,0.0051265225,2.1449795616e-04,0.0146457487,19,50,2.7061,2.8539,solved,0
0.0051303708,0.0051303708,2.1471746056e-04,0.0146532406,19,50,2.7297,2.9033,solved,0
0.0051342185,0.0051342185,2.1493731938e-04,0.0146607408,19,50,2.6762,2.8082,solved,0
0.0051380667,0.0051380667,2.1515759546e-04,0.0146682513,19,50,2.6780,2.8013,solved,0
0.0051419147,0.0051419147,2.1537824878e-04,0.0146757708,19,50,2.7243,2.8402,solved,0
0.0051457627,0.0051457627,2.1559929078e-04,0.0146832997,19,50,2.6794,2.7855,solved,0
0.0051496111,0.0051496111,2.1582074449e-04,0.0146908388,19,50,2.7166,2.8622,solved,0
0.0051534588,0.0051534588,2.1604254658e-04,0.0146983858,19,50,2.7363,2.9203,solved,0
0.0051573068,0.0051573068,2.1626475462e-04,0.0147059428,19,50,2.7034,2.8799,solved,0
0.0051611551,0.0051611551,2.1648736871e-04,0.0147135097,19,50,2.7452,2.9176,solved,0
0.0051650030,0.0051650030,2.1671034833e-04,0.0147210852,19,50,2.7100,2.8912,solved,0
0.0051688511,0.0051688511,2.1693372824e-04,0.0147286703,19,50,2.7222,2.8956,solved,0
0.0051726992,0.0051726992,2.1715749684e-04,0.0147362647,19,50,2.7100,2.8890,solved,0
0.0051765471,0.0051765471,2.1738164248e-04,0.0147438680,19,50,2.6858,2.8480,solved,0
0.0051803954,0.0051803954,2.1760620014e-04,0.0147514813,19,50,2.7229,2.8475,solved,0
0.0051842431,0.0051842431,2.1783111143e-04,0.0147591027,19,50,2.4870,2.6490,solved,0
0.0051880911,0.0051880911,2.1805642892e-04,0.0147667339,19,50,2.2835,2.5359,solved,0
0.0051919394,0.0051919394,2.1828215270e-04,0.0147743749,19,50,6.8214,7.1213,solved,0
0.0051957868,0.0051957868,2.1850821229e-04,0.0147820233,19,50,2.4902,2.7789,solved,0
0.0051996348,0.0051996348,2.1873469579e-04,0.0147896821,19,50,2.6473,2.8922,solved,0
0.0052034832,0.0052034832,2.1896159156e-04,0.0147973508,19,50,2.4531,2.6890,solved,0
0.0052073311,0.0052073311,2.1918884654e-04,0.0148050277,19,50,2.4216,2.6504,solved,0
0.0052111790,0.0052111790,2.1941649017e-04,0.0148127138,19,50,2.6459,2.9002,solved,0
0.0052150272,0.0052150272,2.1964454026e-04,0.0148204096,19,50,2.5940,2.8472,solved,0
0.0052188750,0.0052188750,2.1987295530e-04,0.0148281137,19,50,4.2899,4.6030,solved,0
0.0052227230,0.0052227230,2.2010177087e-04,0.0148358273,19,50,3.4112,3.7398,solved,0
0.0052265715,0.0052265715,2.2033100494e-04,0.0148435510,19,50,2.4967,2.7702,solved,0
0.0052304192,0.0052304192,2.2056058001e-04,0.0148512821,19,50,2.4712,2.7107,solved,0
0.0052342676,0.0052342676,2.2079058556e-04,0.0148590237,19,50,2.5326,2.7942,solved,0
0.0052381154,0.0052381154,2.2102094393e-04,0.0148667732,19,50,2.5220,2.7596,solved,0
0.0052419634,0.0052419634,2.2125170294e-04,0.0148745320,19,50,2.4958,2.7367,solved,0
0.0052458114,0.0052458114,2.2148285062e-04,0.0148822999,19,50,2.4870,2.7500,solved,0
0.0052496594,0.0052496594,2.2171438698e-04,0.0148900768,20,50,2.5411,2.8124,solved,0
0.0052535077,0.0052535077,2.2194632728e-04,0.0148978632,20,50,2.4863,2.8137,solved,0
0.0052573558,0.0052573558,2.2217863884e-04,0.0149056579,20,50,2.4346,2.6599,solved,0
0.0052612035,0.0052612035,2.2241130948e-04,0.0149134607,20,50,2.5047,2.9934,solved,0
0.0052650512,0.0052650512,2.2264436335e-04,0.0149212722,20,50,3.3784,3.6280,solved,0
0.0052688993,0.0052688993,2.2287782472e-04,0.0149290932,20,50,2.7866,2.9431,solved,0
0.0052727473,0.0052727473,2.2311166332e-04,0.0149369228,20,50,2.8489,2.9795,solved,0
0.0052765957,0.0052765957,2.2334590955e-04,0.0149447619,20,50,2.6970,2.8242,solved,0
0.0052804435,0.0052804435,2.2358050254e-04,0.0149526086,20,50,2.6808,2.9783,solved,0
0.0052842917,0.0052842917,2.2381550321e-04,0.0149604647,20,50,1.9077,2.1133,solved,0
0.0052881397,0.0052881397,2.2405087496e-04,0.0149683291,20,50,1.8505,2.0503,solved,0
0.0052919877,0.0052919877,2.2428662999e-04,0.0149762021,20,50,1.8520,2.0000,solved,0
0.0052958356,0.0052958356,2.2452276216e-04,0.0149840836,20,50,1.8381,1.9741,solved,0
0.0052996835,0.0052996835,2.2475927758e-04,0.0149919738,20,50,1.8087,1.9125,solved,0
0.0053035319,0.0053035319,2.2499620708e-04,0.0149998736,20,50,1.7876,1.8650,solved,0
0.0053073798,0.0053073798,2.2523348907e-04,0.0150077810,20,50,1.8722,2.0207,solved,0
0.0053112278,0.0053112278,2.2547116051e-04,0.0150156971,20,50,1.8060,1.9160,solved,0
0.0053150760,0.0053150760,2.2570922760e-04,0.0150236223,20,50,1.7734,1.8467,solved,0
0.0053189241,0.0053189241,2.2594767182e-04,0.0150315559,20,50,1.7704,1.9013,solved,0
0.0053227721,0.0053227721,2.2618649312e-04,0.0150394978,20,50,1.7819,1.8597,solved,0
0.0053266204,0.0053266204,2.2642571637e-04,0.0150474488,20,50,1.8558,1.9646,solved,0
0.0053304685,0.0053304685,2.2666531049e-04,0.0150554080,20,50,1.7964,1.8907,solved,0
0.0053343158,0.0053343158,2.2690523798e-04,0.0150633741,20,50,1.7831,1.8564,solved,0
0.0053381639,0.0053381639,2.2714559862e-04,0.0150713503,20,50,1.7787,1.8506,solved,0
0.0053420120,0.0053420120,2.2738634257e-04,0.0150793350,20,50,1.8809,2.0183,solved,0
0.0053458600,0.0053458600,2.2762746353e-04,0.0150873279,20,50,1.8764,2.0816,solved,0
0.0053497080,0.0053497080,2.2786896778e-04,0.0150953293,20,50,1.9044,2.0485,solved,0
0.0053535561,0.0053535561,2.2811086160e-04,0.0151033394,20,50,1.7946,1.8915,solved,0
0.0053574043,0.0053574043,2.2835314502e-04,0.0151113581,20,50,1.7879,1.8621,solved,0
0.0053612525,0.0053612525,2.2859581176e-04,0.0151193853,20,50,1.7893,1.8626,solved,0
0.0053651002,0.0053651002,2.2883883021e-04,0.0151274198,20,50,1.8268,1.9437,solved,0
0.0053689482,0.0053689482,2.2908225088e-04,0.0151354634,20,50,1.8020,1.9263,solved,0
0.0053727963,0.0053727963,2.2932606116e-04,0.0151435155,20,50,1.8947,2.0511,solved,0
0.0053766441,0.0053766441,2.2957023570e-04,0.0151515754,20,50,1.8828,2.0267,solved,0
0.0053804923,0.0053804923,2.2981481891e-04,0.0151596444,20,50,1.8186,2.0362,solved,0
0.0053843407,0.0053843407,2.3005979819e-04,0.0151677222,20,50,1.9854,2.1897,solved,0
0.0053881886,0.0053881886,2.3030512892e-04,0.0151758074,20,50,1.8485,2.0245,solved,0
0.0053920367,0.0053920367,2.3055085569e-04,0.0151839012,20,50,1.8924,2.0390,solved,0
0.0053958849,0.0053958849,2.3079697216e-04,0.0151920036,20,50,1.8061,1.9061,solved,0
0.0053997329,0.0053997329,2.3104345913e-04,0.0152001138,20,50,1.8091,1.9187,solved,0
0.0054035805,0.0054035805,2.3129030370e-04,0.0152082314,20,50,1.9843,2.1346,solved,0
0.0054074284,0.0054074284,2.3153755076e-04,0.0152163580,20,50,1.8194,1.9300,solved,0
0.0054112764,0.0054112764,2.3178518751e-04,0.0152244930,20,50,1.7788,1.8545,solved,0
0.0054151246,0.0054151246,2.3203322045e-04,0.0152326367,20,50,1.8193,1.9027,solved,0
0.0054189728,0.0054189728,2.3228163671e-04,0.0152407886,20,50,1.7845,1.8601,solved,0
0.0054228207,0.0054228207,2.3253041687e-04,0.0152489481,20,50,1.9100,2.0555,solved,0
0.0054266688,0.0054266688,2.3277959326e-04,0.0152571162,20,50,1.7995,1.9595,solved,0
0.0054305166,0.0054305166,2.3302913347e-04,0.0152652918,20,50,1.7964,1.9098,solved,0
0.0054343647,0.0054343647,2.3327907643e-04,0.0152734762,20,50,1.7967,1.8753,solved,0
0.0054382128,0.0054382128,2.3352940268e-04,0.0152816688,20,50,1.7837,1.8595,solved,0
0.0054420610,0.0054420610,2.3378011875e-04,0.0152898698,20,50,1.8530,1.9623,solved,0
0.0054459089,0.0054459089,2.3403119856e-04,0.0152980783,20,50,1.8169,1.9140,solved,0
0.0054497571,0.0054497571,2.3428268124e-04,0.0153062955,20,50,1.7775,1.8511,solved,0
0.0054536049,0.0054536049,2.3453452104e-04,0.0153145199,20,50,1.7807,1.8518,solved,0
0.0054574530,0.0054574530,2.3478676376e-04,0.0153227531,20,50,1.7861,1.8569,solved,0
0.0054613014,0.0054613014,2.3503940949e-04,0.0153309951,20,50,1.9068,2.0652,solved,0
0.0054651493,0.0054651493,2.3529240568e-04,0.0153392440,20,50,1.8143,1.9215,solved,0
0.0054689976,0.0054689976,2.3554581148e-04,0.0153475018,20,50,1.8000,1.8741,solved,0
0.0054728456,0.0054728456,2.3579958083e-04,0.0153557670,20,50,1.7870,1.8596,solved,0
0.0054766929,0.0054766929,2.3605368719e-04,0.0153640388,20,50,1.7877,1.8592,solved,0
0.0054805410,0.0054805410,2.3630822964e-04,0.0153723202,20,50,1.8375,1.9480,solved,0
0.0054843890,0.0054843890,2.3656314877e-04,0.0153806095,20,50,1.8087,1.9007,solved,0
0.0054882373,0.0054882373,2.3681847109e-04,0.0153889074,20,50,1.7903,1.8630,solved,0
0.0054920853,0.0054920853,2.3707415681e-04,0.0153972126,20,50,2.2209,2.4689,solved,0
0.0054959334,0.0054959334,2.3733023246e-04,0.0154055260,20,50,1.9399,2.1409,solved,0
0.0054997814,0.0054997814,2.3758668474e-04,0.0154138472,20,50,1.8854,2.0291,solved,0
0.0055036292,0.0055036292,2.3784350695e-04,0.0154221758,20,50,1.8051,1.9046,solved,0
0.0055074774,0.0055074774,2.3810073915e-04,0.0154305132,20,50,1.7886,1.8620,solved,0
0.0055113252,0.0055113252,2.3835832787e-04,0.0154388577,20,50,1.7822,1.8551,solved,0
0.0055151736,0.0055151736,2.3861634009e-04,0.0154472114,20,50,1.7794,1.8517,solved,0
0.0055190217,0.0055190217,2.3887471550e-04,0.0154555723,20,50,1.8756,1.9881,solved,0
0.0055228696,0.0055228696,2.3913346076e-04,0.0154639407,20,50,1.8115,1.9091,solved,0
0.0055267177,0.0055267177,2.3939260276e-04,0.0154723173,20,50,1.7761,1.8496,solved,0
0.0055305657,0.0055305657,2.3965212131e-04,0.0154807016,20,50,1.7910,1.8623,solved,0
0.0055344139,0.0055344139,2.3991203665e-04,0.0154890941,20,50,1.7869,1.8583,solved,0
0.0055382622,0.0055382622,2.4017234209e-04,0.0154974947,20,50,1.7938,1.8918,solved,0
0.0055421101,0.0055421101,2.4043300374e-04,0.0155059022,20,50,1.8623,1.9913,solved,0
0.0055459575,0.0055459575,2.4069401471e-04,0.0155143164,20,50,2.2308,2.4636,solved,0
0.0055498057,0.0055498057,2.4095546323e-04,0.0155227402,20,50,2.9394,3.1997,solved,0
0.0055536536,0.0055536536,2.4121727465e-04,0.0155311711,20,50,2.3233,2.5962,solved,0
0.0055575017,0.0055575017,2.4147948296e-04,0.0155396101,20,50,2.3283,2.6051,solved,0
0.0055613498,0.0055613498,2.4174207457e-04,0.0155480569,20,50,2.3940,2.6440,solved,0
0.0055651977,0.0055651977,2.4200503580e-04,0.0155565110,20,50,2.2896,2.5422,solved,0
0.0055690461,0.0055690461,2.4226841454e-04,0.0155649740,20,50,2.4111,2.7086,solved,0
0.0055728939,0.0055728939,2.4253213548e-04,0.0155734433,20,50,2.1764,2.4031,solved,0
0.0055767418,0.0055767418,2.4279624653e-04,0.0155819205,20,50,1.8391,1.9655,solved,0
0.0055805899,0.0055805899,2.4306075460e-04,0.0155904059,20,50,2.4717,2.6482,solved,0
0.0055844380,0.0055844380,2.4332564597e-04,0.0155988989,20,50,2.2890,2.5164,solved,0
0.0055882860,0.0055882860,2.4359091374e-04,0.0156073993,20,50,2.3598,2.6164,solved,0
0.0055921343,0.0055921343,2.4385658551e-04,0.0156159081,20,50,2.4390,2.7051,solved,0
0.0055959824,0.0055959824,2.4412262678e-04,0.0156244240,20,50,2.4261,2.6990,solved,0
0.0055998304,0.0055998304,2.4438904443e-04,0.0156329474,20,50,2.1397,2.3773,solved,0
0.0056036785,0.0056036785,2.4465585229e-04,0.0156414786,20,50,2.0736,2.3387,solved,0
0.0056075266,0.0056075266,2.4492304345e-04,0.0156500174,20,50,2.0203,2.2335,solved,0
0.0056113745,0.0056113745,2.4519060400e-04,0.0156585633,20,50,2.3443,2.5842,solved,0
0.0056152221,0.0056152221,2.4545852690e-04,0.0156671161,20,50,1.9709,2.1966,solved,0
0.0056190700,0.0056190700,2.4572685393e-04,0.0156756771,20,50,2.2413,2.4994,solved,0
0.0056229183,0.0056229183,2.4599559218e-04,0.0156842466,20,50,2.3946,2.5897,solved,0
0.0056267664,0.0056267664,2.4626469977e-04,0.0156928232,20,50,2.2331,2.4722,solved,0
0.0056306143,0.0056306143,2.4653417664e-04,0.0157014068,20,50,2.2518,2.5327,solved,0
0.0056344624,0.0056344624,2.4680405081e-04,0.0157099984,20,50,2.3350,2.6437,solved,0
0.0056383105,0.0056383105,2.4707430827e-04,0.0157185975,20,50,4.5544,4.8965,solved,0
0.0056421585,0.0056421585,2.4734494200e-04,0.0157272039,20,50,2.6978,3.0313,solved,0
0.0056460064,0.0056460064,2.4761595196e-04,0.0157358175,20,50,2.4145,2.8216,solved,0
0.0056498547,0.0056498547,2.4788737341e-04,0.0157444394,20,50,2.0345,2.3456,solved,0
0.0056537025,0.0056537025,2.4815914286e-04,0.0157530677,20,50,2.5896,2.8620,solved,0
0.0056575507,0.0056575507,2.4843132386e-04,0.0157617043,20,50,2.8591,3.0990,solved,0
0.0056613988,0.0056613988,2.4870388110e-04,0.0157703482,20,50,2.8210,3.0643,solved,0
0.0056652467,0.0056652467,2.4897680743e-04,0.0157789989,20,50,2.7562,2.9874,solved,0
0.0056690948,0.0056690948,2.4925013124e-04,0.0157876576,20,50,2.7448,2.9732,solved,0
0.0056729431,0.0056729431,2.4952385259e-04,0.0157963240,20,50,2.7646,2.9736,solved,0
0.0056767912,0.0056767912,2.4979794302e-04,0.0158049974,20,50,2.5841,2.8844,solved,0
0.0056806389,0.0056806389,2.5007238820e-04,0.0158136773,20,50,2.0613,2.2957,solved,0
0.0056844870,0.0056844870,2.5034724519e-04,0.0158223653,20,50,1.8510,2.0093,solved,0
0.0056883346,0.0056883346,2.5062244969e-04,0.0158310597,20,50,1.8363,1.9976,solved,0
0.0056921827,0.0056921827,2.5089807322e-04,0.0158397624,20,50,2.1534,2.4059,solved,0
0.0056960307,0.0056960307,2.5117407288e-04,0.0158484723,20,50,2.3659,2.6005,solved,0
0.0056998788,0.0056998788,2.5145049571e-04,0.0158571907,19,50,2.3684,2.6545,solved,0
0.0057037267,0.0057037267,2.5172735923e-04,0.0158659182,19,50,2.3654,2.7121,solved,0
0.0057075748,0.0057075748,2.5200469232e-04,0.0158746557,19,50,2.3291,2.6242,solved,0
0.0057114229,0.0057114229,2.5228248059e-04,0.0158834027,19,50,2.2494,2.4930,solved,0
0.0057152710,0.0057152710,2.5256072404e-04,0.0158921592,19,50,2.1746,2.4028,solved,0
0.0057191188,0.0057191188,2.5283940094e-04,0.0159009245,19,50,1.8283,1.9868,solved,0
0.0057229669,0.0057229669,2.5311855472e-04,0.0159097000,19,50,2.2572,2.5400,solved,0
0.0057268150,0.0057268150,2.5339816369e-04,0.0159184850,19,50,1.8950,2.1107,solved,0
0.0057306629,0.0057306629,2.5367821327e-04,0.0159272789,19,50,2.1545,2.3626,solved,0
0.0057345109,0.0057345109,2.5395872529e-04,0.0159360825,19,50,2.0518,2.2533,solved,0
0.0057383590,0.0057383590,2.5423969977e-04,0.0159448957,19,50,1.9057,2.0935,solved,0
0.0057422071,0.0057422071,2.5452113158e-04,0.0159537184,18,50,1.9119,2.1192,solved,0
0.0057460552,0.0057460552,2.5480302654e-04,0.0159625508,18,50,1.8736,2.0207,solved,0
0.0057499029,0.0057499029,2.5508535560e-04,0.0159713918,18,50,2.5685,2.7697,solved,0
0.0057537510,0.0057537510,2.5536817746e-04,0.0159802433,18,50,2.7710,2.9748,solved,0
0.0057575986,0.0057575986,2.5565142595e-04,0.0159891034,18,50,2.7844,2.9754,solved,0
0.0057614468,0.0057614468,2.5593518208e-04,0.0159979743,18,50,2.7501,2.9432,solved,0
0.0057652948,0.0057652948,2.5621938692e-04,0.0160068544,18,50,2.3868,2.5916,solved,0
0.0057691426,0.0057691426,2.5650404040e-04,0.0160157435,18,50,2.4454,2.6850,solved,0
0.0057729907,0.0057729907,2.5678917953e-04,0.0160246429,18,50,2.7938,3.0317,solved,0
0.0057768389,0.0057768389,2.5707478957e-04,0.0160335520,18,50,2.7794,3.0102,solved,0
0.0057806868,0.0057806868,2.5736084078e-04,0.0160424699,18,50,2.4864,2.7077,solved,0
0.0057845349,0.0057845349,2.5764737032e-04,0.0160513978,18,50,1.9862,2.1844,solved,0
0.0057883829,0.0057883829,2.5793435588e-04,0.0160603349,18,50,2.2641,2.4907,solved,0
0.0057922309,0.0057922309,2.5822180488e-04,0.0160692814,18,50,2.3669,2.6217,solved,0
0.0057960787,0.0057960787,2.5850970236e-04,0.0160782369,18,50,2.3489,2.6290,solved,0
0.0057999267,0.0057999267,2.5879807823e-04,0.0160872023,18,50,2.2419,2.5143,solved,0
0.0058037748,0.0058037748,2.5908692508e-04,0.0160961773,18,50,2.2291,2.4799,solved,0
0.0058076230,0.0058076230,2.5937624292e-04,0.0161051620,18,50,2.3962,2.6764,solved,0
0.0058114708,0.0058114708,2.5966599411e-04,0.0161141551,18,50,2.4008,2.6748,solved,0
0.0058153188,0.0058153188,2.5995622380e-04,0.0161231580,18,50,2.1194,2.4024,solved,0
0.0058191668,0.0058191668,2.6024691694e-04,0.0161321702,18,50,2.3691,2.6409,solved,0
0.0058230150,0.0058230150,2.6053808868e-04,0.0161411923,18,50,2.3772,2.7171,solved,0
0.0058268625,0.0058268625,2.6082967082e-04,0.0161502220,18,50,2.3875,2.6483,solved,0
0.0058307102,0.0058307102,2.6112173149e-04,0.0161592615,18,50,2.0087,2.2529,solved,0
0.0058345585,0.0058345585,2.6141430118e-04,0.0161683116,18,50,1.9984,2.1962,solved,0
0.0058384063,0.0058384063,2.6170729630e-04,0.0161773699,18,50,2.0036,2.2509,solved,0
0.0058422544,0.0058422544,2.6200077771e-04,0.0161864381,18,50,2.0434,2.2718,solved,0
0.0058461023,0.0058461023,2.6229470731e-04,0.0161955150,18,50,2.0848,2.2813,solved,0
0.0058499507,0.0058499507,2.6258913862e-04,0.0162046024,18,50,2.0047,2.2190,solved,0
0.0058537985,0.0058537985,2.6288398747e-04,0.0162136975,18,50,1.8603,2.0117,solved,0
0.0058576463,0.0058576463,2.6317929971e-04,0.0162228018,18,50,1.8708,1.9901,solved,0
0.0058614943,0.0058614943,2.6347509074e-04,0.0162319158,18,50,1.8066,1.8984,solved,0
0.0058653428,0.0058653428,2.6377138375e-04,0.0162410401,18,50,1.8426,1.9409,solved,0
0.0058691903,0.0058691903,2.6406806316e-04,0.0162501712,18,50,1.8064,1.8971,solved,0
0.0058730386,0.0058730386,2.6436526773e-04,0.0162593133,18,50,1.7926,1.8664,solved,0
0.0058768866,0.0058768866,2.6466291260e-04,0.0162684637,18,50,1.9236,2.0598,solved,0
0.0058807345,0.0058807345,2.6496101316e-04,0.0162776231,18,50,1.8617,1.9681,solved,0
0.0058845825,0.0058845825,2.6525958492e-04,0.0162867917,18,50,1.7932,1.8706,solved,0
0.0058884307,0.0058884307,2.6555863568e-04,0.0162959699,18,50,1.8068,1.8968,solved,0
0.0058922783,0.0058922783,2.6585810321e-04,0.0163051557,18,50,1.7986,1.8844,solved,0
0.0058961265,0.0058961265,2.6615808089e-04,0.0163143520,18,50,2.2188,2.4058,solved,0
0.0058999743,0.0058999743,2.6645849082e-04,0.0163235563,18,50,2.2392,2.4160,solved,0
0.0059038221,0.0059038221,2.6675936416e-04,0.0163327696,18,50,1.8037,1.9118,solved,0
0.0059076701,0.0059076701,2.6706071656e-04,0.0163419924,18,50,1.8483,1.9256,solved,0
0.0059115185,0.0059115185,2.6736256382e-04,0.0163512251,18,50,1.8757,1.9922,solved,0
0.0059153662,0.0059153662,2.6766481960e-04,0.0163604651,18,50,1.8165,1.9182,solved,0
0.0059192144,0.0059192144,2.6796757811e-04,0.0163697153,18,50,1.8222,1.9143,solved,0
0.0059230623,0.0059230623,2.6827077647e-04,0.0163789736,18,50,1.9780,2.1653,solved,0
0.0059269104,0.0059269104,2.6857445406e-04,0.0163882413,18,50,1.9261,2.1331,solved,0
0.0059307583,0.0059307583,2.6887857929e-04,0.0163975175,18,50,1.8518,2.0024,solved,0
0.0059346066,0.0059346066,2.6918319964e-04,0.0164068035,18,50,1.8667,1.9725,solved,0
0.0059384542,0.0059384542,2.6948822798e-04,0.0164160966,18,50,1.7957,1.8741,solved,0
0.0059423026,0.0059423026,2.6979378323e-04,0.0164254006,18,50,1.7908,1.8631,solved,0
0.0059461504,0.0059461504,2.7009975429e-04,0.0164347119,18,50,1.7863,1.8575,solved,0
0.0059499983,0.0059499983,2.7040619671e-04,0.0164440323,18,50,1.9496,2.1724,solved,0
0.0059538464,0.0059538464,2.7071311853e-04,0.0164533619,18,50,1.8462,2.0158,solved,0
0.0059576947,0.0059576947,2.7102051981e-04,0.0164627009,18,50,2.0379,2.2492,solved,0
0.0059615423,0.0059615423,2.7132832858e-04,0.0164720469,17,50,2.0301,2.2478,solved,0
0.0059653904,0.0059653904,2.7163664138e-04,0.0164814029,17,50,1.8160,1.9289,solved,0
0.0059692381,0.0059692381,2.7194538652e-04,0.0164907667,17,50,1.9037,2.1243,solved,0
0.0059730862,0.0059730862,2.7225462818e-04,0.0165001402,17,50,1.8131,1.9093,solved,0
0.0059769339,0.0059769339,2.7256430207e-04,0.0165095216,17,50,1.8291,1.9556,solved,0
0.0059807819,0.0059807819,2.7287446452e-04,0.0165189123,17,50,1.8518,1.9601,solved,0
0.0059846300,0.0059846300,2.7318509948e-04,0.0165283121,17,50,1.8010,1.8900,solved,0
0.0059884779,0.0059884779,2.7349618270e-04,0.0165377200,17,50,1.8917,2.0118,solved,0
0.0059923261,0.0059923261,2.7380775463e-04,0.0165471374,17,50,1.8550,1.9555,solved,0
0.0059961740,0.0059961740,2.7411976670e-04,0.0165565626,17,50,1.7949,1.8709,solved,0
0.0060000219,0.0060000219,2.7443224316e-04,0.0165659966,17,50,1.7863,1.8571,solved,0
0.0060038701,0.0060038701,2.7474520845e-04,0.0165754399,17,50,1.7904,1.8616,solved,0
0.0060077181,0.0060077181,2.7505862191e-04,0.0165848914,17,50,1.8733,2.0169,solved,0
0.0060115660,0.0060115660,2.7537249164e-04,0.0165943512,17,50,1.8743,2.0230,solved,0
0.0060154139,0.0060154139,2.7568682576e-04,0.0166038196,17,50,1.9135,2.0884,solved,0
0.0060192618,0.0060192618,2.7600162429e-04,0.0166132966,17,50,1.8718,1.9941,solved,0
0.0060231099,0.0060231099,2.7631690362e-04,0.0166227827,17,50,1.7882,1.8870,solved,0
0.0060269578,0.0060269578,2.7663263098e-04,0.0166322768,17,50,1.8849,2.0167,solved,0
0.0060308059,0.0060308059,2.7694883919e-04,0.0166417799,17,50,1.8008,1.9062,solved,0
0.0060346540,0.0060346540,2.7726551185e-04,0.0166512916,17,50,1.7866,1.8707,solved,0
0.0060385015,0.0060385015,2.7758259947e-04,0.0166608103,17,50,1.7928,1.8743,solved,0
0.0060423493,0.0060423493,2.7790017618e-04,0.0166703382,17,50,2.1035,2.2968,solved,0
0.0060461975,0.0060461975,2.7821825036e-04,0.0166798756,17,50,2.4506,2.6999,solved,0
0.0060500454,0.0060500454,2.7853676416e-04,0.0166894207,17,50,2.3599,2.5938,solved,0
0.0060538935,0.0060538935,2.7885575895e-04,0.0166989748,17,50,2.0788,2.3224,solved,0
0.0060577418,0.0060577418,2.7917523481e-04,0.0167085378,17,50,2.0443,2.2877,solved,0
0.0060615897,0.0060615897,2.7949514189e-04,0.0167181082,17,50,1.8539,2.0207,solved,0
0.0060654377,0.0060654377,2.7981552170e-04,0.0167276873,17,50,1.8275,1.9471,solved,0
0.0060692859,0.0060692859,2.8013638263e-04,0.0167372752,17,50,1.8130,1.9143,solved,0
0.0060731338,0.0060731338,2.8045768297e-04,0.0167468708,17,50,1.8145,1.9008,solved,0
0.0060769820,0.0060769820,2.8077947281e-04,0.0167564755,17,50,1.8481,2.0066,solved,0
0.0060808297,0.0060808297,2.8110168523e-04,0.0167660874,17,50,1.8941,2.0487,solved,0
0.0060846776,0.0060846776,2.8142437879e-04,0.0167757080,17,50,1.8192,1.9240,solved,0
0.0060885257,0.0060885257,2.8174755355e-04,0.0167853375,17,50,1.7954,1.8769,solved,0
0.0060923736,0.0060923736,2.8207117594e-04,0.0167949747,17,50,1.7963,1.8775,solved,0
0.0060962216,0.0060962216,2.8239527116e-04,0.0168046205,17,50,1.9538,2.1025,solved,0
0.0061000698,0.0061000698,2.8271984768e-04,0.0168142751,17,50,1.8503,1.9608,solved,0
0.0061039177,0.0061039177,2.8304486332e-04,0.0168239372,17,50,1.8056,1.8978,solved,0
0.0061077651,0.0061077651,2.8337030105e-04,0.0168336063,17,50,1.7886,1.8821,solved,0
0.0061116132,0.0061116132,2.8369626239e-04,0.0168432854,17,50,1.9157,2.0795,solved,0
0.0061154612,0.0061154612,2.8402267969e-04,0.0168529724,17,50,2.1544,2.4107,solved,0
0.0061193091,0.0061193091,2.8434955292e-04,0.0168626674,17,50,2.2471,2.4627,solved,0
0.0061231573,0.0061231573,2.8467691609e-04,0.0168723714,17,50,1.8760,2.0440,solved,0
0.0061270052,0.0061270052,2.8500471816e-04,0.0168820828,17,50,1.8691,2.0353,solved,0
0.0061308531,0.0061308531,2.8533298463e-04,0.0168918023,17,50,1.8496,2.0025,solved,0
0.0061347012,0.0061347012,2.8566173261e-04,0.0169015305,17,50,1.9462,2.1392,solved,0
0.0061385493,0.0061385493,2.8599094503e-04,0.0169112668,17,50,1.8705,2.0447,solved,0
0.0061423975,0.0061423975,2.8632063403e-04,0.0169210116,15,50,1.8308,1.9730,solved,0
0.0061462452,0.0061462452,2.8665076139e-04,0.0169307638,15,50,1.8520,2.0001,solved,0
0.0061500934,0.0061500934,2.8698141459e-04,0.0169405258,15,50,1.8726,2.0421,solved,0
0.0061539414,0.0061539414,2.8731253357e-04,0.0169502960,15,50,2.3386,2.5907,solved,0
0.0061577892,0.0061577892,2.8764411822e-04,0.0169600742,15,50,2.3744,2.6188,solved,0
0.0061616372,0.0061616372,2.8797620304e-04,0.0169698616,15,50,2.3838,2.6293,solved,0
0.0061654855,0.0061654855,2.8830879674e-04,0.0169796583,15,50,2.5028,2.7682,solved,0
0.0061693334,0.0061693334,2.8864183881e-04,0.0169894626,15,50,2.6799,2.9144,solved,0
0.0061731816,0.0061731816,2.8897539130e-04,0.0169992762,14,50,2.8767,3.0837,solved,0
0.0061770291,0.0061770291,2.8930940215e-04,0.0170090976,14,50,2.6528,2.8721,solved,0
0.0061808770,0.0061808770,2.8964398137e-04,0.0170189301,14,50,2.7833,2.9947,solved,0
0.0061847248,0.0061847248,2.8997908556e-04,0.0170287723,14,50,2.7533,2.9452,solved,0
0.0061885726,0.0061885726,2.9031472339e-04,0.0170386245,14,50,2.7575,2.9744,solved,0
0.0061924207,0.0061924207,2.9065092110e-04,0.0170484874,14,50,2.4829,2.7429,solved,0
0.0061962686,0.0061962686,2.9098763503e-04,0.0170583597,14,50,2.3227,2.5811,solved,0
0.0062001163,0.0062001163,2.9132486508e-04,0.0170682414,14,50,1.9903,2.1723,solved,0
0.0062039644,0.0062039644,2.9166266390e-04,0.0170781341,14,50,2.1424,2.3381,solved,0
0.0062078121,0.0062078121,2.9200096126e-04,0.0170880356,14,50,2.4202,2.6812,solved,0
0.0062116603,0.0062116603,2.9233983630e-04,0.0170979483,14,50,2.6082,2.8727,solved,0
0.0062155081,0.0062155081,2.9267920978e-04,0.0171078698,14,50,2.8566,3.1047,solved,0
0.0062193558,0.0062193558,2.9301910808e-04,0.0171178009,14,50,2.7677,2.9987,solved,0
0.0062232038,0.0062232038,2.9335956656e-04,0.0171277426,14,50,2.7830,2.9831,solved,0
0.0062270516,0.0062270516,2.9370054100e-04,0.0171376936,14,50,2.7491,2.9399,solved,0
0.0062308997,0.0062308997,2.9404207574e-04,0.0171476551,14,50,2.7410,2.9490,solved,0
0.0062347479,0.0062347479,2.9438415311e-04,0.0171576267,14,50,2.7613,2.9623,solved,0
0.0062385957,0.0062385957,2.9472672860e-04,0.0171676070,14,50,2.7723,2.9877,solved,0
0.0062424436,0.0062424436,2.9506984665e-04,0.0171775972,14,50,2.7397,2.9353,solved,0
0.0062462914,0.0062462914,2.9541348945e-04,0.0171875970,14,50,2.7170,2.8979,solved,0
0.0062501390,0.0062501390,2.9575764798e-04,0.0171976059,14,50,2.7078,2.8859,solved,0
0.0062539870,0.0062539870,2.9610237597e-04,0.0172076255,14,50,2.6247,2.8595,solved,0
0.0062578347,0.0062578347,2.9644761073e-04,0.0172176540,14,50,2.5063,2.7203,solved,0
0.0062616826,0.0062616826,2.9679339709e-04,0.0172276927,14,50,2.4965,2.7036,solved,0
0.0062655307,0.0062655307,2.9713973515e-04,0.0172377416,14,50,2.4249,2.6168,solved,0
0.0062693785,0.0062693785,2.9748657987e-04,0.0172477993,14,50,2.4221,2.6358,solved,0
0.0062732264,0.0062732264,2.9783396907e-04,0.0172578669,13,50,2.6153,3.1528,solved,0
0.0062770746,0.0062770746,2.9818192315e-04,0.0172679450,13,50,2.0009,2.2165,solved,0
0.0062809221,0.0062809221,2.9853035160e-04,0.0172780309,13,50,1.9080,2.0721,solved,0
0.0062847704,0.0062847704,2.9887939030e-04,0.0172881286,13,50,1.8457,2.0214,solved,0
0.0062886182,0.0062886182,2.9922892139e-04,0.0172982346,13,50,1.8617,2.0298,solved,0
0.0062924659,0.0062924659,2.9957898109e-04,0.0173083500,13,50,1.8219,1.9672,solved,0
0.0062963141,0.0062963141,2.9992962405e-04,0.0173184764,13,50,1.7934,1.9235,solved,0
0.0063001620,0.0063001620,3.0028077744e-04,0.0173286115,13,50,1.8913,2.1197,solved,0
0.0063040097,0.0063040097,3.0063245028e-04,0.0173387557,13,50,2.2534,2.5262,solved,0
0.0063078578,0.0063078578,3.0098469743e-04,0.0173489106,13,50,2.0298,2.2355,solved,0
0.0063117059,0.0063117059,3.0133748238e-04,0.0173590749,13,50,1.8503,1.9932,solved,0
0.0063155536,0.0063155536,3.0169076837e-04,0.0173692478,13,50,1.8001,1.9154,solved,0
0.0063194013,0.0063194013,3.0204459203e-04,0.0173794301,13,50,1.8091,1.9185,solved,0
0.0063232493,0.0063232493,3.0239898103e-04,0.0173896228,13,50,1.8725,2.0064,solved,0
0.0063270971,0.0063270971,3.0275388933e-04,0.0173998244,13,50,1.8232,1.9490,solved,0
0.0063309450,0.0063309450,3.0310934458e-04,0.0174100357,13,50,2.4766,2.6798,solved,0
0.0063347932,0.0063347932,3.0346536534e-04,0.0174202573,13,50,2.4818,2.6775,solved,0
0.0063386408,0.0063386408,3.0382186829e-04,0.0174304867,13,50,2.4693,2.6854,solved,0
0.0063424889,0.0063424889,3.0417895532e-04,0.0174407269,13,50,2.4691,2.6618,solved,0
0.0063463369,0.0063463369,3.0453657085e-04,0.0174509762,13,50,2.5731,2.7778,solved,0
0.0063501847,0.0063501847,3.0489470551e-04,0.0174612344,13,50,2.5034,2.7347,solved,0
0.0063540326,0.0063540326,3.0525338720e-04,0.0174715021,13,50,2.4966,2.6948,solved,0
0.0063578806,0.0063578806,3.0561261598e-04,0.0174817795,13,50,2.4932,2.6963,solved,0
0.0063617284,0.0063617284,3.0597236381e-04,0.0174920657,13,50,2.4474,2.6490,solved,0
0.0063655763,0.0063655763,3.0633265871e-04,0.0175023615,13,50,2.4844,2.7282,solved,0
0.0063694245,0.0063694245,3.0669351951e-04,0.0175126674,13,50,2.5541,2.8367,solved,0
0.0063732723,0.0063732723,3.0705488053e-04,0.0175229815,13,50,2.4844,2.7450,solved,0
0.0063771202,0.0063771202,3.0741678867e-04,0.0175333051,13,50,2.4779,2.7418,solved,0
0.0063809684,0.0063809684,3.0777926283e-04,0.0175436388,13,50,2.4870,2.7411,solved,0
0.0063848160,0.0063848160,3.0814221816e-04,0.0175539801,13,50,2.5695,2.8265,solved,0
0.0063886635,0.0063886635,3.0850570169e-04,0.0175643304,13,50,2.5723,2.7977,solved,0
0.0063925118,0.0063925118,3.0886979860e-04,0.0175746920,13,50,2.4637,2.6999,solved,0
0.0063963592,0.0063963592,3.0923434801e-04,0.0175850604,13,50,2.4976,2.7088,solved,0
0.0064002075,0.0064002075,3.0959952048e-04,0.0175954403,13,50,2.4525,2.6381,solved,0
0.0064040553,0.0064040553,3.0996518325e-04,0.0176058281,13,50,2.4807,2.6782,solved,0
0.0064079033,0.0064079033,3.1033140278e-04,0.0176162256,13,50,2.5225,2.7256,solved,0
0.0064117513,0.0064117513,3.1069816007e-04,0.0176266321,13,50,2.5492,2.7509,solved,0
0.0064155994,0.0064155994,3.1106546468e-04,0.0176370481,13,50,1.8572,1.9847,solved,0
0.0064194470,0.0064194470,3.1143325925e-04,0.0176474718,13,50,1.9884,2.1320,solved,0
0.0064232951,0.0064232951,3.1180163937e-04,0.0176579059,13,50,1.9059,2.0413,solved,0
0.0064271431,0.0064271431,3.1217054769e-04,0.0176683488,13,50,1.8125,1.9115,solved,0
0.0064309909,0.0064309909,3.1253997456e-04,0.0176788001,13,50,1.8006,1.8760,solved,0
0.0064348389,0.0064348389,3.1290995838e-04,0.0176892611,13,50,1.8127,1.8873,solved,0
0.0064386870,0.0064386870,3.1328048960e-04,0.0176997313,13,50,1.7990,1.8738,solved,0
0.0064425346,0.0064425346,3.1365151036e-04,0.0177102092,13,50,2.0300,2.2167,solved,0
0.0064463827,0.0064463827,3.1402311709e-04,0.0177206974,13,50,2.0322,2.2269,solved,0
0.0064502307,0.0064502307,3.1439525194e-04,0.0177311943,13,50,1.8329,1.9460,solved,0
0.0064540783,0.0064540783,3.1476788579e-04,0.0177416991,13,50,1.8193,1.8979,solved,0
0.0064579261,0.0064579261,3.1514107670e-04,0.0177522133,13,50,1.7977,1.8745,solved,0
0.0064617740,0.0064617740,3.1551481503e-04,0.0177627367,13,50,1.9124,2.0195,solved,0
0.0064656219,0.0064656219,3.1588909111e-04,0.0177732690,13,50,1.8146,1.9181,solved,0
0.0064694697,0.0064694697,3.1626389517e-04,0.0177838099,13,50,1.8167,1.9404,solved,0
0.0064733180,0.0064733180,3.1663928575e-04,0.0177943611,13,50,1.8822,2.0271,solved,0
0.0064771655,0.0064771655,3.1701513597e-04,0.0178049189,13,50,1.8230,1.9410,solved,0
0.0064810137,0.0064810137,3.1739159234e-04,0.0178154874,13,50,1.8219,1.9373,solved,0
0.0064848615,0.0064848615,3.1776854732e-04,0.0178260637,13,50,1.7997,1.8840,solved,0
0.0064887095,0.0064887095,3.1814605964e-04,0.0178366493,13,50,1.7894,1.8646,solved,0
0.0064925573,0.0064925573,3.1852409007e-04,0.0178472432,13,50,1.8074,1.8816,solved,0
0.0064964056,0.0064964056,3.1890270742e-04,0.0178578472,13,50,1.8077,1.8816,solved,0
0.0065002531,0.0065002531,3.1928178376e-04,0.0178684578,13,50,1.8728,1.9846,solved,0
0.0065041014,0.0065041014,3.1966147670e-04,0.0178790793,13,50,2.3837,2.6243,solved,0
0.0065079492,0.0065079492,3.2004165805e-04,0.0178897082,13,50,2.3806,2.6079,solved,0
0.0065117971,0.0065117971,3.2042238702e-04,0.0179003460,13,50,2.1849,2.3926,solved,0
0.0065156449,0.0065156449,3.2080364380e-04,0.0179109923,13,50,2.0926,2.2981,solved,0
0.0065194932,0.0065194932,3.2118548794e-04,0.0179216486,13,50,1.8547,1.9932,solved,0
0.0065233407,0.0065233407,3.2156779038e-04,0.0179323114,13,50,1.8226,1.9083,solved,0
0.0065271889,0.0065271889,3.2195070015e-04,0.0179429847,13,50,1.8982,2.0101,solved,0
0.0065310364,0.0065310364,3.2233407793e-04,0.0179536647,13,50,2.4161,2.5873,solved,0
0.0065348841,0.0065348841,3.2271801331e-04,0.0179643540,13,50,2.6718,2.8164,solved,0
0.0065387324,0.0065387324,3.2310254637e-04,0.0179750534,13,50,2.6859,2.7975,solved,0
0.0065425802,0.0065425802,3.2348756721e-04,0.0179857601,13,50,2.7005,2.8204,solved,0
0.0065464281,0.0065464281,3.2387313579e-04,0.0179964756,13,50,2.7247,2.9023,solved,0
0.0065502760,0.0065502760,3.2425924210e-04,0.0180071997,13,50,2.7039,2.8450,solved,0
0.0065541242,0.0065541242,3.2464591631e-04,0.0180179332,13,50,2.6789,2.7941,solved,0
0.0065579717,0.0065579717,3.2503305786e-04,0.0180286732,13,50,2.7498,2.9273,solved,0
0.0065618199,0.0065618199,3.2542080762e-04,0.0180394237,13,50,2.7429,2.9398,solved,0
0.0065656677,0.0065656677,3.2580905558e-04,0.0180501816,12,50,2.6986,2.8431,solved,0
0.0065695158,0.0065695158,3.2619787759e-04,0.0180609490,12,50,2.7086,2.8538,solved,0
0.0065733634,0.0065733634,3.2658719375e-04,0.0180717236,12,50,2.7372,2.9055,solved,0
0.0065772113,0.0065772113,3.2697708496e-04,0.0180825077,12,50,2.6888,2.8266,solved,0
0.0065810593,0.0065810593,3.2736753105e-04,0.0180933007,12,50,2.7065,2.8198,solved,0
0.0065849073,0.0065849073,3.2775852189e-04,0.0181041023,12,50,2.7410,2.9074,solved,0
0.0065887554,0.0065887554,3.2815006766e-04,0.0181149129,12,50,2.7052,2.8961,solved,0
0.0065926031,0.0065926031,3.2854211742e-04,0.0181257308,12,50,2.7209,2.9313,solved,0
0.0065964511,0.0065964511,3.2893474248e-04,0.0181365582,12,50,2.7109,2.8889,solved,0
0.0066002985,0.0066002985,3.2932785093e-04,0.0181473924,12,50,2.7521,2.9155,solved,0
0.0066041463,0.0066041463,3.2972154493e-04,0.0181582363,12,50,2.6784,2.7968,solved,0
0.0066079943,0.0066079943,3.3011580412e-04,0.0181690892,12,50,2.6878,2.8469,solved,0
0.0066118425,0.0066118425,3.3051062859e-04,0.0181799513,12,50,2.7051,2.8535,solved,0
0.0066156902,0.0066156902,3.3090594647e-04,0.0181908204,12,50,2.7149,2.8373,solved,0
0.0066195382,0.0066195382,3.3130183989e-04,0.0182016988,12,50,2.7055,2.8238,solved,0
0.0066233861,0.0066233861,3.3169826775e-04,0.0182125854,12,50,2.6904,2.8177,solved,0
0.0066272339,0.0066272339,3.3209523001e-04,0.0182234802,12,50,2.6870,2.8187,solved,0
0.0066310820,0.0066310820,3.3249276798e-04,0.0182343842,12,50,2.6981,2.8232,solved,0
0.0066349300,0.0066349300,3.3289084037e-04,0.0182452964,12,50,2.6992,2.8270,solved,0
0.0066387777,0.0066387777,3.3328942642e-04,0.0182562161,12,50,2.7133,2.8521,solved,0
0.0066426256,0.0066426256,3.3368857788e-04,0.0182671448,12,50,2.7424,2.8930,solved,0
0.0066464735,0.0066464735,3.3408827407e-04,0.0182780818,12,50,2.7479,2.8749,solved,0
0.0066503215,0.0066503215,3.3448852539e-04,0.0182890275,12,50,2.7165,2.8632,solved,0
0.0066541694,0.0066541694,3.3488931103e-04,0.0182999812,12,50,2.6704,2.8004,solved,0
0.0066580174,0.0066580174,3.3529065184e-04,0.0183109435,12,50,2.6982,2.8105,solved,0
0.0066618654,0.0066618654,3.3569253739e-04,0.0183219141,12,50,2.7456,2.9170,solved,0
0.0066657131,0.0066657131,3.3609493629e-04,0.0183328922,12,50,2.7369,2.9196,solved,0
0.0066695605,0.0066695605,3.3649784842e-04,0.0183438777,12,50,2.7018,2.8511,solved,0
0.0066734087,0.0066734087,3.3690138908e-04,0.0183548737,12,50,2.6839,2.8022,solved,0
0.0066772563,0.0066772563,3.3730541149e-04,0.0183658763,12,50,2.7066,2.8506,solved,0
0.0066811044,0.0066811044,3.3771003116e-04,0.0183768885,12,50,2.7008,2.8360,solved,0
0.0066849525,0.0066849525,3.3811519560e-04,0.0183879090,12,50,2.7690,3.0117,solved,0
0.0066888002,0.0066888002,3.3852086261e-04,0.0183989365,12,50,2.5556,2.7880,solved,0
0.0066926482,0.0066926482,3.3892710599e-04,0.0184099730,12,50,2.4904,2.7145,solved,0
0.0066964960,0.0066964960,3.3933387295e-04,0.0184210172,12,50,2.4358,2.6352,solved,0
0.0067003437,0.0067003437,3.3974117402e-04,0.0184320692,12,50,2.5210,2.7174,solved,0
0.0067041918,0.0067041918,3.4014906217e-04,0.0184431305,12,50,2.4935,2.7055,solved,0
0.0067080399,0.0067080399,3.4055749511e-04,0.0184541999,12,50,2.4793,2.6817,solved,0
0.0067118879,0.0067118879,3.4096646218e-04,0.0184652772,12,50,2.4697,2.7161,solved,0
0.0067157355,0.0067157355,3.4137593141e-04,0.0184763614,12,50,2.4629,2.7020,solved,0
0.0067195836,0.0067195836,3.4178599859e-04,0.0184874552,12,50,2.4801,2.6869,solved,0
0.0067234316,0.0067234316,3.4219659987e-04,0.0184985567,12,50,2.4572,2.6220,solved,0
0.0067272794,0.0067272794,3.4260772452e-04,0.0185096657,12,50,2.4432,2.6203,solved,0
0.0067311274,0.0067311274,3.4301941527e-04,0.0185207833,12,50,2.4767,2.6911,solved,0
0.0067349756,0.0067349756,3.4343167221e-04,0.0185319096,12,50,2.4186,2.6336,solved,0
0.0067388227,0.0067388227,3.4384435588e-04,0.0185430406,12,50,2.4639,2.6752,solved,0
0.0067426706,0.0067426706,3.4425767003e-04,0.0185541820,12,50,2.5014,2.7273,solved,0
0.0067465187,0.0067465187,3.4467155043e-04,0.0185653320,12,50,2.4552,2.6757,solved,0
0.0067503664,0.0067503664,3.4508593250e-04,0.0185764887,12,50,2.4547,2.6680,solved,0
0.0067542145,0.0067542145,3.4550090239e-04,0.0185876546,12,50,2.4487,2.6616,solved,0
0.0067580626,0.0067580626,3.4591641706e-04,0.0185988284,12,50,2.5564,2.8036,solved,0
0.0067619103,0.0067619103,3.4633243323e-04,0.0186100090,12,50,1.9055,2.0499,solved,0
0.0067657580,0.0067657580,3.4674899407e-04,0.0186211974,12,50,1.8791,1.9732,solved,0
0.0067696061,0.0067696061,3.4716614296e-04,0.0186323950,12,50,1.8013,1.8771,solved,0
0.0067734541,0.0067734541,3.4758382577e-04,0.0186436001,12,50,1.8120,1.8857,solved,0
0.0067773019,0.0067773019,3.4800203157e-04,0.0186548126,12,50,1.8180,1.9238,solved,0
0.0067811500,0.0067811500,3.4842081474e-04,0.0186660337,12,50,1.8248,1.9172,solved,0
0.0067849980,0.0067849980,3.4884013178e-04,0.0186772624,12,50,2.2410,2.4995,solved,0
0.0067888455,0.0067888455,3.4925993898e-04,0.0186884975,12,50,2.0216,2.2268,solved,0
0.0067926936,0.0067926936,3.4968035638e-04,0.0186997421,12,50,1.8264,1.9637,solved,0
0.0067965415,0.0067965415,3.5010129666e-04,0.0187109940,12,50,2.0566,2.2843,solved,0
0.0068003896,0.0068003896,3.5052280359e-04,0.0187222542,12,50,2.0037,2.2059,solved,0
0.0068042373,0.0068042373,3.5094481139e-04,0.0187335211,12,50,1.8558,2.0001,solved,0
0.0068080854,0.0068080854,3.5136740781e-04,0.0187447968,12,50,1.8105,1.9489,solved,0
0.0068119328,0.0068119328,3.5179047199e-04,0.0187560783,12,50,1.8647,2.1825,solved,0
0.0068157807,0.0068157807,3.5221413584e-04,0.0187673689,12,50,1.9331,2.1423,solved,0
0.0068196288,0.0068196288,3.5263836647e-04,0.0187786679,12,50,1.8408,1.9717,solved,0
0.0068234762,0.0068234762,3.5306306455e-04,0.0187899724,12,50,1.8176,1.9358,solved,0
0.0068273244,0.0068273244,3.5348839570e-04,0.0188012871,12,50,2.0547,2.2254,solved,0
0.0068311724,0.0068311724,3.5391424950e-04,0.0188126088,12,50,1.9758,2.1567,solved,0
0.0068350204,0.0068350204,3.5434064805e-04,0.0188239382,12,50,1.8416,1.9807,solved,0
0.0068388681,0.0068388681,3.5476755805e-04,0.0188352743,12,50,1.9042,2.0670,solved,0
0.0068427161,0.0068427161,3.5519504605e-04,0.0188466190,12,50,1.8644,2.0012,solved,0
0.0068465642,0.0068465642,3.5562308994e-04,0.0188579715,12,50,1.8077,1.9256,solved,0
0.0068504119,0.0068504119,3.5605163402e-04,0.0188693305,12,50,1.8553,2.0019,solved,0
0.0068542600,0.0068542600,3.5648076741e-04,0.0188806983,12,50,1.8162,1.9434,solved,0
0.0068581081,0.0068581081,3.5691044557e-04,0.0188920736,12,50,1.8338,1.9493,solved,0
0.0068619557,0.0068619557,3.5734061257e-04,0.0189034550,12,50,1.8069,1.9243,solved,0
0.0068658035,0.0068658035,3.5777134662e-04,0.0189148446,12,50,1.8937,2.0535,solved,0
0.0068696515,0.0068696515,3.5820264778e-04,0.0189262423,12,50,1.9078,2.0817,solved,0
0.0068734997,0.0068734997,3.5863451616e-04,0.0189376481,12,50,1.8344,1.9875,solved,0
0.0068773474,0.0068773474,3.5906687312e-04,0.0189490600,12,50,1.8206,1.9398,solved,0
0.0068811950,0.0068811950,3.5949976348e-04,0.0189604790,12,50,1.8258,1.9470,solved,0
0.0068850428,0.0068850428,3.5993322103e-04,0.0189719061,12,50,1.8148,1.9384,solved,0
0.0068888905,0.0068888905,3.6036721198e-04,0.0189833404,12,50,1.8866,2.0360,solved,0
0.0068927386,0.0068927386,3.6080179280e-04,0.0189947833,12,50,1.8207,1.9554,solved,0
0.0068965866,0.0068965866,3.6123690708e-04,0.0190062334,12,50,2.3551,2.6049,solved,0
0.0069004344,0.0069004344,3.6167254346e-04,0.0190176903,12,50,2.2020,2.4101,solved,0
0.0069042824,0.0069042824,3.6210874721e-04,0.0190291552,12,50,2.0866,2.2970,solved,0
0.0069081306,0.0069081306,3.6254551842e-04,0.0190406281,12,50,1.9513,2.1182,solved,0
0.0069119781,0.0069119781,3.6298275484e-04,0.0190521063,12,50,1.8137,1.9247,solved,0
0.0069158262,0.0069158262,3.6342060419e-04,0.0190635937,12,50,1.7874,1.8641,solved,0
0.0069196742,0.0069196742,3.6385900574e-04,0.0190750886,11,75,2.6744,2.8355,solved,0
0.0069235220,0.0069235220,3.6429802603e-04,0.0190865928,11,25,1.3006,1.4249,solved,0
0.0069273699,0.0069273699,3.6473770778e-04,0.0190981074,11,25,1.2427,1.3217,solved,0
0.0069312182,0.0069312182,3.6517808540e-04,0.0191096333,11,25,1.2269,1.3009,solved,0
0.0069350660,0.0069350660,3.6561905586e-04,0.0191211677,11,25,1.2235,1.2960,solved,0
0.0069389140,0.0069389140,3.6606069932e-04,0.0191327128,11,25,1.2336,1.3053,solved,0
0.0069427618,0.0069427618,3.6650296986e-04,0.0191442673,11,25,1.2390,1.3114,solved,0
0.0069466101,0.0069466101,3.6694594803e-04,0.0191558333,11,25,1.2141,1.2905,solved,0
0.0069504576,0.0069504576,3.6738948409e-04,0.0191674068,11,25,1.3371,1.4631,solved,0
0.0069543057,0.0069543057,3.6783373939e-04,0.0191789921,11,25,1.2368,1.3379,solved,0
0.0069581536,0.0069581536,3.6827862168e-04,0.0191905868,11,25,1.2246,1.3087,solved,0
0.0069620015,0.0069620015,3.6872415403e-04,0.0192021914,11,25,1.2316,1.3037,solved,0
0.0069658496,0.0069658496,3.6917035963e-04,0.0192138065,11,25,1.4581,1.6032,solved,0
0.0069696977,0.0069696977,3.6961721537e-04,0.0192254315,11,25,1.2273,1.3318,solved,0
0.0069735456,0.0069735456,3.7006469795e-04,0.0192370657,11,25,1.2245,1.2989,solved,0
0.0069773936,0.0069773936,3.7051284224e-04,0.0192487101,11,25,1.2967,1.4011,solved,0
0.0069812417,0.0069812417,3.7096164830e-04,0.0192603647,11,25,1.2387,1.3300,solved,0
0.0069850897,0.0069850897,3.7141109279e-04,0.0192720288,11,25,1.2185,1.2899,solved,0
0.0069889376,0.0069889376,3.7186117566e-04,0.0192837023,11,25,1.2312,1.3028,solved,0
0.0069927857,0.0069927857,3.7231193204e-04,0.0192953863,11,25,1.4597,1.6565,solved,0
0.0069966336,0.0069966336,3.7276331506e-04,0.0193070794,11,25,1.3387,1.5521,solved,0
0.0070004816,0.0070004816,3.7321535989e-04,0.0193187826,11,25,1.2846,1.4616,solved,0
0.0070043297,0.0070043297,3.7366806659e-04,0.0193304958,11,25,1.3296,1.4784,solved,0
0.0070081776,0.0070081776,3.7412141439e-04,0.0193422184,10,25,1.2569,1.3595,solved,0
0.0070120257,0.0070120257,3.7457548305e-04,0.0193539526,10,25,1.2332,1.3074,solved,0
0.0070158735,0.0070158735,3.7503021476e-04,0.0193656969,10,25,1.2380,1.3098,solved,0
0.0070197214,0.0070197214,3.7548565672e-04,0.0193774523,10,25,1.2301,1.3041,solved,0
0.0070235692,0.0070235692,3.7594178528e-04,0.0193892183,10,25,1.2214,1.2937,solved,0
0.0070274172,0.0070274172,3.7639863602e-04,0.0194009957,10,25,1.2325,1.3051,solved,0
0.0070312655,0.0070312655,3.7685622095e-04,0.0194127850,10,25,1.3278,1.4509,solved,0
0.0070351134,0.0070351134,3.7731445681e-04,0.0194245838,10,25,1.2414,1.3792,solved,0
0.0070389615,0.0070389615,3.7777341500e-04,0.0194363941,10,25,1.2232,1.3028,solved,0
0.0070428094,0.0070428094,3.7823304780e-04,0.0194482145,10,25,1.2314,1.3025,solved,0
0.0070466576,0.0070466576,3.7869341498e-04,0.0194600466,10,25,1.2363,1.3080,solved,0
0.0070505055,0.0070505055,3.7915444475e-04,0.0194718886,10,25,1.4103,1.5573,solved,0
0.0070543535,0.0070543535,3.7961618498e-04,0.0194837416,10,25,1.2742,1.4117,solved,0
0.0070582017,0.0070582017,3.8007864775e-04,0.0194956059,10,25,1.3383,1.4943,solved,0
0.0070620500,0.0070620500,3.8054182114e-04,0.0195074812,10,25,1.3453,1.4872,solved,0
0.0070658977,0.0070658977,3.8100562075e-04,0.0195193653,10,25,1.2289,1.3240,solved,0
0.0070697458,0.0070697458,3.8147016706e-04,0.0195312613,10,25,1.2315,1.3035,solved,0
0.0070735939,0.0070735939,3.8193541190e-04,0.0195431679,10,25,1.2822,1.3543,solved,0
0.0070774418,0.0070774418,3.8240133103e-04,0.0195550845,10,25,1.2273,1.2979,solved,0
0.0070812899,0.0070812899,3.8286797289e-04,0.0195670124,10,25,1.2291,1.3005,solved,0
0.0070851379,0.0070851379,3.8333530113e-04,0.0195789505,10,25,1.2879,1.3837,solved,0
0.0070889859,0.0070889859,3.8380332785e-04,0.0195908991,10,25,1.2729,1.3618,solved,0
0.0070928334,0.0070928334,3.8427199212e-04,0.0196028567,10,25,1.3049,1.4354,solved,0
0.0070966816,0.0070966816,3.8474144015e-04,0.0196148270,10,25,1.2420,1.3343,solved,0
0.0071005297,0.0071005297,3.8521157452e-04,0.0196268075,10,25,1.2181,1.3066,solved,0
0.0071043775,0.0071043775,3.8568237068e-04,0.0196387976,10,25,1.2219,1.2933,solved,0
0.0071082256,0.0071082256,3.8615390205e-04,0.0196507990,10,25,1.2258,1.3004,solved,0
0.0071120738,0.0071120738,3.8662614423e-04,0.0196628112,10,25,1.2819,1.3808,solved,0
0.0071159216,0.0071159216,3.8709903577e-04,0.0196748325,10,25,1.2140,1.2996,solved,0
0.0071197699,0.0071197699,3.8757268732e-04,0.0196868659,10,25,1.2338,1.3104,solved,0
0.0071236177,0.0071236177,3.8804697579e-04,0.0196989080,10,25,1.2338,1.3056,solved,0
0.0071274658,0.0071274658,3.8852199974e-04,0.0197109614,10,25,1.2198,1.2901,solved,0
0.0071313141,0.0071313141,3.8899774697e-04,0.0197230258,10,25,1.2755,1.3473,solved,0
0.0071351618,0.0071351618,3.8947411845e-04,0.0197350986,10,25,1.3707,1.5079,solved,0
0.0071390099,0.0071390099,3.8995123795e-04,0.0197471830,10,25,1.2559,1.3702,solved,0
0.0071428582,0.0071428582,3.9042908082e-04,0.0197592783,10,25,1.2417,1.3227,solved,0
0.0071467059,0.0071467059,3.9090754764e-04,0.0197713820,10,25,1.2422,1.3154,solved,0
0.0071505542,0.0071505542,3.9138678760e-04,0.0197834979,10,25,1.2229,1.2952,solved,0
0.0071544021,0.0071544021,3.9186667625e-04,0.0197956227,10,25,1.2329,1.3047,solved,0
0.0071582503,0.0071582503,3.9234730085e-04,0.0198077586,10,25,1.2315,1.3035,solved,0
0.0071620978,0.0071620978,3.9282853639e-04,0.0198199025,10,25,1.2173,1.2871,solved,0
0.0071659457,0.0071659457,3.9331052038e-04,0.0198320579,10,25,1.5288,1.7162,solved,0
0.0071697938,0.0071697938,3.9379322793e-04,0.0198442240,10,25,1.5882,1.7912,solved,0
0.0071736418,0.0071736418,3.9427662144e-04,0.0198564000,10,25,1.2499,1.3575,solved,0
0.0071774899,0.0071774899,3.9476072603e-04,0.0198685864,10,25,1.3498,1.4843,solved,0
0.0071813380,0.0071813380,3.9524552915e-04,0.0198807829,10,25,1.2548,1.4195,solved,0
0.0071851860,0.0071851860,3.9573101817e-04,0.0198929892,10,25,1.5310,1.7407,solved,0
0.0071890341,0.0071890341,3.9621721832e-04,0.0199052058,10,25,1.5933,1.8087,solved,0
0.0071928818,0.0071928818,3.9670406635e-04,0.0199174312,10,25,1.5317,1.7411,solved,0
0.0071967301,0.0071967301,3.9719168885e-04,0.0199296686,10,25,1.5244,1.7544,solved,0
0.0072005783,0.0072005783,3.9767999724e-04,0.0199419156,10,25,1.5326,1.7222,solved,0
0.0072044260,0.0072044260,3.9816894062e-04,0.0199541710,10,25,1.6077,1.8384,solved,0
0.0072082743,0.0072082743,3.9865865879e-04,0.0199664383,10,25,1.4654,1.6628,solved,0
0.0072121224,0.0072121224,3.9914905005e-04,0.0199787149,10,25,1.9037,2.2412,solved,0
0.0072159702,0.0072159702,3.9964010153e-04,0.0199910005,10,25,1.6593,1.8872,solved,0
0.0072198184,0.0072198184,4.0013190258e-04,0.0200032973,10,25,1.4360,1.6565,solved,0
0.0072236665,0.0072236665,4.0062438939e-04,0.0200156036,10,25,1.3428,1.5087,solved,0
0.0072275144,0.0072275144,4.0111754908e-04,0.0200279192,10,25,1.2742,1.3785,solved,0
0.0072313622,0.0072313622,4.0161139437e-04,0.0200402444,10,25,1.2919,1.4465,solved,0
0.0072352098,0.0072352098,4.0210591236e-04,0.0200525787,10,25,1.7473,1.9563,solved,0
0.0072390581,0.0072390581,4.0260121886e-04,0.0200649251,10,25,1.6576,1.8654,solved,0
0.0072429060,0.0072429060,4.0309717236e-04,0.0200772800,10,25,1.6651,1.9015,solved,0
0.0072467542,0.0072467542,4.0359386307e-04,0.0200896457,10,25,1.5072,1.7561,solved,0
0.0072506021,0.0072506021,4.0409121354e-04,0.0201020201,10,25,1.3580,1.5500,solved,0
0.0072544501,0.0072544501,4.0458927541e-04,0.0201144047,10,25,1.3463,1.5123,solved,0
0.0072582984,0.0072582984,4.0508807469e-04,0.0201267999,10,25,1.2565,1.3610,solved,0
0.0072621465,0.0072621465,4.0558754659e-04,0.0201392042,10,25,1.4790,1.6360,solved,0
0.0072659943,0.0072659943,4.0608767800e-04,0.0201516173,10,25,1.6169,1.8427,solved,0
0.0072698424,0.0072698424,4.0658854690e-04,0.0201640409,10,25,1.6713,1.9077,solved,0
0.0072736903,0.0072736903,4.0709008824e-04,0.0201764736,10,25,1.6414,1.9259,solved,0
0.0072775384,0.0072775384,4.0759235416e-04,0.0201889166,10,25,1.6633,1.9581,solved,0
0.0072813866,0.0072813866,4.0809533169e-04,0.0202013695,10,25,1.6835,1.9405,solved,0
0.0072852346,0.0072852346,4.0859898158e-04,0.0202138314,10,25,1.6554,1.9245,solved,0
0.0072890828,0.0072890828,4.0910338745e-04,0.0202263043,9,25,1.3060,1.4355,solved,0
0.0072929308,0.0072929308,4.0960854697e-04,0.0202387882,9,25,1.3843,1.5273,solved,0
0.0072967789,0.0072967789,4.1011450014e-04,0.0202512839,9,25,1.5660,1.7760,solved,0
0.0073006266,0.0073006266,4.1062118114e-04,0.0202637899,9,25,1.5858,1.8315,solved,0
0.0073044749,0.0073044749,4.1112872171e-04,0.0202763094,9,25,1.2660,1.3699,solved,0
0.0073083228,0.0073083228,4.1163699002e-04,0.0202888391,9,25,1.2472,1.3241,solved,0
0.0073121710,0.0073121710,4.1214607852e-04,0.0203013812,9,25,1.2623,1.3586,solved,0
0.0073160189,0.0073160189,4.1265590781e-04,0.0203139338,9,25,1.2548,1.3502,solved,0
0.0073198671,0.0073198671,4.1316655740e-04,0.0203264989,9,25,1.3034,1.4151,solved,0
0.0073237156,0.0073237156,4.1367802747e-04,0.0203390764,9,25,1.2387,1.3268,solved,0
0.0073275638,0.0073275638,4.1419024902e-04,0.0203516645,8,25,1.2357,1.3256,solved,0
0.0073314119,0.0073314119,4.1470326069e-04,0.0203642643,8,25,1.2387,1.3122,solved,0
0.0073352600,0.0073352600,4.1521707581e-04,0.0203768760,8,25,1.2275,1.3003,solved,0
0.0073391083,0.0073391083,4.1573172113e-04,0.0203895003,8,25,1.2390,1.3235,solved,0
0.0073429564,0.0073429564,4.1624714317e-04,0.0204021358,8,25,1.2366,1.3092,solved,0
0.0073468046,0.0073468046,4.1676338208e-04,0.0204147834,8,25,1.2284,1.3010,solved,0
0.0073506527,0.0073506527,4.1728041102e-04,0.0204274426,8,25,1.2833,1.4197,solved,0
0.0073545006,0.0073545006,4.1779821647e-04,0.0204401129,8,25,1.2966,1.4178,solved,0
0.0073583489,0.0073583489,4.1831687923e-04,0.0204527964,8,25,1.2697,1.3814,solved,0
0.0073621970,0.0073621970,4.1883631849e-04,0.0204654909,8,25,1.2254,1.3094,solved,0
0.0073660454,0.0073660454,4.1935660179e-04,0.0204781982,8,25,1.2407,1.3208,solved,0
0.0073698936,0.0073698936,4.1987766155e-04,0.0204909166,8,25,1.2329,1.3072,solved,0
0.0073737413,0.0073737413,4.2039945694e-04,0.0205036450,8,25,1.2249,1.2992,solved,0
0.0073775894,0.0073775894,4.2092210997e-04,0.0205163864,8,25,1.6652,1.7836,solved,0
0.0073814376,0.0073814376,4.2144558006e-04,0.0205291398,8,25,1.2801,1.3832,solved,0
0.0073852858,0.0073852858,4.2196985363e-04,0.0205419048,8,25,1.2654,1.4476,solved,0
0.0073891339,0.0073891339,4.2249491702e-04,0.0205546811,8,25,1.2311,1.3057,solved,0
0.0073929821,0.0073929821,4.2302079754e-04,0.0205674694,8,25,1.2395,1.3123,solved,0
0.0073968302,0.0073968302,4.2354746784e-04,0.0205802689,8,25,1.2756,1.3717,solved,0
0.0074006785,0.0074006785,4.2407496901e-04,0.0205930806,8,25,1.2572,1.3543,solved,0
0.0074045267,0.0074045267,4.2460325997e-04,0.0206059035,8,25,1.4590,1.6398,solved,0
0.0074083748,0.0074083748,4.2513234066e-04,0.0206187376,8,25,1.3471,1.5177,solved,0
0.0074122229,0.0074122229,4.2566222479e-04,0.0206315832,8,25,1.2667,1.3867,solved,0
0.0074160710,0.0074160710,4.2619291236e-04,0.0206444402,8,25,1.2379,1.3196,solved,0
0.0074199192,0.0074199192,4.2672441719e-04,0.0206573090,8,25,1.2398,1.3132,solved,0
0.0074237675,0.0074237675,4.2725673934e-04,0.0206701896,8,25,1.2357,1.3069,solved,0
0.0074276156,0.0074276156,4.2778983730e-04,0.0206830809,8,25,1.2324,1.3383,solved,0
0.0074314637,0.0074314637,4.2832373869e-04,0.0206959836,8,25,1.2631,1.3765,solved,0
0.0074353120,0.0074353120,4.2885847134e-04,0.0207088984,8,25,1.2414,1.3194,solved,0
0.0074391602,0.0074391602,4.2939399359e-04,0.0207218241,8,25,1.3109,1.4165,solved,0
0.0074430079,0.0074430079,4.2993024958e-04,0.0207347595,8,25,1.2369,1.3278,solved,0
0.0074468562,0.0074468562,4.3046739266e-04,0.0207477081,8,25,1.2416,1.3252,solved,0
0.0074507044,0.0074507044,4.3100532527e-04,0.0207606677,8,25,1.2309,1.3034,solved,0
0.0074545525,0.0074545525,4.3154404735e-04,0.0207736383,8,25,1.2195,1.2906,solved,0
0.0074584006,0.0074584006,4.3208357288e-04,0.0207866200,8,25,1.3340,1.4358,solved,0
0.0074622488,0.0074622488,4.3262391590e-04,0.0207996134,8,25,1.2617,1.3527,solved,0
0.0074660971,0.0074660971,4.3316507647e-04,0.0208126182,8,25,1.2181,1.2915,solved,0
0.0074699452,0.0074699452,4.3370701238e-04,0.0208256335,8,25,1.2324,1.3032,solved,0
0.0074737934,0.0074737934,4.3424976585e-04,0.0208386604,8,25,1.2666,1.3553,solved,0
0.0074776415,0.0074776415,4.3479330866e-04,0.0208516980,8,25,1.2307,1.3130,solved,0
0.0074814897,0.0074814897,4.3533766908e-04,0.0208647470,8,25,1.2514,1.3355,solved,0
0.0074853378,0.0074853378,4.3588281879e-04,0.0208778068,8,25,1.6033,1.7980,solved,0
0.0074891861,0.0074891861,4.3642880035e-04,0.0208908784,8,25,1.6986,1.8841,solved,0
0.0074930344,0.0074930344,4.3697558543e-04,0.0209039610,8,25,1.6599,1.8757,solved,0
0.0074968825,0.0074968825,4.3752314555e-04,0.0209170539,8,25,1.5805,1.7848,solved,0
0.0075007307,0.0075007307,4.3807152338e-04,0.0209301582,8,25,1.2790,1.4213,solved,0
0.0075045788,0.0075045788,4.3862069041e-04,0.0209432732,8,25,1.2612,1.4184,solved,0
0.0075084271,0.0075084271,4.3917068948e-04,0.0209563997,8,25,1.3424,1.5807,solved,0
0.0075122747,0.0075122747,4.3972139182e-04,0.0209695348,8,25,1.4105,1.6394,solved,0
0.0075161229,0.0075161229,4.4027298345e-04,0.0209826829,8,25,1.4290,1.6331,solved,0
0.0075199711,0.0075199711,4.4082537857e-04,0.0209958419,8,25,1.2601,1.3806,solved,0
0.0075238192,0.0075238192,4.4137856278e-04,0.0210090115,8,25,1.3839,1.5932,solved,0
0.0075276674,0.0075276674,4.4193256485e-04,0.0210221922,8,25,1.2573,1.4085,solved,0
0.0075315157,0.0075315157,4.4248738482e-04,0.0210353841,8,25,1.3495,1.5041,solved,0
0.0075353638,0.0075353638,4.4304297942e-04,0.0210485862,8,25,1.3927,1.5599,solved,0
0.0075392119,0.0075392119,4.4359937746e-04,0.0210617990,8,25,1.2812,1.4072,solved,0
0.0075430600,0.0075430600,4.4415657894e-04,0.0210750226,8,25,1.2436,1.3520,solved,0
0.0075469082,0.0075469082,4.4471459837e-04,0.0210882574,8,25,1.2522,1.3464,solved,0
0.0075507565,0.0075507565,4.4527343582e-04,0.0211015032,8,25,1.2483,1.3376,solved,0
0.0075546048,0.0075546048,4.4583307680e-04,0.0211147597,8,25,1.3529,1.5653,solved,0
0.0075584529,0.0075584529,4.4639349215e-04,0.0211280262,8,25,1.2642,1.4047,solved,0
0.0075623011,0.0075623011,4.4695472554e-04,0.0211413038,8,25,1.2464,1.3406,solved,0
0.0075661492,0.0075661492,4.4751674779e-04,0.0211545916,8,25,1.2445,1.3264,solved,0
0.0075699975,0.0075699975,4.4807960276e-04,0.0211678908,8,25,1.2291,1.3071,solved,0
0.0075738456,0.0075738456,4.4864323194e-04,0.0211812000,8,25,1.2607,1.3456,solved,0
0.0075776937,0.0075776937,4.4920766456e-04,0.0211945197,8,25,1.2417,1.3279,solved,0
0.0075815416,0.0075815416,4.4977287122e-04,0.0212078493,8,25,1.2494,1.3989,solved,0
0.0075853897,0.0075853897,4.5033891068e-04,0.0212211901,8,25,1.3094,1.4625,solved,0
0.0075892378,0.0075892378,4.5090575358e-04,0.0212345415,8,25,1.2600,1.3590,solved,0
0.0075930860,0.0075930860,4.5147341468e-04,0.0212479038,8,25,1.2810,1.4424,solved,0
0.0075969341,0.0075969341,4.5204186449e-04,0.0212612762,8,25,1.3990,1.5561,solved,0
0.0076007824,0.0076007824,4.5261114734e-04,0.0212746597,8,25,1.2741,1.3866,solved,0
0.0076046305,0.0076046305,4.5318120407e-04,0.0212880531,8,25,1.2407,1.3312,solved,0
0.0076084786,0.0076084786,4.5375206424e-04,0.0213014569,8,25,1.3019,1.4730,solved,0
0.0076123268,0.0076123268,4.5432374272e-04,0.0213148714,8,25,1.2850,1.4473,solved,0
0.0076161750,0.0076161750,4.5489622468e-04,0.0213282963,8,25,1.2619,1.4059,solved,0
0.0076200233,0.0076200233,4.5546952503e-04,0.0213417320,8,25,1.3635,1.5547,solved,0
0.0076238715,0.0076238715,4.5604361398e-04,0.0213551777,8,25,1.3923,1.5633,solved,0
0.0076277196,0.0076277196,4.5661849146e-04,0.0213686334,8,25,1.2315,1.3354,solved,0
0.0076315678,0.0076315678,4.5719418735e-04,0.0213820997,8,25,1.2377,1.3163,solved,0
0.0076354161,0.0076354161,4.5777070171e-04,0.0213955767,8,25,1.4814,1.6385,solved,0
0.0076392638,0.0076392638,4.5834793717e-04,0.0214090620,7,25,1.4868,1.6891,solved,0
0.0076431123,0.0076431123,4.5892619736e-04,0.0214225628,7,25,1.5434,1.6885,solved,0
0.0076469603,0.0076469603,4.5950531474e-04,0.0214360751,7,25,1.2370,1.3231,solved,0
0.0076508081,0.0076508081,4.6008533420e-04,0.0214495999,7,25,1.2622,1.3383,solved,0
0.0076546557,0.0076546557,4.6066625559e-04,0.0214631371,7,25,1.2387,1.3128,solved,0
0.0076585037,0.0076585037,4.6124816959e-04,0.0214766890,7,25,1.3135,1.4747,solved,0
0.0076623520,0.0076623520,4.6183106132e-04,0.0214902550,7,25,1.3694,1.5891,solved,0
0.0076662000,0.0076662000,4.6241483991e-04,0.0215038331,7,25,1.2647,1.3941,solved,0
0.0076700480,0.0076700480,4.6299955074e-04,0.0215174244,7,25,1.2925,1.4062,solved,0
0.0076738961,0.0076738961,4.6358520907e-04,0.0215310290,7,25,1.2533,1.3650,solved,0
0.0076777441,0.0076777441,4.6417178444e-04,0.0215446463,7,25,1.2428,1.3295,solved,0
0.0076815923,0.0076815923,4.6475932263e-04,0.0215582774,7,25,1.2727,1.3492,solved,0
0.0076854404,0.0076854404,4.6534777787e-04,0.0215719211,7,25,1.2740,1.4567,solved,0
0.0076892884,0.0076892884,4.6593715009e-04,0.0215855774,7,25,1.3493,1.5196,solved,0
0.0076931364,0.0076931364,4.6652745456e-04,0.0215992466,7,25,1.2540,1.3753,solved,0
0.0076969845,0.0076969845,4.6711870666e-04,0.0216129292,7,25,1.2861,1.3735,solved,0
0.0077008324,0.0077008324,4.6771086027e-04,0.0216266239,7,25,1.2214,1.2959,solved,0
0.0077046806,0.0077046806,4.6830399235e-04,0.0216403325,7,25,1.2365,1.3132,solved,0
0.0077085287,0.0077085287,4.6889804135e-04,0.0216540537,7,25,1.2468,1.3271,solved,0
0.0077123767,0.0077123767,4.6949300717e-04,0.0216677873,7,25,1.2961,1.4880,solved,0
0.0077162247,0.0077162247,4.7008890525e-04,0.0216815337,7,25,1.2654,1.3918,solved,0
0.0077200727,0.0077200727,4.7068573558e-04,0.0216952929,7,25,1.2872,1.4119,solved,0
0.0077239206,0.0077239206,4.7128348262e-04,0.0217090645,7,25,1.5292,1.7459,solved,0
0.0077277686,0.0077277686,4.7188217745e-04,0.0217228492,7,25,1.4519,1.6626,solved,0
0.0077316166,0.0077316166,4.7248180452e-04,0.0217366466,7,25,1.2456,1.3592,solved,0
0.0077354646,0.0077354646,4.7308236386e-04,0.0217504566,7,25,1.2349,1.3514,solved,0
0.0077393126,0.0077393126,4.7368385545e-04,0.0217642793,7,25,1.3259,1.4967,solved,0
0.0077431609,0.0077431609,4.7428632629e-04,0.0217781158,7,25,1.2526,1.3610,solved,0
0.0077470089,0.0077470089,4.7488968247e-04,0.0217919637,7,25,1.2250,1.3010,solved,0
0.0077508570,0.0077508570,4.7549398661e-04,0.0218058246,7,25,1.2477,1.3214,solved,0
0.0077547050,0.0077547050,4.7609920732e-04,0.0218196977,7,25,1.3478,1.4723,solved,0
0.0077585530,0.0077585530,4.7670536029e-04,0.0218335833,7,25,1.2266,1.3238,solved,0
0.0077624013,0.0077624013,4.7731249287e-04,0.0218474825,7,25,1.2359,1.3181,solved,0
0.0077662493,0.0077662493,4.7792051042e-04,0.0218613931,7,25,1.6182,1.8228,solved,0
0.0077700973,0.0077700973,4.7852946023e-04,0.0218753162,7,25,1.6876,1.8867,solved,0
0.0077739453,0.0077739453,4.7913934229e-04,0.0218892518,7,25,1.6329,1.8791,solved,0
0.0077777933,0.0077777933,4.7975015661e-04,0.0219031997,7,25,1.5428,1.7670,solved,0
0.0077816416,0.0077816416,4.8036195091e-04,0.0219171611,7,25,1.6273,1.8341,solved,0
0.0077854895,0.0077854895,4.8097461388e-04,0.0219311334,7,25,1.4574,1.6669,solved,0
0.0077893376,0.0077893376,4.8158824097e-04,0.0219451188,7,25,1.2510,1.3966,solved,0
0.0077931853,0.0077931853,4.8220273643e-04,0.0219591151,7,25,1.2295,1.3096,solved,0
0.0077970332,0.0077970332,4.8281819602e-04,0.0219731244,7,25,1.2378,1.3110,solved,0
0.0078008814,0.0078008814,4.8343463591e-04,0.0219871471,7,25,1.2542,1.3277,solved,0
0.0078047295,0.0078047295,4.8405199210e-04,0.0220011816,7,25,1.2163,1.2894,solved,0
0.0078085775,0.0078085775,4.8467026451e-04,0.0220152280,7,25,1.2308,1.3073,solved,0
0.0078124256,0.0078124256,4.8528948529e-04,0.0220292870,7,25,1.4796,1.6639,solved,0
0.0078162736,0.0078162736,4.8590962223e-04,0.0220433578,7,25,1.6472,1.8687,solved,0
0.0078201219,0.0078201219,4.8653073990e-04,0.0220574418,7,25,1.5949,1.8310,solved,0
0.0078239699,0.0078239699,4.8715274143e-04,0.0220715369,7,25,1.5032,1.7330,solved,0
0.0078278179,0.0078278179,4.8777567522e-04,0.0220856441,7,25,1.3048,1.4718,solved,0
0.0078316659,0.0078316659,4.8839954126e-04,0.0220997634,7,25,1.2836,1.4487,solved,0
0.0078355139,0.0078355139,4.8902433956e-04,0.0221138947,7,25,1.3228,1.4938,solved,0
0.0078393622,0.0078393622,4.8965011894e-04,0.0221280392,7,25,1.3346,1.5201,solved,0
0.0078432102,0.0078432102,4.9027678182e-04,0.0221421946,7,25,1.6063,1.8583,solved,0
0.0078470581,0.0078470581,4.9090436064e-04,0.0221563616,7,25,1.3519,1.5202,solved,0
0.0078509063,0.0078509063,4.9153292070e-04,0.0221705417,7,25,1.2356,1.3666,solved,0
0.0078547542,0.0078547542,4.9216236401e-04,0.0221847327,7,25,1.2449,1.3441,solved,0
0.0078586025,0.0078586025,4.9279280510e-04,0.0221989370,7,25,1.4552,1.6092,solved,0
0.0078624505,0.0078624505,4.9342412934e-04,0.0222131522,7,25,1.2377,1.3455,solved,0
0.0078662985,0.0078662985,4.9405638583e-04,0.0222273792,7,25,1.3214,1.4306,solved,0
0.0078701466,0.0078701466,4.9468959105e-04,0.0222416184,7,25,1.2482,1.3492,solved,0
0.0078739946,0.0078739946,4.9532371208e-04,0.0222558692,7,25,1.2545,1.3321,solved,0
0.0078778428,0.0078778428,4.9595879839e-04,0.0222701324,7,25,1.2227,1.3090,solved,0
0.0078816909,0.0078816909,4.9659480052e-04,0.0222844071,7,25,1.2356,1.3125,solved,0
0.0078855389,0.0078855389,4.9723171839e-04,0.0222986932,7,25,1.4480,1.5942,solved,0
0.0078893869,0.0078893869,4.9786956851e-04,0.0223129910,7,25,1.2393,1.3464,solved,0
0.0078932349,0.0078932349,4.9850835089e-04,0.0223273006,7,25,1.2430,1.3186,solved,0
0.0078970832,0.0078970832,4.9914811544e-04,0.0223416229,7,25,1.2378,1.3121,solved,0
0.0079009304,0.0079009304,4.9978862912e-04,0.0223559529,7,25,1.2172,1.2899,solved,0
0.0079047781,0.0079047781,5.0043035365e-04,0.0223703007,6,50,1.8974,2.0572,solved,0
0.0079086261,0.0079086261,5.0107348901e-04,0.0223846708,6,50,1.9882,2.1941,solved,0
0.0079124740,0.0079124740,5.0171796888e-04,0.0223990618,6,50,1.8275,1.9555,solved,0
0.0079163218,0.0079163218,5.0236379316e-04,0.0224134735,6,50,1.7848,1.8831,solved,0
0.0079201699,0.0079201699,5.0301102908e-04,0.0224279074,6,50,1.7755,1.8654,solved,0
0.0079240179,0.0079240179,5.0365960948e-04,0.0224423619,6,50,1.7960,1.8796,solved,0
0.0079278658,0.0079278658,5.0430953425e-04,0.0224568371,6,50,1.9219,2.0811,solved,0
0.0079317136,0.0079317136,5.0496080328e-04,0.0224713329,6,50,1.9050,2.1918,solved,0
0.0079355617,0.0079355617,5.0561348438e-04,0.0224858508,6,50,1.9610,2.1781,solved,0
0.0079394096,0.0079394096,5.0626749280e-04,0.0225003887,6,50,1.8977,2.1361,solved,0
0.0079432575,0.0079432575,5.0692286243e-04,0.0225149475,6,50,2.0631,2.3323,solved,0
0.0079471054,0.0079471054,5.0757959327e-04,0.0225295271,6,50,1.8938,2.0895,solved,0
0.0079509535,0.0079509535,5.0823771956e-04,0.0225441283,6,50,1.8334,1.9614,solved,0
0.0079548012,0.0079548012,5.0889713857e-04,0.0225587486,6,50,1.8095,1.9020,solved,0
0.0079586491,0.0079586491,5.0955795302e-04,0.0225733904,6,50,1.8114,1.8955,solved,0
0.0079624970,0.0079624970,5.1022012869e-04,0.0225880528,6,50,2.0691,2.2616,solved,0
0.0079663451,0.0079663451,5.1088370008e-04,0.0226027366,6,50,2.7925,3.0353,solved,0
0.0079701930,0.0079701930,5.1154859823e-04,0.0226174401,6,50,2.7014,2.8637,solved,0
0.0079740409,0.0079740409,5.1221485758e-04,0.0226321642,6,50,2.7504,2.9224,solved,0
0.0079778887,0.0079778887,5.1288246078e-04,0.0226469084,6,50,2.0135,2.1510,solved,0
0.0079817368,0.0079817368,5.1355147732e-04,0.0226616742,6,50,1.8152,1.9058,solved,0
0.0079855847,0.0079855847,5.1422182033e-04,0.0226764596,6,50,1.9481,2.1244,solved,0
0.0079894326,0.0079894326,5.1489352455e-04,0.0226912654,6,50,1.8687,1.9837,solved,0
0.0079932807,0.0079932807,5.1556662499e-04,0.0227060922,6,50,1.8406,1.9629,solved,0
0.0079971285,0.0079971285,5.1624103415e-04,0.0227209382,6,50,1.8538,1.9710,solved,0
0.0080009765,0.0080009765,5.1691683960e-04,0.0227358052,6,50,1.8452,1.9380,solved,0
0.0080048244,0.0080048244,5.1759398871e-04,0.0227506920,6,50,1.8200,1.9066,solved,0
0.0080086722,0.0080086722,5.1827248138e-04,0.0227655986,6,50,1.7965,1.8723,solved,0
0.0080125201,0.0080125201,5.1895235288e-04,0.0227805257,6,50,1.8733,2.0097,solved,0
0.0080163680,0.0080163680,5.1963358558e-04,0.0227954729,6,50,1.8431,1.9525,solved,0
0.0080202159,0.0080202159,5.2031617948e-04,0.0228104401,6,50,1.9836,2.1515,solved,0
0.0080240640,0.0080240640,5.2100017018e-04,0.0228254281,6,50,2.0891,2.2747,solved,0
0.0080279119,0.0080279119,5.2168548657e-04,0.0228404353,6,50,1.8118,1.9222,solved,0
0.0080317598,0.0080317598,5.2237216417e-04,0.0228554625,6,50,1.9821,2.1678,solved,0
0.0080356077,0.0080356077,5.2306020298e-04,0.0228705095,6,50,1.8285,1.9648,solved,0
0.0080394548,0.0080394548,5.2374945952e-04,0.0228855732,6,50,1.8139,1.8995,solved,0
0.0080433028,0.0080433028,5.2444023842e-04,0.0229006602,6,50,1.9329,2.0341,solved,0
0.0080471504,0.0080471504,5.2513230658e-04,0.0229157655,6,50,1.8466,1.9725,solved,0
0.0080509985,0.0080509985,5.2582582594e-04,0.0229308924,6,50,2.0823,2.3176,solved,0
0.0080548464,0.0080548464,5.2652067050e-04,0.0229460382,6,50,1.8702,2.0427,solved,0
0.0080586943,0.0080586943,5.2721687626e-04,0.0229612037,6,50,2.1619,2.4131,solved,0
0.0080625422,0.0080625422,5.2791444323e-04,0.0229763888,6,50,2.0139,2.2234,solved,0
0.0080663903,0.0080663903,5.2861340777e-04,0.0229915943,6,50,1.9016,2.0979,solved,0
0.0080702382,0.0080702382,5.2931369722e-04,0.0230068185,6,50,1.8884,2.0444,solved,0
0.0080740861,0.0080740861,5.3001534788e-04,0.0230220622,6,50,1.7934,1.9041,solved,0
0.0080779339,0.0080779339,5.3071834146e-04,0.0230373250,6,50,1.8222,1.9156,solved,0
0.0080817821,0.0080817821,5.3142276946e-04,0.0230526087,6,50,1.8350,1.9474,solved,0
0.0080856300,0.0080856300,5.3212850382e-04,0.0230679107,6,50,1.8769,2.0317,solved,0
0.0080894778,0.0080894778,5.3283558098e-04,0.0230832316,6,50,1.8848,2.0386,solved,0
0.0080933259,0.0080933259,5.3354407457e-04,0.0230985730,6,50,1.9780,2.1798,solved,0
0.0080971738,0.0080971738,5.3425389257e-04,0.0231139329,6,50,2.1657,2.3915,solved,0
0.0081010217,0.0081010217,5.3496507179e-04,0.0231293120,6,50,1.8281,2.0088,solved,0
0.0081048696,0.0081048696,5.3567761221e-04,0.0231447102,6,50,1.9292,2.0629,solved,0
0.0081087174,0.0081087174,5.3639149526e-04,0.0231601273,6,50,1.8152,1.9164,solved,0
0.0081125653,0.0081125653,5.3710675806e-04,0.0231755638,6,50,1.7949,1.8710,solved,0
0.0081164133,0.0081164133,5.3782340071e-04,0.0231910198,6,50,1.7914,1.8638,solved,0
0.0081202611,0.0081202611,5.3854136728e-04,0.0232064941,6,50,1.7770,1.8575,solved,0
0.0081241092,0.0081241092,5.3926075112e-04,0.0232219885,6,50,1.9098,2.0503,solved,0
0.0081279573,0.0081279573,5.3998151205e-04,0.0232375023,5,50,2.1589,2.3824,solved,0
0.0081318048,0.0081318048,5.4070467379e-04,0.0232530573,5,100,3.1024,3.3729,solved,0
0.0081356525,0.0081356525,5.4143108710e-04,0.0232686718,5,100,3.8199,4.0642,solved,0
0.0081395000,0.0081395000,5.4216067646e-04,0.0232843440,5,100,3.9082,4.1514,solved,0
0.0081433474,0.0081433474,5.4289346046e-04,0.0233000743,5,100,3.6142,3.8877,solved,0
0.0081471951,0.0081471951,5.4362951553e-04,0.0233158640,5,100,2.9879,3.1489,solved,0
0.0081510427,0.0081510427,5.4436876540e-04,0.0233317116,5,100,3.1842,3.4133,solved,0
0.0081548901,0.0081548901,5.4511119049e-04,0.0233476164,5,100,3.1613,3.3941,solved,0
0.0081587379,0.0081587379,5.4585690683e-04,0.0233635808,5,100,3.3270,3.5608,solved,0
0.0081625853,0.0081625853,5.4660575938e-04,0.0233796014,5,100,3.3298,3.5173,solved,0
0.0081664331,0.0081664331,5.4735790383e-04,0.0233956813,5,100,2.9980,3.1551,solved,0
0.0081702806,0.0081702806,5.4811320350e-04,0.0234118176,5,100,2.9486,3.0570,solved,0
0.0081741283,0.0081741283,5.4887175641e-04,0.0234280122,5,100,2.9367,3.0346,solved,0
0.0081779759,0.0081779759,5.4963350353e-04,0.0234442638,5,100,2.9926,3.1111,solved,0
0.0081818226,0.0081818226,5.5039828524e-04,0.0234605687,5,100,2.9504,3.0590,solved,0
0.0081856702,0.0081856702,5.5116645940e-04,0.0234769346,5,100,2.9267,3.0051,solved,0
0.0081895179,0.0081895179,5.5193786754e-04,0.0234933579,5,100,2.9092,2.9843,solved,0
0.0081933654,0.0081933654,5.5271244940e-04,0.0235098373,5,100,3.1681,3.2980,solved,0
0.0081972130,0.0081972130,5.5349026523e-04,0.0235263738,5,100,2.9343,3.0379,solved,0
0.0082010607,0.0082010607,5.5427131530e-04,0.0235429674,5,100,2.9048,2.9790,solved,0
0.0082049083,0.0082049083,5.5505555901e-04,0.0235596171,5,100,3.0560,3.1633,solved,0
0.0082087559,0.0082087559,5.5584301661e-04,0.0235763232,5,100,2.9156,3.0110,solved,0
0.0082126035,0.0082126035,5.5663368810e-04,0.0235930856,5,100,3.1256,3.2583,solved,0
0.0082164510,0.0082164510,5.5742755281e-04,0.0236099037,5,100,3.0641,3.2257,solved,0
0.0082202987,0.0082202987,5.5822467277e-04,0.0236267787,5,100,3.2892,3.4572,solved,0
0.0082241463,0.0082241463,5.5902498594e-04,0.0236437092,5,100,3.1881,3.3788,solved,0
0.0082279940,0.0082279940,5.5982853393e-04,0.0236606960,5,100,3.0665,3.2213,solved,0
0.0082318412,0.0082318412,5.6063519093e-04,0.0236777362,5,100,3.1739,3.3613,solved,0
0.0082356889,0.0082356889,5.6144516662e-04,0.0236948342,5,100,2.9452,3.0520,solved,0
0.0082395365,0.0082395365,5.6225833519e-04,0.0237119872,5,100,3.0814,3.2237,solved,0
0.0082433841,0.0082433841,5.6307471766e-04,0.0237291955,5,100,2.9268,3.0253,solved,0
0.0082472318,0.0082472318,5.6389433537e-04,0.0237464594,5,100,2.9395,3.0152,solved,0
0.0082510794,0.0082510794,5.6471714570e-04,0.0237637780,5,100,3.1136,3.2529,solved,0
0.0082549270,0.0082549270,5.6554316993e-04,0.0237811516,5,100,2.9481,3.0546,solved,0
0.0082587746,0.0082587746,5.6637240805e-04,0.0237985800,5,100,2.9099,2.9850,solved,0
0.0082626222,0.0082626222,5.6720486007e-04,0.0238160631,5,100,3.3142,3.4398,solved,0
0.0082664698,0.0082664698,5.6804052598e-04,0.0238336008,5,100,3.0791,3.2289,solved,0
0.0082703175,0.0082703175,5.6887942762e-04,0.0238511934,5,100,3.1361,3.2880,solved,0
0.0082741650,0.0082741650,5.6972149947e-04,0.0238688395,5,100,3.3405,3.5403,solved,0
0.0082780127,0.0082780127,5.7056682907e-04,0.0238865408,5,100,2.9514,3.0617,solved,0
0.0082818602,0.0082818602,5.7141532854e-04,0.0239042952,5,100,2.9944,3.0758,solved,0
0.0082857079,0.0082857079,5.7226708609e-04,0.0239221045,5,100,3.0882,3.2391,solved,0
0.0082895554,0.0082895554,5.7312201317e-04,0.0239399669,5,100,3.0197,3.1715,solved,0
0.0082934031,0.0082934031,5.7398019867e-04,0.0239578839,5,100,2.9196,3.0097,solved,0
0.0082972506,0.0082972506,5.7484155338e-04,0.0239758535,5,100,2.9565,3.0806,solved,0
0.0083010984,0.0083010984,5.7570618935e-04,0.0239938782,5,100,3.0024,3.0984,solved,0
0.0083049459,0.0083049459,5.7657397175e-04,0.0240119548,5,100,2.9923,3.1375,solved,0
0.0083087935,0.0083087935,5.7744499057e-04,0.0240300851,5,100,2.9181,3.0230,solved,0
0.0083126411,0.0083126411,5.7831922327e-04,0.0240482686,5,100,3.0183,3.1191,solved,0
0.0083164887,0.0083164887,5.7919666987e-04,0.0240665051,5,100,3.5235,3.7100,solved,0
0.0083203352,0.0083203352,5.8007707813e-04,0.0240847894,5,100,2.9441,3.1179,solved,0
0.0083241829,0.0083241829,5.8096097460e-04,0.0241031320,5,100,3.0541,3.2110,solved,0
0.0083280305,0.0083280305,5.8184806204e-04,0.0241215269,5,100,2.9228,3.0174,solved,0
0.0083318781,0.0083318781,5.8273836338e-04,0.0241399744,5,100,2.9765,3.0926,solved,0
0.0083357256,0.0083357256,5.8363185534e-04,0.0241584738,5,100,3.1891,3.3253,solved,0
0.0083395733,0.0083395733,5.8452860772e-04,0.0241770264,5,100,2.9285,3.0262,solved,0
0.0083434210,0.0083434210,5.8542857417e-04,0.0241956313,5,100,3.9534,4.1189,solved,0
0.0083472685,0.0083472685,5.8633170764e-04,0.0242142873,5,100,3.0503,3.2451,solved,0
0.0083511162,0.0083511162,5.8723810204e-04,0.0242329961,5,100,2.9503,3.0839,solved,0
0.0083549637,0.0083549637,5.8814766313e-04,0.0242517559,5,100,2.9724,3.0928,solved,0
0.0083588114,0.0083588114,5.8906048548e-04,0.0242705683,5,100,3.0437,3.2186,solved,0
0.0083626590,0.0083626590,5.8997649804e-04,0.0242894318,5,100,3.3480,3.5338,solved,0
0.0083665066,0.0083665066,5.9089572449e-04,0.0243083468,5,100,2.9556,3.0968,solved,0
0.0083703543,0.0083703543,5.9181818885e-04,0.0243273136,5,100,3.0743,3.2876,solved,0
0.0083742019,0.0083742019,5.9274384317e-04,0.0243463312,5,100,2.9850,3.1680,solved,0
0.0083780493,0.0083780493,5.9367266302e-04,0.0243653989,5,100,2.9596,3.0996,solved,0
0.0083818970,0.0083818970,5.9460476923e-04,0.0243845190,5,100,3.0079,3.1582,solved,0
0.0083857445,0.0083857445,5.9554004079e-04,0.0244036891,5,100,2.9805,3.1613,solved,0
0.0083895922,0.0083895922,5.9647857495e-04,0.0244229109,5,100,3.2928,3.5101,solved,0
0.0083934397,0.0083934397,5.9742027414e-04,0.0244421823,5,100,3.1933,3.3796,solved,0
0.0083972874,0.0083972874,5.9836523625e-04,0.0244615052,5,100,2.9921,3.1626,solved,0
0.0084011350,0.0084011350,5.9931338773e-04,0.0244808780,5,100,2.9460,3.0828,solved,0
0.0084049826,0.0084049826,6.0026475311e-04,0.0245003011,5,100,3.0284,3.1844,solved,0
0.0084088301,0.0084088301,6.0121930754e-04,0.0245197738,5,100,3.4071,3.6127,solved,0
0.0084126778,0.0084126778,6.0217712555e-04,0.0245392976,5,100,2.9963,3.1665,solved,0
0.0084165253,0.0084165253,6.0313810759e-04,0.0245588702,5,100,3.0320,3.1930,solved,0
0.0084203731,0.0084203731,6.0410237867e-04,0.0245784942,5,100,2.9306,3.0567,solved,0
0.0084242205,0.0084242205,6.0506976322e-04,0.0245981659,5,100,2.9566,3.0845,solved,0
0.0084280682,0.0084280682,6.0604043714e-04,0.0246178886,5,100,3.0240,3.2006,solved,0
0.0084319159,0.0084319159,6.0701432513e-04,0.0246376607,5,100,2.9282,3.0589,solved,0
0.0084357633,0.0084357633,6.0799151002e-04,0.0246574839,4,125,3.4847,3.6095,solved,0
0.0084396108,0.0084396108,6.0897346636e-04,0.0246773878,4,175,4.7116,4.8803,solved,0
0.0084434581,0.0084434581,6.0996043378e-04,0.0246973771,4,175,4.6620,4.8329,solved,0
0.0084473055,0.0084473055,6.1095248905e-04,0.0247174531,4,175,4.9288,5.1460,solved,0
0.0084511530,0.0084511530,6.1194963254e-04,0.0247376157,4,175,4.9180,5.2222,solved,0
0.0084550005,0.0084550005,6.1295183856e-04,0.0247578642,4,175,4.7485,5.0021,solved,0
0.0084588478,0.0084588478,6.1395905460e-04,0.0247781972,4,175,4.7780,4.9615,solved,0
0.0084626944,0.0084626944,6.1497114798e-04,0.0247986118,4,175,4.7238,4.8978,solved,0
0.0084665417,0.0084665417,6.1598848708e-04,0.0248191154,4,175,4.6293,4.7751,solved,0
0.0084703891,0.0084703891,6.1701091481e-04,0.0248397044,4,175,5.0637,5.3075,solved,0
0.0084742365,0.0084742365,6.1803840479e-04,0.0248603782,4,175,4.9429,5.2000,solved,0
0.0084780840,0.0084780840,6.1907098393e-04,0.0248811371,4,175,4.6969,4.8803,solved,0
0.0084819314,0.0084819314,6.2010859855e-04,0.0249019798,4,175,4.7022,4.9150,solved,0
0.0084857788,0.0084857788,6.2115127542e-04,0.0249229066,4,175,4.6668,4.8263,solved,0
0.0084896263,0.0084896263,6.2219904184e-04,0.0249439179,4,175,4.9444,5.1205,solved,0
0.0084934736,0.0084934736,6.2325181592e-04,0.0249650118,4,175,4.7449,4.9176,solved,0
0.0084973210,0.0084973210,6.2430967955e-04,0.0249861898,4,175,4.6956,4.8673,solved,0
0.0085011684,0.0085011684,6.2537260544e-04,0.0250074510,4,175,4.7995,4.9872,solved,0
0.0085050158,0.0085050158,6.2644059357e-04,0.0250287953,4,175,4.7496,4.9336,solved,0
0.0085088633,0.0085088633,6.2751367192e-04,0.0250502230,4,175,4.7018,4.8714,solved,0
0.0085127107,0.0085127107,6.2859178469e-04,0.0250717328,4,175,4.6001,4.8244,solved,0
0.0085165581,0.0085165581,6.2967495972e-04,0.0250933250,4,175,4.7773,4.9549,solved,0
0.0085204055,0.0085204055,6.3076319700e-04,0.0251149994,4,175,4.7416,4.9854,solved,0
0.0085242530,0.0085242530,6.3185652502e-04,0.0251367565,4,175,5.0776,5.3045,solved,0
0.0085281004,0.0085281004,6.3295488694e-04,0.0251585947,4,175,5.0962,5.3256,solved,0
0.0085319477,0.0085319477,6.3405828236e-04,0.0251805139,4,175,4.7066,4.8823,solved,0
0.0085357952,0.0085357952,6.3516679753e-04,0.0252025157,4,175,4.7245,4.9143,solved,0
0.0085396426,0.0085396426,6.3628034621e-04,0.0252245980,4,175,4.6840,4.8417,solved,0
0.0085434900,0.0085434900,6.3739895714e-04,0.0252467613,4,175,4.7394,4.9278,solved,0
0.0085473374,0.0085473374,6.3852263033e-04,0.0252690053,4,175,4.8405,5.0534,solved,0
0.0085511849,0.0085511849,6.3965139517e-04,0.0252913304,4,175,4.8546,5.0587,solved,0
0.0085550323,0.0085550323,6.4078519299e-04,0.0253137353,4,175,4.6512,4.8035,solved,0
0.0085588797,0.0085588797,6.4192405306e-04,0.0253362202,4,175,5.1602,5.3397,solved,0
0.0085627270,0.0085627270,6.4306794559e-04,0.0253587844,4,175,5.0873,5.2790,solved,0
0.0085665746,0.0085665746,6.4421698990e-04,0.0253814300,4,175,5.2535,5.4792,solved,0
0.0085704220,0.0085704220,6.4537103687e-04,0.0254041539,4,175,5.2199,5.4301,solved,0
0.0085742693,0.0085742693,6.4653011589e-04,0.0254269565,4,175,4.7660,4.9472,solved,0
0.0085781167,0.0085781167,6.4769428723e-04,0.0254498386,4,175,4.6355,4.7747,solved,0
0.0085819642,0.0085819642,6.4886355128e-04,0.0254728002,4,175,4.7175,4.8781,solved,0
0.0085858116,0.0085858116,6.5003784726e-04,0.0254958398,4,175,4.7218,4.8897,solved,0
0.0085896590,0.0085896590,6.5121720549e-04,0.0255189578,4,175,4.7252,4.9001,solved,0
0.0085935064,0.0085935064,6.5240162597e-04,0.0255421539,4,175,4.6409,4.7953,solved,0
0.0085973539,0.0085973539,6.5359113969e-04,0.0255654286,4,175,4.8408,5.0191,solved,0
0.0086012004,0.0086012004,6.5478540479e-04,0.0255887750,4,175,4.6497,4.7933,solved,0
0.0086050477,0.0086050477,6.5598497973e-04,0.0256122037,4,175,4.7195,4.8843,solved,0
0.0086088951,0.0086088951,6.5718964804e-04,0.0256357104,4,175,4.6396,4.7824,solved,0
0.0086127425,0.0086127425,6.5839937861e-04,0.0256592942,4,175,4.7743,4.9401,solved,0
0.0086165900,0.0086165900,6.5961420307e-04,0.0256829555,4,175,4.6258,4.7610,solved,0
0.0086204375,0.0086204375,6.6083409004e-04,0.0257066935,4,175,4.7810,4.9449,solved,0
0.0086242848,0.0086242848,6.6205897573e-04,0.0257305067,4,175,4.6878,4.8576,solved,0
0.0086281322,0.0086281322,6.6328895543e-04,0.0257543968,4,175,4.8194,4.9962,solved,0
0.0086319797,0.0086319797,6.6452402956e-04,0.0257783636,4,175,4.6420,4.7848,solved,0
0.0086358270,0.0086358270,6.6576410161e-04,0.0258024050,4,175,4.7173,4.8809,solved,0
0.0086396745,0.0086396745,6.6700930051e-04,0.0258265232,4,175,4.9136,5.0972,solved,0
0.0086435219,0.0086435219,6.6825952936e-04,0.0258507162,4,175,4.9302,5.1353,solved,0
0.0086473693,0.0086473693,6.6951482047e-04,0.0258749845,4,175,4.6912,4.8604,solved,0
0.0086512167,0.0086512167,6.7077517382e-04,0.0258993277,4,175,4.7223,4.8877,solved,0
0.0086550641,0.0086550641,6.7204058944e-04,0.0259237457,4,175,4.6514,4.7882,solved,0
0.0086589115,0.0086589115,6.7331106730e-04,0.0259482382,4,175,4.7010,4.8696,solved,0
0.0086627591,0.0086627591,6.7458667386e-04,0.0259728064,4,175,5.0062,5.1898,solved,0
0.0086666064,0.0086666064,6.7586724314e-04,0.0259974469,4,175,4.9239,5.1093,solved,0
0.0086704538,0.0086704538,6.7715290790e-04,0.0260221619,4,175,4.6160,4.7543,solved,0
0.0086743011,0.0086743011,6.7844360129e-04,0.0260469499,4,175,4.7421,4.9149,solved,0
0.0086781486,0.0086781486,6.7973942417e-04,0.0260718128,4,175,4.6408,4.7854,solved,0
0.0086819960,0.0086819960,6.8104027568e-04,0.0260967484,4,175,4.7198,4.8812,solved,0
0.0086858435,0.0086858435,6.8234622346e-04,0.0261217577,4,175,5.0910,5.2749,solved,0
0.0086896909,0.0086896909,6.8365719961e-04,0.0261468392,4,175,4.7640,4.9387,solved,0
0.0086935383,0.0086935383,6.8497323801e-04,0.0261719934,4,175,4.6138,4.7468,solved,0
0.0086973857,0.0086973857,6.8629433867e-04,0.0261972201,4,175,5.5594,5.7652,solved,0
0.0087012331,0.0087012331,6.8762050158e-04,0.0262225190,4,175,6.1532,6.3986,solved,0
0.0087050805,0.0087050805,6.8895172675e-04,0.0262478899,4,175,6.9192,7.1244,solved,0
0.0087089280,0.0087089280,6.9028804896e-04,0.0262733334,4,175,6.9576,7.1539,solved,0
0.0087127754,0.0087127754,6.9162939877e-04,0.0262988479,4,175,6.9600,7.1593,solved,0
0.0087166227,0.0087166227,6.9297577576e-04,0.0263244331,4,175,6.8692,7.0204,solved,0
0.0087204701,0.0087204701,6.9432724994e-04,0.0263500901,4,175,6.9461,7.1360,solved,0
0.0087243176,0.0087243176,6.9568382169e-04,0.0263758189,4,175,6.8868,7.0773,solved,0
0.0087281651,0.0087281651,6.9704545596e-04,0.0264016184,4,175,6.8503,7.0342,solved,0
0.0087320124,0.0087320124,6.9841208157e-04,0.0264274872,4,175,6.8993,7.0850,solved,0
0.0087358599,0.0087358599,6.9978384061e-04,0.0264534278,4,175,6.9481,7.1509,solved,0
0.0087397073,0.0087397073,7.0116062632e-04,0.0264794378,4,175,6.9567,7.1494,solved,0
0.0087435538,0.0087435538,7.0254215044e-04,0.0265055117,4,175,6.8905,7.0644,solved,0
0.0087474012,0.0087474012,7.0392905947e-04,0.0265316615,4,175,6.8975,7.0629,solved,0
0.0087512485,0.0087512485,7.0532099450e-04,0.0265578801,4,175,6.9220,7.1037,solved,0
0.0087550960,0.0087550960,7.0671806428e-04,0.0265841694,4,175,6.8943,7.1111,solved,0
0.0087589435,0.0087589435,7.0812019657e-04,0.0266105279,4,175,4.6976,4.8887,solved,0
0.0087627909,0.0087627909,7.0952735475e-04,0.0266369547,4,175,5.2759,5.4630,solved,0
0.0087666382,0.0087666382,7.1093953840e-04,0.0266634495,4,175,4.6753,4.8158,solved,0
0.0087704856,0.0087704856,7.1235682094e-04,0.0266900135,4,175,5.0385,5.2081,solved,0
0.0087743331,0.0087743331,7.1377920278e-04,0.0267166465,4,175,4.6252,4.7442,solved,0
0.0087781804,0.0087781804,7.1520657279e-04,0.0267433463,4,175,4.8763,5.0367,solved,0
0.0087820279,0.0087820279,7.1663907940e-04,0.0267701154,4,175,4.6385,4.7520,solved,0
0.0087858754,0.0087858754,7.1807664852e-04,0.0267969522,4,175,4.8485,5.0035,solved,0
0.0087897228,0.0087897228,7.1951924259e-04,0.0268238558,4,175,4.6346,4.7907,solved,0
0.0087935701,0.0087935701,7.2096686122e-04,0.0268508261,4,175,4.8285,5.0594,solved,0
0.0087974175,0.0087974175,7.2241957967e-04,0.0268778641,4,175,4.6255,4.7389,solved,0
0.0088012650,0.0088012650,7.2387739833e-04,0.0269049698,4,175,4.8024,5.0674,solved,0
0.0088051124,0.0088051124,7.2534024142e-04,0.0269321414,4,175,4.7437,4.9161,solved,0
0.0088089598,0.0088089598,7.2680814676e-04,0.0269593796,4,175,4.9958,5.1812,solved,0
0.0088128072,0.0088128072,7.2828111435e-04,0.0269866840,4,175,4.6767,4.8288,solved,0
0.0088166547,0.0088166547,7.2975918268e-04,0.0270140553,4,175,4.7570,4.9460,solved,0
0.0088205022,0.0088205022,7.3124288859e-04,0.0270415031,3,275,6.8523,6.9652,solved,0
0.0088243504,0.0088243504,7.3274372803e-04,0.0270692395,3,775,20.0581,20.2408,solved,0
0.0088281985,0.0088281985,7.3426572626e-04,0.0270973380,3,775,18.5485,18.7495,solved,0
0.0088320466,0.0088320466,7.3580892201e-04,0.0271257981,3,775,19.2505,19.4327,solved,0
0.0088358947,0.0088358947,7.3737331528e-04,0.0271546187,3,775,18.9391,19.1438,solved,0
0.0088397428,0.0088397428,7.3895890606e-04,0.0271837986,3,775,18.8565,19.0403,solved,0
0.0088435910,0.0088435910,7.4056573640e-04,0.0272133375,3,775,18.8923,19.0764,solved,0
0.0088474390,0.0088474390,7.4219368019e-04,0.0272432318,3,775,20.8686,21.0552,solved,0
0.0088512871,0.0088512871,7.4384286352e-04,0.0272734828,3,775,25.2525,25.5072,solved,0
0.0088551353,0.0088551353,7.4551328806e-04,0.0273040892,3,775,21.9480,22.1634,solved,0
0.0088589834,0.0088589834,7.4720486698e-04,0.0273350483,3,775,18.2496,18.4245,solved,0
0.0088628315,0.0088628315,7.4891764342e-04,0.0273663597,3,775,21.8179,22.0430,solved,0
0.0088666796,0.0088666796,7.5065161738e-04,0.0273980221,3,775,24.1790,24.4301,solved,0
0.0088705277,0.0088705277,7.5240678886e-04,0.0274300344,3,775,24.1679,24.4212,solved,0
0.0088743758,0.0088743758,7.5418315785e-04,0.0274623953,3,775,22.3763,22.6028,solved,0
0.0088782239,0.0088782239,7.5598072436e-04,0.0274951036,3,775,23.5663,23.7915,solved,0
0.0088820710,0.0088820710,7.5779901299e-04,0.0275281495,3,775,21.7372,21.9562,solved,0
0.0088859193,0.0088859193,7.5963906520e-04,0.0275615505,3,775,19.2393,19.4265,solved,0
0.0088897672,0.0088897672,7.6150012258e-04,0.0275952917,3,775,18.3014,18.4901,solved,0
0.0088936154,0.0088936154,7.6338252284e-04,0.0276293779,3,775,18.2784,18.4839,solved,0
0.0088974635,0.0088974635,7.6528607198e-04,0.0276638044,3,775,19.3407,19.5298,solved,0
0.0089013117,0.0089013117,7.6721086893e-04,0.0276985716,3,775,21.2856,21.4992,solved,0
0.0089051597,0.0089051597,7.6915676281e-04,0.0277336756,3,775,26.9913,27.2259,solved,0
0.0089090078,0.0089090078,7.7112390450e-04,0.0277691178,3,775,26.8837,27.0923,solved,0
0.0089128561,0.0089128561,7.7311234759e-04,0.0278048979,3,775,26.9364,27.1516,solved,0
0.0089167040,0.0089167040,7.7512178043e-04,0.0278410090,3,775,26.8822,27.0895,solved,0
0.0089205521,0.0089205521,7.7715251467e-04,0.0278774553,3,775,24.4044,24.6441,solved,0
0.0089244003,0.0089244003,7.7920450003e-04,0.0279142347,3,775,20.8177,21.0716,solved,0
0.0089282483,0.0089282483,7.8127757571e-04,0.0279513430,3,775,23.7903,24.0390,solved,0
0.0089320965,0.0089320965,7.8337195720e-04,0.0279887827,3,775,24.1534,24.4087,solved,0
0.0089359446,0.0089359446,7.8548748206e-04,0.0280265496,3,775,24.1947,24.4471,solved,0
0.0089397928,0.0089397928,7.8762426024e-04,0.0280646443,3,775,19.5510,19.7737,solved,0
0.0089436408,0.0089436408,7.8978212434e-04,0.0281030625,3,775,19.4232,19.6465,solved,0
0.0089474889,0.0089474889,7.9196124175e-04,0.0281418059,3,775,19.0771,19.2926,solved,0
0.0089513371,0.0089513371,7.9416161414e-04,0.0281808732,3,775,19.1405,19.3301,solved,0
0.0089551851,0.0089551851,7.9638306913e-04,0.0282202599,3,775,18.3969,18.6216,solved,0
0.0089590333,0.0089590333,7.9862583766e-04,0.0282599688,3,775,19.0185,19.2238,solved,0
0.0089628814,0.0089628814,8.0088974569e-04,0.0282999955,3,775,20.0566,20.2830,solved,0
0.0089667294,0.0089667294,8.0317479158e-04,0.0283403386,3,775,20.5194,20.7983,solved,0
0.0089705776,0.0089705776,8.0548115431e-04,0.0283809999,3,775,21.8132,22.0691,solved,0
0.0089744257,0.0089744257,8.0780865490e-04,0.0284219749,3,775,21.2691,21.5641,solved,0
0.0089782739,0.0089782739,8.1015741431e-04,0.0284632643,3,775,23.7447,24.0335,solved,0
0.0089821219,0.0089821219,8.1252724862e-04,0.0285048636,3,775,22.6537,22.9333,solved,0
0.0089859700,0.0089859700,8.1491834176e-04,0.0285467746,3,775,20.0453,20.2740,solved,0
0.0089898182,0.0089898182,8.1733069538e-04,0.0285889961,3,775,20.2833,20.5015,solved,0
0.0089936662,0.0089936662,8.1976412059e-04,0.0286315232,3,775,22.8342,23.1025,solved,0
0.0089975144,0.0089975144,8.2221887034e-04,0.0286743591,3,775,26.7196,27.0127,solved,0
0.0090013625,0.0090013625,8.2469475410e-04,0.0287174991,3,775,21.6038,21.8432,solved,0
0.0090052105,0.0090052105,8.2719177021e-04,0.0287609417,3,775,21.3604,21.6274,solved,0
0.0090090587,0.0090090587,8.2971011417e-04,0.0288046891,3,775,22.2790,22.5247,solved,0
0.0090129068,0.0090129068,8.3224959048e-04,0.0288487364,3,775,26.5778,26.8077,solved,0
0.0090167550,0.0090167550,8.3481033113e-04,0.0288930845,3,775,27.0625,27.2900,solved,0
0.0090206030,0.0090206030,8.3739213566e-04,0.0289377286,3,775,26.8906,27.1058,solved,0
0.0090244502,0.0090244502,8.3999459323e-04,0.0289826602,3,775,22.1172,22.3157,solved,0
0.0090282984,0.0090282984,8.4261892312e-04,0.0290278990,3,775,19.0343,19.2272,solved,0
0.0090321465,0.0090321465,8.4526438261e-04,0.0290734309,3,775,18.8309,19.0934,solved,0
0.0090359945,0.0090359945,8.4793097005e-04,0.0291192543,3,775,19.0468,19.2552,solved,0
0.0090398427,0.0090398427,8.5061889415e-04,0.0291653715,3,775,18.5053,18.7514,solved,0
0.0090436908,0.0090436908,8.5332794619e-04,0.0292117775,3,775,18.6706,18.8930,solved,0
0.0090475388,0.0090475388,8.5605812452e-04,0.0292584710,3,775,19.0999,19.2904,solved,0
0.0090513870,0.0090513870,8.5880964283e-04,0.0293054541,3,775,19.2730,19.4973,solved,0
0.0090552351,0.0090552351,8.6158228742e-04,0.0293527220,3,775,19.4801,19.6881,solved,0
0.0090590833,0.0090590833,8.6437620241e-04,0.0294002755,3,775,18.5810,18.7853,solved,0
0.0090629313,0.0090629313,8.6719116916e-04,0.0294481098,3,775,18.2654,18.4575,solved,0
0.0090667795,0.0090667795,8.7002748029e-04,0.0294962282,3,775,19.1741,19.4294,solved,0
0.0090706276,0.0090706276,8.7288491550e-04,0.0295446258,3,775,19.8988,20.0929,solved,0
0.0090744756,0.0090744756,8.7576347315e-04,0.0295933012,3,775,19.6144,19.8089,solved,0
0.0090783238,0.0090783238,8.7866337848e-04,0.0296422566,3,775,19.1629,19.3613,solved,0
0.0090821719,0.0090821719,8.8158440625e-04,0.0296914871,3,775,19.1995,19.4016,solved,0
0.0090860200,0.0090860200,8.8452663153e-04,0.0297409924,3,775,18.4077,18.5905,solved,0
0.0090898681,0.0090898681,8.8749005433e-04,0.0297907713,3,775,18.0844,18.2609,solved,0
0.0090937162,0.0090937162,8.9047467465e-04,0.0298408223,3,775,18.3813,18.5661,solved,0
0.0090975643,0.0090975643,8.9348049249e-04,0.0298911440,3,775,18.8872,19.0762,solved,0
0.0091014124,0.0091014124,8.9650750784e-04,0.0299417352,3,775,18.8636,19.0515,solved,0
0.0091052606,0.0091052606,8.9955580020e-04,0.0299925958,3,775,18.1880,18.3711,solved,0
0.0091091086,0.0091091086,9.0262513110e-04,0.0300437203,3,775,20.3529,20.5422,solved,0
0.0091129568,0.0091129568,9.0571581960e-04,0.0300951129,3,775,18.8084,19.0145,solved,0
0.0091168049,0.0091168049,9.0882762557e-04,0.0301467681,3,775,20.3966,20.6228,solved,0
0.0091206530,0.0091206530,9.1196062906e-04,0.0301986859,3,775,18.2915,18.4469,solved,0
0.0091245011,0.0091245011,9.1511483007e-04,0.0302508649,3,775,19.0271,19.2469,solved,0
0.0091283492,0.0091283492,9.1829022859e-04,0.0303033039,3,775,18.5170,18.7035,solved,0
0.0091321973,0.0091321973,9.2148682464e-04,0.0303560015,3,775,18.5748,18.8143,solved,0
0.0091360454,0.0091360454,9.2470461820e-04,0.0304089562,3,775,19.7772,20.0429,solved,0
0.0091398935,0.0091398935,9.2794360927e-04,0.0304621669,3,775,19.1072,19.3366,solved,0
0.0091437417,0.0091437417,9.3120388286e-04,0.0305156334,3,775,18.1198,18.2945,solved,0
0.0091475898,0.0091475898,9.3448526953e-04,0.0305693518,3,775,18.5649,18.7642,solved,0
0.0091514379,0.0091514379,9.3778785371e-04,0.0306233221,3,775,18.6233,18.8306,solved,0
0.0091552860,0.0091552860,9.4111163541e-04,0.0306775429,3,775,18.5809,18.8024,solved,0
0.0091591341,0.0091591341,9.4445661462e-04,0.0307320129,3,775,18.5200,18.7577,solved,0
0.0091629813,0.0091629813,9.4782200159e-04,0.0307867179,3,775,18.2807,18.4693,solved,0
0.0091668294,0.0091668294,9.5120937088e-04,0.0308416824,3,775,26.6525,26.8709,solved,0
0.0091706774,0.0091706774,9.5461784883e-04,0.0308968906,3,775,27.0228,27.2399,solved,0
0.0091745256,0.0091745256,9.5804770201e-04,0.0309523457,3,775,26.9856,27.1999,solved,0
0.0091783737,0.0091783737,9.6149866386e-04,0.0310080419,3,775,26.9147,27.1129,solved,0
0.0091822218,0.0091822218,9.6497082322e-04,0.0310639795,3,775,26.9270,27.1377,solved,0
0.0091860699,0.0091860699,9.6846418010e-04,0.0311201571,3,775,26.9075,27.1238,solved,0
0.0091899180,0.0091899180,9.7197873449e-04,0.0311765735,3,775,26.9410,27.1642,solved,0
0.0091937662,0.0091937662,9.7551457856e-04,0.0312332288,3,775,26.8965,27.1534,solved,0
0.0091976142,0.0091976142,9.7907143584e-04,0.0312901172,3,775,22.1739,22.3622,solved,0
0.0092014624,0.0092014624,9.8264967604e-04,0.0313472435,3,775,20.1603,20.3982,solved,0
0.0092053105,0.0092053105,9.8624902106e-04,0.0314046019,3,775,18.7142,18.9223,solved,0
0.0092091585,0.0092091585,9.8986946923e-04,0.0314621911,3,775,18.3267,18.5306,solved,0
0.0092130067,0.0092130067,9.9351130364e-04,0.0315200143,3,775,18.3541,18.5066,solved,0
0.0092168548,0.0092168548,9.9717424121e-04,0.0315780658,3,775,18.3236,18.4805,solved,0
0.0092207029,0.0092207029,1.0008583763e-03,0.0316363458,3,775,18.3216,18.4686,solved,0
0.0092245510,0.0092245510,1.0045637089e-03,0.0316948530,3,775,18.8184,18.9936,solved,0
0.0092283991,0.0092283991,1.0082902390e-03,0.0317535862,3,775,18.2709,18.4243,solved,0
0.0092322472,0.0092322472,1.0120379667e-03,0.0318125442,3,775,19.3003,19.5178,solved,0
0.0092360953,0.0092360953,1.0158068918e-03,0.0318717256,3,775,18.1284,18.3125,solved,0
0.0092399435,0.0092399435,1.0195971133e-03,0.0319311308,3,775,18.1902,18.3373,solved,0
0.0092437916,0.0092437916,1.0234084340e-03,0.0319907554,3,775,20.2183,20.3983,solved,0
0.0092476397,0.0092476397,1.0272409523e-03,0.0320505999,3,775,18.3045,18.4946,solved,0
0.0092514878,0.0092514878,1.0310946680e-03,0.0321106628,3,775,18.2851,18.4374,solved,0
0.0092553359,0.0092553359,1.0349695813e-03,0.0321709431,3,775,19.1525,19.3291,solved,0
0.0092591840,0.0092591840,1.0388656921e-03,0.0322314395,3,775,18.4053,18.5800,solved,0
0.0092630320,0.0092630320,1.0427924882e-03,0.0322922977,2,800,19.5426,19.7341,solved,0
0.0092668796,0.0092668796,1.0468310358e-03,0.0323547684,2,850,20.3558,20.5306,solved,0
0.0092707272,0.0092707272,1.0510002441e-03,0.0324191339,2,850,20.4914,20.6781,solved,0
0.0092745748,0.0092745748,1.0553001131e-03,0.0324853831,2,850,20.2249,20.4082,solved,0
0.0092784224,0.0092784224,1.0597306428e-03,0.0325535043,2,850,20.0959,20.3354,solved,0
0.0092822700,0.0092822700,1.0642918332e-03,0.0326234859,2,850,20.6723,20.8549,solved,0
0.0092861176,0.0092861176,1.0689836842e-03,0.0326953159,2,850,20.0935,20.2680,solved,0
0.0092899653,0.0092899653,1.0738063230e-03,0.0327689842,2,850,20.0269,20.1939,solved,0
0.0092938129,0.0092938129,1.0787594989e-03,0.0328444744,2,850,21.8673,22.0514,solved,0
0.0092976605,0.0092976605,1.0838433354e-03,0.0329217760,2,850,20.6317,20.8161,solved,0
0.0093015081,0.0093015081,1.0890578327e-03,0.0330008762,2,850,20.9980,21.1844,solved,0
0.0093053549,0.0093053549,1.0944018656e-03,0.0330817452,2,850,20.0086,20.1851,solved,0
0.0093092025,0.0093092025,1.0998776571e-03,0.0331644035,2,875,20.4582,20.6257,solved,0
0.0093130501,0.0093130501,1.1054841092e-03,0.0332488212,2,900,22.9768,23.1616,solved,0
0.0093168977,0.0093168977,1.1112212221e-03,0.0333349850,2,900,21.1282,21.3101,solved,0
0.0093207453,0.0093207453,1.1170889956e-03,0.0334228813,2,925,21.7385,21.9214,solved,0
0.0093245929,0.0093245929,1.1230874298e-03,0.0335124966,2,925,22.2547,22.4453,solved,0
0.0093284406,0.0093284406,1.1292166857e-03,0.0336038195,2,950,23.0185,23.2636,solved,0
0.0093322882,0.0093322882,1.1354764447e-03,0.0336968314,2,950,23.2212,23.4283,solved,0
0.0093361358,0.0093361358,1.1418668644e-03,0.0337915206,2,975,22.7855,22.9687,solved,0
0.0093399834,0.0093399834,1.1483879448e-03,0.0338878731,2,975,22.7177,22.9005,solved,0
0.0093438310,0.0093438310,1.1550396859e-03,0.0339858748,2,1000,23.9292,24.1552,solved,0
0.0093476786,0.0093476786,1.1618220877e-03,0.0340855114,2,1000,24.4943,24.7046,solved,0
0.0093515263,0.0093515263,1.1687353315e-03,0.0341867713,2,1025,24.0269,24.2053,solved,0
0.0093553739,0.0093553739,1.1757790581e-03,0.0342896348,2,1025,23.8688,24.0441,solved,0
0.0093592215,0.0093592215,1.1829534453e-03,0.0343940903,2,1050,25.6681,25.8552,solved,0
0.0093630691,0.0093630691,1.1902584932e-03,0.0345001231,2,1050,26.3222,26.5080,solved,0
0.0093669168,0.0093669168,1.1976943968e-03,0.0346077216,2,1075,25.1134,25.2927,solved,0
0.0093707644,0.0093707644,1.2052607696e-03,0.0347168658,2,1075,25.5306,25.7153,solved,0
0.0093746121,0.0093746121,1.2129580047e-03,0.0348275466,2,1075,25.1268,25.3598,solved,0
0.0093784597,0.0093784597,1.2207857022e-03,0.0349397439,2,1100,26.3039,26.4945,solved,0
0.0093823073,0.0093823073,1.2287440604e-03,0.0350534458,2,1100,26.1680,26.3563,solved,0
0.0093861549,0.0093861549,1.2368330793e-03,0.0351686377,2,1125,26.4997,26.7285,solved,0
0.0093900025,0.0093900025,1.2450527589e-03,0.0352853051,2,1125,26.0217,26.2277,solved,0
0.0093938501,0.0093938501,1.2534030991e-03,0.0354034334,2,1125,26.5099,26.6977,solved,0
0.0093976978,0.0093976978,1.2618843222e-03,0.0355230112,2,1150,35.8920,36.1103,solved,0
0.0094015454,0.0094015454,1.2704959873e-03,0.0356440176,2,1150,39.2608,39.4925,solved,0
0.0094053930,0.0094053930,1.2792383130e-03,0.0357664412,2,1175,40.1110,40.3328,solved,0
0.0094092406,0.0094092406,1.2881112995e-03,0.0358902675,2,1175,40.1873,40.4197,solved,0
0.0094130882,0.0094130882,1.2971149466e-03,0.0360154820,2,1175,33.6928,33.9017,solved,0
0.0094169359,0.0094169359,1.3062494935e-03,0.0361420737,2,1200,27.8858,28.0608,solved,0
0.0094207834,0.0094207834,1.3155142229e-03,0.0362700182,2,1200,28.4750,28.6609,solved,0
0.0094246311,0.0094246311,1.3249100980e-03,0.0363993145,2,1200,27.9731,28.2314,solved,0
0.0094284787,0.0094284787,1.3344363913e-03,0.0365299383,2,1225,28.7224,28.9311,solved,0
0.0094323264,0.0094323264,1.3440935980e-03,0.0366618821,2,1225,28.5298,28.7123,solved,0
0.0094361740,0.0094361740,1.3538812161e-03,0.0367951249,2,1225,32.0197,32.2403,solved,0
0.0094400216,0.0094400216,1.3637994948e-03,0.0369296560,2,1250,30.7609,31.0006,solved,0
0.0094438683,0.0094438683,1.3738460685e-03,0.0370654296,2,1250,29.7392,29.9349,solved,0
0.0094477159,0.0094477159,1.3840256380e-03,0.0372024951,2,1250,30.3683,30.5568,solved,0
0.0094515635,0.0094515635,1.3943358683e-03,0.0373408070,2,1250,31.7722,31.9899,solved,0
0.0094554111,0.0094554111,1.4047767593e-03,0.0374803516,2,1275,30.9072,31.0980,solved,0
0.0094592588,0.0094592588,1.4153485874e-03,0.0376211189,2,1275,31.1246,31.3083,solved,0
0.0094631064,0.0094631064,1.4260508032e-03,0.0377630878,2,1275,32.6410,32.8284,solved,0
0.0094669540,0.0094669540,1.4368836796e-03,0.0379062486,2,1300,37.2022,37.4162,solved,0
0.0094708016,0.0094708016,1.4478472168e-03,0.0380505876,2,1300,37.9641,38.2366,solved,0
0.0094746492,0.0094746492,1.4589414146e-03,0.0381960916,2,1300,40.0037,40.2847,solved,0
0.0094784969,0.0094784969,1.4701665666e-03,0.0383427512,2,1300,39.7342,40.0416,solved,0
0.0094823445,0.0094823445,1.4815220892e-03,0.0384905455,2,1325,41.6434,41.9621,solved,0
0.0094861921,0.0094861921,1.4930082725e-03,0.0386394652,2,1325,39.9706,40.2308,solved,0
0.0094900398,0.0094900398,1.5046254201e-03,0.0387895014,2,1325,42.3112,42.5828,solved,0
0.0094938874,0.0094938874,1.5163729282e-03,0.0389406334,2,1350,37.8521,38.0607,solved,0
0.0094977350,0.0094977350,1.5282510970e-03,0.0390928522,2,1350,37.7437,37.9665,solved,0
0.0095015826,0.0095015826,1.5402599265e-03,0.0392461454,2,1350,35.2421,35.4881,solved,0
0.0095054302,0.0095054302,1.5523994166e-03,0.0394005002,2,1350,36.5884,36.8061,solved,0
0.0095092778,0.0095092778,1.5646695675e-03,0.0395559043,2,1375,34.9703,35.1604,solved,0
0.0095131255,0.0095131255,1.5770707030e-03,0.0397123495,2,1375,35.0999,35.3299,solved,0
0.0095169731,0.0095169731,1.5896021787e-03,0.0398698154,2,1375,34.1784,34.4152,solved,0
0.0095208207,0.0095208207,1.6022643150e-03,0.0400282939,2,1375,33.4815,33.6823,solved,0
0.0095246683,0.0095246683,1.6150571120e-03,0.0401877732,2,1375,36.8986,37.1436,solved,0
0.0095285159,0.0095285159,1.6279805698e-03,0.0403482412,2,1400,34.2645,34.4793,solved,0
0.0095323636,0.0095323636,1.6410350291e-03,0.0405096906,2,1400,34.9764,35.1971,solved,0
0.0095362111,0.0095362111,1.6542194673e-03,0.0406720969,2,1400,34.4432,34.6391,solved,0
0.0095400588,0.0095400588,1.6675352548e-03,0.0408354656,2,1400,35.8602,36.0665,solved,0
0.0095439065,0.0095439065,1.6809817099e-03,0.0409997769,2,1425,39.3994,39.5899,solved,0
0.0095477541,0.0095477541,1.6945584779e-03,0.0411650152,2,1425,42.9872,43.3277,solved,0
0.0095516017,0.0095516017,1.7082659065e-03,0.0413311735,2,1425,43.5869,43.8633,solved,0
0.0095554493,0.0095554493,1.7221039959e-03,0.0414982409,2,1425,34.9609,35.1969,solved,0
0.0095592970,0.0095592970,1.7360731107e-03,0.0416662107,2,1450,35.3108,35.5259,solved,0
0.0095631446,0.0095631446,1.7501725248e-03,0.0418350633,2,1450,33.6929,33.8830,solved,0
0.0095669922,0.0095669922,1.7644025996e-03,0.0420047926,2,1450,34.9232,35.1543,solved,0
0.0095708398,0.0095708398,1.7787633352e-03,0.0421753878,2,1450,52.1224,52.6169,solved,0
0.0095746874,0.0095746874,1.7932547314e-03,0.0423468385,2,1450,42.9182,43.4753,solved,0
0.0095785350,0.0095785350,1.8078767883e-03,0.0425191344,2,1475,39.6115,39.8977,solved,0
0.0095823826,0.0095823826,1.8226295059e-03,0.0426922652,2,1475,44.0824,44.3587,solved,0
0.0095862294,0.0095862294,1.8375097760e-03,0.0428661845,2,1475,49.1714,49.6355,solved,0
0.0095900770,0.0095900770,1.8525237878e-03,0.0430409548,2,1475,61.7228,62.0076,solved,0
0.0095939246,0.0095939246,1.8676684604e-03,0.0432165299,2,1475,42.5096,42.7773,solved,0
0.0095977722,0.0095977722,1.8829437936e-03,0.0433929003,2,1500,40.4133,40.6876,solved,0
0.0096016199,0.0096016199,1.8983501896e-03,0.0435700607,2,1500,37.3558,37.6724,solved,0
0.0096054675,0.0096054675,1.9138868475e-03,0.0437479925,2,1500,53.8163,54.2217,solved,0
0.0096093151,0.0096093151,1.9295541662e-03,0.0439266908,2,1500,43.0374,43.4317,solved,0
0.0096131627,0.0096131627,1.9453521456e-03,0.0441061463,2,1500,39.6958,39.9581,solved,0
0.0096170103,0.0096170103,1.9612807856e-03,0.0442863499,2,1525,36.9825,37.1921,solved,0
0.0096208579,0.0096208579,1.9773400864e-03,0.0444672923,2,1525,42.9587,43.2217,solved,0
0.0096247056,0.0096247056,1.9935304703e-03,0.0446489694,2,1525,39.3626,39.5933,solved,0
0.0096285532,0.0096285532,2.0098510959e-03,0.0448313629,2,1525,34.5814,34.7456,solved,0
0.0096324008,0.0096324008,2.0263023821e-03,0.0450144686,2,1525,34.5634,34.8384,solved,0
0.0096362484,0.0096362484,2.0428843290e-03,0.0451982779,2,1525,36.3541,36.5928,solved,0
0.0096400960,0.0096400960,2.0595969366e-03,0.0453827824,2,1550,36.7260,36.9252,solved,0
0.0096439437,0.0096439437,2.0764406444e-03,0.0455679783,2,1550,35.5480,35.7377,solved,0
0.0096477913,0.0096477913,2.0934145768e-03,0.0457538477,2,1550,36.0680,36.2545,solved,0
0.0096516390,0.0096516390,2.1105196161e-03,0.0459403920,2,1550,35.7019,35.8806,solved,0
0.0096554866,0.0096554866,2.1277548733e-03,0.0461275934,2,1550,35.4162,35.6062,solved,0
0.0096593342,0.0096593342,2.1451207912e-03,0.0463154487,2,1575,35.9385,36.1189,solved,0
0.0096631818,0.0096631818,2.1626173697e-03,0.0465039500,2,1575,36.1416,36.3254,solved,0
0.0096670294,0.0096670294,2.1802446090e-03,0.0466930895,2,1575,43.3608,43.5857,solved,0
0.0096708770,0.0096708770,2.1980025089e-03,0.0468828594,2,1575,37.5801,37.8193,solved,0
0.0096747247,0.0096747247,2.2158915362e-03,0.0470732571,2,1575,36.1732,36.3852,solved,0
0.0096785723,0.0096785723,2.2339107609e-03,0.0472642652,2,1575,36.7543,36.9569,solved,0
0.0096824199,0.0096824199,2.2520606463e-03,0.0474558811,2,1600,37.4756,37.6814,solved,0
0.0096862675,0.0096862675,2.2703411924e-03,0.0476480975,2,1600,37.5799,37.7685,solved,0
0.0096901151,0.0096901151,2.2887523992e-03,0.0478409072,2,1600,38.2367,38.4272,solved,0
0.0096939627,0.0096939627,2.3072942667e-03,0.0480343030,2,1600,39.4324,39.6250,solved,0
0.0096978104,0.0096978104,2.3259672819e-03,0.0482282830,2,1600,36.5718,36.7500,solved,0
0.0097016580,0.0097016580,2.3447704742e-03,0.0484228301,2,1600,36.8076,36.9942,solved,0
0.0097055056,0.0097055056,2.3637043272e-03,0.0486179424,2,1600,36.7297,36.9213,solved,0
0.0097093532,0.0097093532,2.3827688408e-03,0.0488136133,2,1625,37.3151,37.4958,solved,0
0.0097132009,0.0097132009,2.4019645158e-03,0.0490098410,2,1625,37.5063,37.6997,solved,0
0.0097170485,0.0097170485,2.4212903542e-03,0.0492066088,2,1625,37.2494,37.4773,solved,0
0.0097208961,0.0097208961,2.4407468533e-03,0.0494039154,2,1625,37.3751,37.5714,solved,0
0.0097247428,0.0097247428,2.4603294162e-03,0.0496017078,2,1625,37.4565,37.6425,solved,0
0.0097285904,0.0097285904,2.4800472062e-03,0.0498000724,2,1625,37.3534,37.5363,solved,0
0.0097324381,0.0097324381,2.4998961744e-03,0.0499989617,2,1650,37.8286,38.0311,solved,0
0.0097362857,0.0097362857,2.5198752891e-03,0.0501983594,2,1650,37.7704,37.9846,solved,0
0.0097401333,0.0097401333,2.5399850646e-03,0.0503982645,2,1650,38.3881,38.5761,solved,0
0.0097439809,0.0097439809,2.5602255007e-03,0.0505986709,2,1650,41.0489,41.2633,solved,0
0.0097478285,0.0097478285,2.5805965975e-03,0.0507995728,2,1650,37.9388,38.1808,solved,0
0.0097516762,0.0097516762,2.6010988896e-03,0.0510009695,2,1650,38.7846,39.0114,solved,0
0.0097555238,0.0097555238,2.6217313111e-03,0.0512028448,2,1650,39.0295,39.2192,solved,0
0.0097593714,0.0097593714,2.6424943934e-03,0.0514051981,2,1675,43.9083,44.1028,solved,0
0.0097632190,0.0097632190,2.6633881364e-03,0.0516080240,2,1675,38.4138,38.5964,solved,0
0.0097670666,0.0097670666,2.6844125401e-03,0.0518113167,2,1675,38.6403,38.8229,solved,0
0.0097709143,0.0097709143,2.7055681560e-03,0.0520150762,2,1675,42.1999,42.3992,solved,0
0.0097747619,0.0097747619,2.7268538844e-03,0.0522192865,2,1675,37.8270,37.9862,solved,0
0.0097786095,0.0097786095,2.7482702736e-03,0.0524239475,2,1675,37.9818,38.1507,solved,0
0.0097824571,0.0097824571,2.7698173234e-03,0.0526290540,2,1675,38.5998,38.7715,solved,0
0.0097863048,0.0097863048,2.7914955991e-03,0.0528346061,2,1700,38.7916,38.9475,solved,0
0.0097901524,0.0097901524,2.8133039737e-03,0.0530405880,2,1700,38.4697,38.6379,solved,0
0.0097940000,0.0097940000,2.8352430090e-03,0.0532470000,1,1700,39.0270,39.1702,solved,0
