target_return,return,variance,std_dev,n_held,iterations,osqp_time_ms,wall_time_ms,status,refined
0.0000708236,0.0000708236,3.0464069968e-04,0.0174539594,12,25,14.1681,14.4587,solved,0
0.0000727746,0.0000727746,3.0464081618e-04,0.0174539628,12,25,10.5573,10.7869,solved,0
0.0000747261,0.0000747261,3.0464116216e-04,0.0174539727,12,25,10.3715,10.5884,solved,0
0.0000766772,0.0000766772,3.0464173748e-04,0.0174539892,12,25,10.1946,10.3873,solved,0
0.0000786284,0.0000786284,3.0464254221e-04,0.0174540122,12,25,9.8174,10.0376,solved,0
0.0000805798,0.0000805798,3.0464357647e-04,0.0174540418,12,25,10.7859,10.9893,solved,0
0.0000825310,0.0000825310,3.0464484004e-04,0.0174540780,12,25,10.0050,10.1930,solved,0
0.0000844820,0.0000844820,3.0464633285e-04,0.0174541208,12,25,9.7767,10.0196,solved,0
0.0000864331,0.0000864331,3.0464805511e-04,0.0174541701,12,25,10.0170,10.2185,solved,0
0.0000883845,0.0000883845,3.0465000707e-04,0.0174542261,12,25,9.9670,10.1298,solved,0
0.0000903357,0.0000903357,3.0465218824e-04,0.0174542885,12,25,10.2094,10.3970,solved,0
0.0000922869,0.0000922869,3.0465459881e-04,0.0174543576,12,25,10.0135,10.2050,solved,0
0.0000942382,0.0000942382,3.0465723893e-04,0.0174544332,12,25,9.9141,10.0916,solved,0
0.0000961894,0.0000961894,3.0466010832e-04,0.0174545154,12,25,9.8635,10.0331,solved,0
0.0000981405,0.0000981405,3.0466320695e-04,0.0174546042,12,25,10.0836,10.2640,solved,0
0.0001000916,0.0001000916,3.0466653496e-04,0.0174546995,12,25,10.3438,10.5503,solved,0
0.0001020430,0.0001020430,3.0467009292e-04,0.0174548014,12,25,10.0476,10.2651,solved,0
0.0001039941,0.0001039941,3.0467387973e-04,0.0174549099,12,25,10.5271,10.7568,solved,0
0.0001059452,0.0001059452,3.0467789591e-04,0.0174550249,12,25,9.8751,10.1736,solved,0
0.0001078963,0.0001078963,3.0468214148e-04,0.0174551466,12,25,14.2647,14.5240,solved,0
0.0001098477,0.0001098477,3.0468661713e-04,0.0174552748,12,25,10.4223,10.6515,solved,0
0.0001117989,0.0001117989,3.0469132174e-04,0.0174554095,12,25,10.4990,10.7393,solved,0
0.0001137501,0.0001137501,3.0469625098e-04,0.0174555507,13,25,10.4663,10.8007,solved,0
0.0001157014,0.0001157014,3.0470137867e-04,0.0174556976,13,25,14.0142,14.3176,solved,0
0.0001176528,0.0001176528,3.0470670075e-04,0.0174558500,13,25,11.2025,11.4286,solved,0
0.0001196042,0.0001196042,3.0471221697e-04,0.0174560080,13,25,11.0785,11.3001,solved,0
0.0001215555,0.0001215555,3.0471792704e-04,0.0174561716,13,25,12.8347,13.0610,solved,0
0.0001235065,0.0001235065,3.0472383030e-04,0.0174563407,13,25,12.4986,12.7621,solved,0
0.0001254578,0.0001254578,3.0472992858e-04,0.0174565154,13,25,12.3905,12.6740,solved,0
0.0001274093,0.0001274093,3.0473622163e-04,0.0174566956,13,25,10.0961,10.4180,solved,0
0.0001293606,0.0001293606,3.0474270744e-04,0.0174568814,14,25,10.2573,10.5126,solved,0
0.0001313118,0.0001313118,3.0474938010e-04,0.0174570725,14,25,11.0286,11.2616,solved,0
0.0001332630,0.0001332630,3.0475623852e-04,0.0174572689,14,25,10.4168,10.6942,solved,0
0.0001352141,0.0001352141,3.0476328234e-04,0.0174574707,14,25,12.1630,12.4319,solved,0
0.0001371656,0.0001371656,3.0477051341e-04,0.0174576778,14,25,12.4401,12.7939,solved,0
0.0001391169,0.0001391169,3.0477792952e-04,0.0174578902,14,25,11.1047,11.3840,solved,0
0.0001410679,0.0001410679,3.0478553022e-04,0.0174581079,14,25,10.2389,10.4610,solved,0
0.0001430195,0.0001430195,3.0479331908e-04,0.0174583309,14,25,10.3529,10.5571,solved,0
0.0001449706,0.0001449706,3.0480129170e-04,0.0174585593,14,25,10.0740,10.2666,solved,0
0.0001469218,0.0001469218,3.0480945049e-04,0.0174587929,14,25,9.9670,10.1388,solved,0
0.0001488730,0.0001488730,3.0481779504e-04,0.0174590319,14,25,10.4883,10.7067,solved,0
0.0001508244,0.0001508244,3.0482632624e-04,0.0174592762,14,25,13.9441,14.2169,solved,0
0.0001527756,0.0001527756,3.0483504233e-04,0.0174595258,14,25,14.0573,14.2988,solved,0
0.0001547268,0.0001547268,3.0484394418e-04,0.0174597808,14,25,14.0436,14.2856,solved,0
0.0001566782,0.0001566782,3.0485303274e-04,0.0174600410,14,25,14.0806,14.3163,solved,0
0.0001586294,0.0001586294,3.0486230613e-04,0.0174603066,14,25,14.2266,14.4837,solved,0
0.0001605805,0.0001605805,3.0487176480e-04,0.0174605774,14,25,13.9099,14.1469,solved,0
0.0001625318,0.0001625318,3.0488141021e-04,0.0174608537,14,25,13.8620,14.0753,solved,0
0.0001644833,0.0001644833,3.0489124241e-04,0.0174611352,14,25,13.7640,13.9640,solved,0
0.0001664344,0.0001664344,3.0490125836e-04,0.0174614220,14,25,10.0058,10.2164,solved,0
0.0001683857,0.0001683857,3.0491146111e-04,0.0174617142,14,25,12.8828,13.1626,solved,0
0.0001703368,0.0001703368,3.0492184856e-04,0.0174620116,14,25,11.8084,12.1161,solved,0
0.0001722882,0.0001722882,3.0493242339e-04,0.0174623144,14,25,10.9462,11.2246,solved,0
0.0001742394,0.0001742394,3.0494318291e-04,0.0174626225,14,25,10.7916,11.0273,solved,0
0.0001761906,0.0001761906,3.0495412820e-04,0.0174629358,14,25,10.1785,10.3836,solved,0
0.0001781420,0.0001781420,3.0496526039e-04,0.0174632546,14,25,10.4536,10.7277,solved,0
0.0001800932,0.0001800932,3.0497657721e-04,0.0174635786,14,25,10.6266,10.8209,solved,0
0.0001820445,0.0001820445,3.0498808039e-04,0.0174639079,14,25,10.1249,10.3127,solved,0
0.0001839956,0.0001839956,3.0499976814e-04,0.0174642426,14,25,10.0128,10.2141,solved,0
0.0001859471,0.0001859471,3.0501164409e-04,0.0174645826,14,25,10.3342,10.5281,solved,0
0.0001878982,0.0001878982,3.0502370336e-04,0.0174649278,14,25,10.0899,10.2847,solved,0
0.0001898495,0.0001898495,3.0503594964e-04,0.0174652784,14,25,9.9771,10.1447,solved,0
0.0001918009,0.0001918009,3.0504838235e-04,0.0174656343,14,25,10.0377,10.3194,solved,0
0.0001937520,0.0001937520,3.0506099889e-04,0.0174659955,14,25,10.2695,10.4575,solved,0
0.0001957033,0.0001957033,3.0507380250e-04,0.0174663620,14,25,9.9103,10.0933,solved,0
0.0001976544,0.0001976544,3.0508679056e-04,0.0174667338,14,25,10.0296,10.1975,solved,0
0.0001996058,0.0001996058,3.0509996639e-04,0.0174671110,14,25,10.0224,10.1743,solved,0
0.0002015570,0.0002015570,3.0511332664e-04,0.0174674934,14,25,9.9949,10.1612,solved,0
0.0002035083,0.0002035083,3.0512687335e-04,0.0174678812,14,25,9.7382,9.8959,solved,0
0.0002054594,0.0002054594,3.0514060443e-04,0.0174682742,14,25,9.9588,10.1089,solved,0
0.0002074109,0.0002074109,3.0515452412e-04,0.0174686726,14,25,9.9911,10.1504,solved,0
0.0002093620,0.0002093620,3.0516862672e-04,0.0174690763,14,25,10.0204,10.2175,solved,0
0.0002113133,0.0002113133,3.0518291653e-04,0.0174694853,14,25,10.3299,10.5713,solved,0
0.0002132647,0.0002132647,3.0519739287e-04,0.0174698996,14,25,10.2911,10.5248,solved,0
0.0002152158,0.0002152158,3.0521205274e-04,0.0174703192,14,25,10.5319,10.7248,solved,0
0.0002171670,0.0002171670,3.0522689912e-04,0.0174707441,14,25,10.0100,10.1809,solved,0
0.0002191182,0.0002191182,3.0524193126e-04,0.0174711743,14,25,11.9588,12.1619,solved,0
0.0002210698,0.0002210698,3.0525715231e-04,0.0174716099,14,25,10.2175,10.4227,solved,0
0.0002230208,0.0002230208,3.0527255442e-04,0.0174720507,14,25,9.8590,10.0493,solved,0
0.0002249721,0.0002249721,3.0528814466e-04,0.0174724968,14,25,10.0718,10.2611,solved,0
0.0002269236,0.0002269236,3.0530392232e-04,0.0174729483,14,25,10.3406,10.5367,solved,0
0.0002288747,0.0002288747,3.0531988250e-04,0.0174734050,14,25,10.1848,10.3983,solved,0
0.0002308258,0.0002308258,3.0533602842e-04,0.0174738670,14,25,9.9925,10.1623,solved,0
0.0002327771,0.0002327771,3.0535236177e-04,0.0174743344,14,25,9.9626,10.1464,solved,0
0.0002347285,0.0002347285,3.0536888175e-04,0.0174748071,14,25,10.0660,10.2700,solved,0
0.0002366798,0.0002366798,3.0538558667e-04,0.0174752850,14,25,9.8739,10.0490,solved,0
0.0002386310,0.0002386310,3.0540247649e-04,0.0174757683,14,25,10.1233,10.2938,solved,0
0.0002405820,0.0002405820,3.0541955032e-04,0.0174762568,14,25,9.9950,10.2015,solved,0
0.0002425335,0.0002425335,3.0543681432e-04,0.0174767507,14,25,9.9285,10.1066,solved,0
0.0002444846,0.0002444846,3.0545426054e-04,0.0174772498,14,25,10.4942,10.6992,solved,0
0.0002464359,0.0002464359,3.0547189432e-04,0.0174777543,14,25,9.9496,10.2454,solved,0
0.0002483873,0.0002483873,3.0548971480e-04,0.0174782641,14,25,9.8358,10.0482,solved,0
0.0002503385,0.0002503385,3.0550771923e-04,0.0174787791,14,25,10.2517,10.4705,solved,0
0.0002522897,0.0002522897,3.0552590941e-04,0.0174792995,14,25,10.4226,10.6931,solved,0
0.0002542412,0.0002542412,3.0554428820e-04,0.0174798252,14,25,10.5789,10.8675,solved,0
0.0002561923,0.0002561923,3.0556284897e-04,0.0174803561,14,25,11.5435,11.8288,solved,0
0.0002581435,0.0002581435,3.0558159646e-04,0.0174808923,14,25,11.1820,11.4899,solved,0
0.0002600947,0.0002600947,3.0560052971e-04,0.0174814339,14,25,10.3938,10.6429,solved,0
0.0002620461,0.0002620461,3.0561965069e-04,0.0174819807,14,25,10.9744,11.2181,solved,0
0.0002639974,0.0002639974,3.0563895647e-04,0.0174825329,14,25,10.4119,10.6793,solved,0
0.0002659484,0.0002659484,3.0565844502e-04,0.0174830903,14,25,13.7236,14.0046,solved,0
0.0002678997,0.0002678997,3.0567812233e-04,0.0174836530,14,25,10.9272,11.2329,solved,0
0.0002698512,0.0002698512,3.0569798747e-04,0.0174842211,14,25,11.7483,12.0264,solved,0
0.0002718023,0.0002718023,3.0571803430e-04,0.0174847944,14,25,11.5209,11.7927,solved,0
0.0002737535,0.0002737535,3.0573826792e-04,0.0174853730,14,25,10.5367,10.7923,solved,0
0.0002757050,0.0002757050,3.0575869045e-04,0.0174859569,14,25,10.7830,10.9937,solved,0
0.0002776561,0.0002776561,3.0577929455e-04,0.0174865461,14,25,10.3052,10.5112,solved,0
0.0002796073,0.0002796073,3.0580008546e-04,0.0174871406,14,25,10.3190,10.5764,solved,0
0.0002815586,0.0002815586,3.0582106322e-04,0.0174877404,14,25,10.7221,10.9735,solved,0
0.0002835099,0.0002835099,3.0584222676e-04,0.0174883455,14,25,12.4536,12.7587,solved,0
0.0002854611,0.0002854611,3.0586357498e-04,0.0174889558,14,25,10.0102,10.2699,solved,0
0.0002874122,0.0002874122,3.0588510785e-04,0.0174895714,14,25,10.1433,10.3821,solved,0
0.0002893638,0.0002893638,3.0590683205e-04,0.0174901925,14,25,10.8126,11.0792,solved,0
0.0002913150,0.0002913150,3.0592873758e-04,0.0174908187,14,25,12.4803,12.7765,solved,0
0.0002932661,0.0002932661,3.0595082773e-04,0.0174914501,14,25,11.7330,12.1861,solved,0
0.0002952174,0.0002952174,3.0597310592e-04,0.0174920870,14,25,12.7160,13.0374,solved,0
0.0002971688,0.0002971688,3.0599557105e-04,0.0174927291,14,25,13.4094,13.7521,solved,0
0.0002991199,0.0002991199,3.0601821847e-04,0.0174933764,14,25,12.5475,12.9285,solved,0
0.0003010711,0.0003010711,3.0604105282e-04,0.0174940291,14,25,11.0598,11.3816,solved,0
0.0003030223,0.0003030223,3.0606407292e-04,0.0174946870,14,25,10.2018,10.4268,solved,0
0.0003049737,0.0003049737,3.0608728118e-04,0.0174953503,14,25,11.1533,11.3644,solved,0
0.0003069250,0.0003069250,3.0611067403e-04,0.0174960188,14,25,10.9197,11.1396,solved,0
0.0003088762,0.0003088762,3.0613425145e-04,0.0174966926,14,25,9.9248,10.1332,solved,0
0.0003108277,0.0003108277,3.0615801829e-04,0.0174973718,14,25,10.4104,10.6736,solved,0
0.0003127788,0.0003127788,3.0618196603e-04,0.0174980561,14,25,10.1682,10.3711,solved,0
0.0003147299,0.0003147299,3.0620609951e-04,0.0174987457,14,25,9.9317,10.0853,solved,0
0.0003166812,0.0003166812,3.0623042123e-04,0.0174994406,14,25,9.9019,10.0908,solved,0
0.0003186326,0.0003186326,3.0625492999e-04,0.0175001409,14,25,10.1076,10.2879,solved,0
0.0003205837,0.0003205837,3.0627962075e-04,0.0175008463,14,25,10.0935,10.2885,solved,0
0.0003225349,0.0003225349,3.0630449852e-04,0.0175015570,14,25,10.0554,10.2614,solved,0
0.0003244861,0.0003244861,3.0632956206e-04,0.0175022731,14,25,10.4077,10.6281,solved,0
0.0003264377,0.0003264377,3.0635481655e-04,0.0175029945,14,25,10.0209,10.2203,solved,0
0.0003283888,0.0003283888,3.0638025033e-04,0.0175037210,14,25,9.9983,10.1976,solved,0
0.0003303400,0.0003303400,3.0640587118e-04,0.0175044529,14,25,10.3707,10.6148,solved,0
0.0003322915,0.0003322915,3.0643168177e-04,0.0175051901,14,25,10.9879,11.2229,solved,0
0.0003342426,0.0003342426,3.0645767283e-04,0.0175059325,14,25,10.4921,10.7071,solved,0
0.0003361937,0.0003361937,3.0648384963e-04,0.0175066801,14,25,10.0518,10.2476,solved,0
0.0003381450,0.0003381450,3.0651021489e-04,0.0175074331,14,25,10.0076,10.1827,solved,0
0.0003400964,0.0003400964,3.0653676729e-04,0.0175081914,14,25,9.7708,9.9342,solved,0
0.0003420475,0.0003420475,3.0656350137e-04,0.0175089549,14,25,9.8819,10.0359,solved,0
0.0003439989,0.0003439989,3.0659042534e-04,0.0175097237,14,25,9.9392,10.1001,solved,0
0.0003459503,0.0003459503,3.0661753511e-04,0.0175104979,14,25,10.0961,10.3067,solved,0
0.0003479014,0.0003479014,3.0664482647e-04,0.0175112771,14,25,10.3283,10.5375,solved,0
0.0003498526,0.0003498526,3.0667230499e-04,0.0175120617,14,25,9.8698,10.0310,solved,0
0.0003518038,0.0003518038,3.0669996926e-04,0.0175128515,14,25,10.1205,10.2980,solved,0
0.0003537553,0.0003537553,3.0672782360e-04,0.0175136468,14,25,9.9539,10.1243,solved,0
0.0003557064,0.0003557064,3.0675585798e-04,0.0175144471,14,25,10.1774,10.3488,solved,0
0.0003576576,0.0003576576,3.0678408080e-04,0.0175152528,13,25,9.7354,9.9360,solved,0
0.0003596090,0.0003596090,3.0681250441e-04,0.0175160642,13,25,10.2487,10.5098,solved,0
0.0003615603,0.0003615603,3.0684112696e-04,0.0175168812,13,25,10.8492,11.1002,solved,0
0.0003635113,0.0003635113,3.0686994546e-04,0.0175177038,13,25,10.2546,10.4744,solved,0
0.0003654625,0.0003654625,3.0689896729e-04,0.0175185321,13,25,10.1777,10.3919,solved,0
0.0003674140,0.0003674140,3.0692819400e-04,0.0175193663,13,25,9.8620,10.0447,solved,0
0.0003693652,0.0003693652,3.0695761662e-04,0.0175202060,13,25,9.8466,10.0240,solved,0
0.0003713165,0.0003713165,3.0698724113e-04,0.0175210514,13,25,9.8231,9.9976,solved,0
0.0003732680,0.0003732680,3.0701706912e-04,0.0175219026,13,25,9.9514,10.1106,solved,0
0.0003752189,0.0003752189,3.0704708828e-04,0.0175227592,13,25,10.2118,10.4004,solved,0
0.0003771703,0.0003771703,3.0707731553e-04,0.0175236216,13,25,10.0392,10.2480,solved,0
0.0003791218,0.0003791218,3.0710774476e-04,0.0175244899,13,25,9.9308,10.0919,solved,0
0.0003810730,0.0003810730,3.0713836975e-04,0.0175253636,12,175,46.5988,47.0569,solved,1
0.0003830241,0.0003830241,3.0716919368e-04,0.0175262430,12,25,13.8790,14.1124,solved,0
0.0003849754,0.0003849754,3.0720022131e-04,0.0175271282,12,25,13.8961,14.1179,solved,0
0.0003869269,0.0003869269,3.0723145270e-04,0.0175280191,12,25,14.0667,14.2993,solved,0
0.0003888780,0.0003888780,3.0726287822e-04,0.0175289155,12,25,13.9023,14.1178,solved,0
0.0003908294,0.0003908294,3.0729450913e-04,0.0175298177,12,25,13.8938,14.1184,solved,0
0.0003927804,0.0003927804,3.0732633406e-04,0.0175307254,12,25,13.9342,14.1456,solved,0
0.0003947318,0.0003947318,3.0735836607e-04,0.0175316390,12,25,14.0531,14.2980,solved,0
0.0003966830,0.0003966830,3.0739059534e-04,0.0175325582,12,25,13.9953,14.2332,solved,0
0.0003986344,0.0003986344,3.0742302847e-04,0.0175334831,12,25,13.9692,14.1851,solved,0
0.0004005856,0.0004005856,3.0745565882e-04,0.0175344136,12,25,13.9066,14.1212,solved,0
0.0004025368,0.0004025368,3.0748848970e-04,0.0175353497,12,25,13.8120,14.0239,solved,0
0.0004044882,0.0004044882,3.0752152450e-04,0.0175362916,12,25,13.8672,14.0956,solved,0
0.0004064394,0.0004064394,3.0755475646e-04,0.0175372391,12,25,13.8598,14.0893,solved,0
0.0004083908,0.0004083908,3.0758819239e-04,0.0175381924,12,25,13.8132,14.0557,solved,0
0.0004103421,0.0004103421,3.0762182716e-04,0.0175391513,12,25,13.8956,14.1401,solved,0
0.0004122935,0.0004122935,3.0765566422e-04,0.0175401159,12,25,13.9495,14.1813,solved,0
0.0004142443,0.0004142443,3.0768969135e-04,0.0175410858,12,25,10.3853,10.5973,solved,0
0.0004161958,0.0004161958,3.0772393125e-04,0.0175420618,12,25,10.1920,10.3952,solved,0
0.0004181472,0.0004181472,3.0775836998e-04,0.0175430433,12,25,9.9658,10.1274,solved,0
0.0004200985,0.0004200985,3.0779300749e-04,0.0175440305,12,25,10.5552,10.7568,solved,0
0.0004220498,0.0004220498,3.0782784555e-04,0.0175450234,12,25,9.9395,10.1337,solved,0
0.0004240007,0.0004240007,3.0786287697e-04,0.0175460217,12,25,9.9159,10.0862,solved,0
0.0004259522,0.0004259522,3.0789811972e-04,0.0175470260,12,25,10.2338,10.4338,solved,0
0.0004279035,0.0004279035,3.0793355941e-04,0.0175480358,12,25,10.8827,11.0893,solved,0
0.0004298545,0.0004298545,3.0796919364e-04,0.0175490511,13,25,10.3916,10.5797,solved,0
0.0004318061,0.0004318061,3.0800501929e-04,0.0175500718,13,25,10.0498,10.2623,solved,0
0.0004337572,0.0004337572,3.0804100632e-04,0.0175510970,13,25,10.1046,10.3016,solved,0
0.0004357084,0.0004357084,3.0807716573e-04,0.0175521271,13,25,10.0380,10.2044,solved,0
0.0004376599,0.0004376599,3.0811350128e-04,0.0175531621,13,25,10.0407,10.2038,solved,0
0.0004396110,0.0004396110,3.0814999993e-04,0.0175542018,13,25,9.8174,10.0027,solved,0
0.0004415621,0.0004415621,3.0818666910e-04,0.0175552462,13,25,10.0246,10.1701,solved,0
0.0004435132,0.0004435132,3.0822350880e-04,0.0175562954,13,25,9.7060,9.8535,solved,0
0.0004454647,0.0004454647,3.0826052663e-04,0.0175573496,13,25,9.6914,9.8471,solved,0
0.0004474158,0.0004474158,3.0829770741e-04,0.0175584085,13,25,9.8201,9.9637,solved,0
0.0004493671,0.0004493671,3.0833506256e-04,0.0175594722,13,25,10.6232,10.8088,solved,0
0.0004513182,0.0004513182,3.0837258441e-04,0.0175605406,13,25,10.0301,10.2144,solved,0
0.0004532696,0.0004532696,3.0841028260e-04,0.0175616139,13,25,9.9697,10.1064,solved,0
0.0004552207,0.0004552207,3.0844814553e-04,0.0175626919,13,25,10.0776,10.2639,solved,0
0.0004571719,0.0004571719,3.0848618094e-04,0.0175637747,13,25,10.0886,10.2665,solved,0
0.0004591229,0.0004591229,3.0852438297e-04,0.0175648622,13,25,9.9856,10.1764,solved,0
0.0004610744,0.0004610744,3.0856276536e-04,0.0175659547,13,25,10.8924,11.0914,solved,0
0.0004630256,0.0004630256,3.0860131241e-04,0.0175670519,13,25,9.9339,10.1459,solved,0
0.0004649768,0.0004649768,3.0864003000e-04,0.0175681539,13,25,10.0034,10.1951,solved,0
0.0004669280,0.0004669280,3.0867891814e-04,0.0175692606,13,25,9.8310,10.0135,solved,0
0.0004688794,0.0004688794,3.0871798083e-04,0.0175703722,13,25,10.5892,10.8025,solved,0
0.0004708306,0.0004708306,3.0875721007e-04,0.0175714886,13,25,9.8472,10.0212,solved,0
0.0004727816,0.0004727816,3.0879660581e-04,0.0175726095,13,25,9.9757,10.1301,solved,0
0.0004747331,0.0004747331,3.0883618221e-04,0.0175737356,13,25,9.9417,10.1097,solved,0
0.0004766843,0.0004766843,3.0887592309e-04,0.0175748662,13,25,9.8226,9.9725,solved,0
0.0004786355,0.0004786355,3.0891583451e-04,0.0175760017,13,25,9.8868,10.0360,solved,0
0.0004805866,0.0004805866,3.0895591442e-04,0.0175771418,13,25,9.9722,10.1176,solved,0
0.0004825381,0.0004825381,3.0899617312e-04,0.0175782870,13,25,10.0252,10.1503,solved,0
0.0004844891,0.0004844891,3.0903659203e-04,0.0175794366,13,25,9.8013,9.9475,solved,0
0.0004864403,0.0004864403,3.0907718563e-04,0.0175805912,13,25,10.1846,10.3558,solved,0
0.0004883914,0.0004883914,3.0911794767e-04,0.0175817504,13,25,10.2532,10.4452,solved,0
0.0004903430,0.0004903430,3.0915889075e-04,0.0175829147,13,25,10.1060,10.3138,solved,0
0.0004922942,0.0004922942,3.0919999600e-04,0.0175840836,13,25,10.1865,10.4326,solved,0
0.0004942453,0.0004942453,3.0924126967e-04,0.0175852572,13,25,9.8375,10.0420,solved,0
0.0004961964,0.0004961964,3.0928271387e-04,0.0175864355,13,25,10.7532,10.9677,solved,0
0.0004981478,0.0004981478,3.0932433501e-04,0.0175876188,13,25,10.5806,10.8025,solved,0
0.0005000989,0.0005000989,3.0936612028e-04,0.0175888067,13,25,9.9574,10.1288,solved,0
0.0005020500,0.0005020500,3.0940807608e-04,0.0175899993,13,25,10.0062,10.1873,solved,0
0.0005040017,0.0005040017,3.0945021539e-04,0.0175911971,13,25,10.1319,10.2983,solved,0
0.0005059527,0.0005059527,3.0949251013e-04,0.0175923992,13,25,10.2512,10.4073,solved,0
0.0005079039,0.0005079039,3.0953497973e-04,0.0175936062,13,25,10.2583,10.4715,solved,0
0.0005098550,0.0005098550,3.0957761769e-04,0.0175948179,13,25,9.9788,10.1399,solved,0
0.0005118065,0.0005118065,3.0962043497e-04,0.0175960346,13,25,9.9337,10.0888,solved,0
0.0005137575,0.0005137575,3.0966341180e-04,0.0175972558,13,25,10.2911,10.4808,solved,0
0.0005157087,0.0005157087,3.0970656358e-04,0.0175984819,13,25,9.9587,10.1405,solved,0
0.0005176599,0.0005176599,3.0974988590e-04,0.0175997127,13,25,9.9618,10.1363,solved,0
0.0005196115,0.0005196115,3.0979338770e-04,0.0176009485,13,25,9.9278,10.0972,solved,0
0.0005215625,0.0005215625,3.0983704665e-04,0.0176021887,13,25,9.8563,10.0076,solved,0
0.0005235137,0.0005235137,3.0988088062e-04,0.0176034338,13,25,9.9209,10.0722,solved,0
0.0005254648,0.0005254648,3.0992488287e-04,0.0176046835,13,25,10.4468,10.6251,solved,0
0.0005274162,0.0005274162,3.0996906245e-04,0.0176059383,13,25,10.1304,10.3264,solved,0
0.0005293674,0.0005293674,3.1001340806e-04,0.0176071976,13,25,10.3059,10.5072,solved,0
0.0005313186,0.0005313186,3.1005792420e-04,0.0176084617,13,25,11.1060,11.3300,solved,0
0.0005332698,0.0005332698,3.1010261090e-04,0.0176097306,13,25,11.4295,11.6758,solved,0
0.0005352211,0.0005352211,3.1014747043e-04,0.0176110042,13,25,10.8827,11.1830,solved,0
0.0005371723,0.0005371723,3.1019249822e-04,0.0176122826,13,25,13.5164,13.8253,solved,0
0.0005391235,0.0005391235,3.1023769655e-04,0.0176135657,13,25,10.4986,10.7759,solved,0
0.0005410748,0.0005410748,3.1028306144e-04,0.0176148534,14,25,12.5041,12.7868,solved,0
0.0005430258,0.0005430258,3.1032857543e-04,0.0176161453,14,25,10.1524,10.4153,solved,0
0.0005449773,0.0005449773,3.1037425719e-04,0.0176174418,14,25,10.9818,11.2094,solved,0
0.0005469284,0.0005469284,3.1042008566e-04,0.0176187425,14,25,11.1090,11.3331,solved,0
0.0005488799,0.0005488799,3.1046607964e-04,0.0176200477,14,25,10.7552,11.0336,solved,0
0.0005508310,0.0005508310,3.1051222026e-04,0.0176213569,14,25,10.9647,11.2402,solved,0
0.0005527825,0.0005527825,3.1055852644e-04,0.0176226708,14,25,11.8277,12.1376,solved,0
0.0005547335,0.0005547335,3.1060497682e-04,0.0176239887,14,25,9.9901,10.2434,solved,0
0.0005566849,0.0005566849,3.1065159282e-04,0.0176253111,14,25,10.7423,11.0857,solved,0
0.0005586361,0.0005586361,3.1069836011e-04,0.0176266378,14,25,10.4631,10.7209,solved,0
0.0005605872,0.0005605872,3.1074528108e-04,0.0176279687,14,25,11.3891,11.7042,solved,0
0.0005625387,0.0005625387,3.1079236777e-04,0.0176293042,14,25,10.6213,10.8395,solved,0
0.0005644898,0.0005644898,3.1083960088e-04,0.0176306438,14,25,10.7545,10.9732,solved,0
0.0005664412,0.0005664412,3.1088699735e-04,0.0176319879,14,25,10.6485,10.9311,solved,0
0.0005683922,0.0005683922,3.1093454015e-04,0.0176333360,14,25,10.3324,10.5933,solved,0
0.0005703437,0.0005703437,3.1098225125e-04,0.0176346889,14,25,11.0276,11.2639,solved,0
0.0005722949,0.0005722949,3.1103011110e-04,0.0176360458,14,25,10.8153,11.0609,solved,0
0.0005742463,0.0005742463,3.1107813195e-04,0.0176374072,14,25,10.3353,10.5767,solved,0
0.0005761974,0.0005761974,3.1112630148e-04,0.0176387727,14,25,10.8822,11.1239,solved,0
0.0005781485,0.0005781485,3.1117462708e-04,0.0176401425,14,25,11.1510,11.4385,solved,0
0.0005801000,0.0005801000,3.1122311869e-04,0.0176415169,14,25,10.0132,10.2192,solved,0
0.0005820510,0.0005820510,3.1127175393e-04,0.0176428953,14,25,16.9496,17.2234,solved,0
0.0005840026,0.0005840026,3.1132056025e-04,0.0176442784,14,25,10.4045,10.6526,solved,0
0.0005859535,0.0005859535,3.1136950511e-04,0.0176456653,14,25,11.2339,11.5504,solved,0
0.0005879051,0.0005879051,3.1141862365e-04,0.0176470571,14,25,10.5419,10.8040,solved,0
0.0005898561,0.0005898561,3.1146788315e-04,0.0176484527,14,25,10.4123,10.6472,solved,0
0.0005918076,0.0005918076,3.1151731138e-04,0.0176498530,14,25,10.9377,11.3983,solved,0
0.0005937587,0.0005937587,3.1156688555e-04,0.0176512573,14,25,10.2342,10.4973,solved,0
0.0005957097,0.0005957097,3.1161661322e-04,0.0176526659,14,25,11.1991,11.4771,solved,0
0.0005976612,0.0005976612,3.1166650974e-04,0.0176540791,14,25,10.6957,10.9717,solved,0
0.0005996123,0.0005996123,3.1171655210e-04,0.0176554964,14,25,11.2792,11.6451,solved,0
0.0006015639,0.0006015639,3.1176676341e-04,0.0176569183,14,25,13.6075,13.9159,solved,0
0.0006035150,0.0006035150,3.1181711793e-04,0.0176583441,14,25,10.0938,10.3358,solved,0
0.0006054662,0.0006054662,3.1186763111e-04,0.0176597744,14,25,10.1525,10.3738,solved,0
0.0006074174,0.0006074174,3.1191830035e-04,0.0176612089,14,25,12.0148,12.2556,solved,0
0.0006093686,0.0006093686,3.1196912567e-04,0.0176626478,14,25,13.4720,13.7481,solved,0
0.0006113201,0.0006113201,3.1202011491e-04,0.0176640911,14,25,11.8145,12.1549,solved,0
0.0006132712,0.0006132712,3.1207124978e-04,0.0176655385,14,25,13.8329,14.0974,solved,0
0.0006152225,0.0006152225,3.1212254597e-04,0.0176669903,14,25,11.8679,12.1130,solved,0
0.0006171737,0.0006171737,3.1217399561e-04,0.0176684463,14,25,10.9040,11.2310,solved,0
0.0006191251,0.0006191251,3.1222560662e-04,0.0176699068,14,25,11.4404,11.8980,solved,0
0.0006210763,0.0006210763,3.1227736842e-04,0.0176713714,14,25,11.3309,11.6532,solved,0
0.0006230273,0.0006230273,3.1232928096e-04,0.0176728402,14,25,12.6557,12.9917,solved,0
0.0006249787,0.0006249787,3.1238136024e-04,0.0176743136,14,25,11.9415,12.2196,solved,0
0.0006269298,0.0006269298,3.1243358759e-04,0.0176757910,14,25,10.6691,11.0452,solved,0
0.0006288813,0.0006288813,3.1248598174e-04,0.0176772730,14,25,12.4117,12.7740,solved,0
0.0006308324,0.0006308324,3.1253852123e-04,0.0176787590,14,25,10.1037,10.3397,solved,0
0.0006327840,0.0006327840,3.1259123030e-04,0.0176802497,14,25,9.9406,10.1138,solved,0
0.0006347351,0.0006347351,3.1264408195e-04,0.0176817443,14,25,10.0284,10.2601,solved,0
0.0006366862,0.0006366862,3.1269708965e-04,0.0176832432,14,25,10.0879,10.2660,solved,0
0.0006386376,0.0006386376,3.1275026160e-04,0.0176847466,14,25,10.0397,10.2342,solved,0
0.0006405886,0.0006405886,3.1280357870e-04,0.0176862539,14,25,10.0139,10.2127,solved,0
0.0006425401,0.0006425401,3.1285706557e-04,0.0176877660,14,25,10.2386,10.4684,solved,0
0.0006444912,0.0006444912,3.1291069755e-04,0.0176892820,14,25,10.0219,10.2436,solved,0
0.0006464426,0.0006464426,3.1296449388e-04,0.0176908025,14,25,10.1760,10.4448,solved,0
0.0006483937,0.0006483937,3.1301843800e-04,0.0176923271,14,25,12.2800,12.5392,solved,0
0.0006503452,0.0006503452,3.1307254928e-04,0.0176938563,14,25,10.3840,10.7292,solved,0
0.0006522963,0.0006522963,3.1312680555e-04,0.0176953894,14,25,11.0592,11.4576,solved,0
0.0006542474,0.0006542474,3.1318121788e-04,0.0176969268,14,25,11.8052,12.0927,solved,0
0.0006561988,0.0006561988,3.1323579466e-04,0.0176984687,14,25,13.0681,13.3733,solved,0
0.0006581499,0.0006581499,3.1329051913e-04,0.0177000147,14,25,10.6369,10.9587,solved,0
0.0006601014,0.0006601014,3.1334541092e-04,0.0177015652,14,25,11.0487,11.3438,solved,0
0.0006620525,0.0006620525,3.1340044753e-04,0.0177031197,14,25,11.0537,11.3276,solved,0
0.0006640040,0.0006640040,3.1345565153e-04,0.0177046788,14,25,12.1569,12.4591,solved,0
0.0006659550,0.0006659550,3.1351099745e-04,0.0177062418,14,25,10.7822,11.0478,solved,0
0.0006679063,0.0006679063,3.1356650796e-04,0.0177078092,14,25,10.2231,10.4647,solved,0
0.0006698576,0.0006698576,3.1362217456e-04,0.0177093810,14,25,11.8891,12.1407,solved,0
0.0006718087,0.0006718087,3.1367799152e-04,0.0177109568,14,25,11.6538,11.9677,solved,0
0.0006737602,0.0006737602,3.1373397602e-04,0.0177125373,14,25,10.9322,11.1818,solved,0
0.0006757112,0.0006757112,3.1379010225e-04,0.0177141215,14,25,10.3119,10.5469,solved,0
0.0006776627,0.0006776627,3.1384639896e-04,0.0177157105,14,25,10.5357,10.7559,solved,0
0.0006796138,0.0006796138,3.1390284020e-04,0.0177173034,14,25,10.1314,10.4202,solved,0
0.0006815653,0.0006815653,3.1395944912e-04,0.0177189009,14,25,10.8716,11.2106,solved,0
0.0006835164,0.0006835164,3.1401620252e-04,0.0177205023,14,25,10.1766,10.4169,solved,0
0.0006854675,0.0006854675,3.1407311197e-04,0.0177221080,14,25,10.2970,10.5032,solved,0
0.0006874189,0.0006874189,3.1413018626e-04,0.0177237182,14,25,10.3766,10.5875,solved,0
0.0006893699,0.0006893699,3.1418740491e-04,0.0177253323,14,25,9.8707,10.1122,solved,0
0.0006913215,0.0006913215,3.1424479727e-04,0.0177269512,14,25,10.8411,11.1279,solved,0
0.0006932725,0.0006932725,3.1430232806e-04,0.0177285738,14,25,10.7164,11.1181,solved,0
0.0006952240,0.0006952240,3.1436002969e-04,0.0177302011,14,25,14.0950,14.3199,solved,0
0.0006971751,0.0006971751,3.1441787556e-04,0.0177318323,14,25,13.7652,13.9569,solved,0
0.0006991266,0.0006991266,3.1447588940e-04,0.0177334681,14,25,10.0168,10.2253,solved,0
0.0007010777,0.0007010777,3.1453404743e-04,0.0177351078,14,25,10.2408,10.4911,solved,0
0.0007030290,0.0007030290,3.1459236749e-04,0.0177367519,14,25,10.0912,10.3501,solved,0
0.0007049802,0.0007049802,3.1465084065e-04,0.0177384002,14,25,10.5694,10.9546,solved,0
0.0007069312,0.0007069312,3.1470946386e-04,0.0177400525,14,25,9.9397,10.1546,solved,0
0.0007088828,0.0007088828,3.1476826122e-04,0.0177417096,14,25,9.8229,9.9924,solved,0
0.0007108338,0.0007108338,3.1482719656e-04,0.0177433705,14,25,10.0303,10.1989,solved,0
0.0007127853,0.0007127853,3.1488630311e-04,0.0177450360,14,25,10.0220,10.2069,solved,0
0.0007147364,0.0007147364,3.1494555362e-04,0.0177467054,14,25,10.4938,10.6911,solved,0
0.0007166878,0.0007166878,3.1500496933e-04,0.0177483793,14,25,10.7432,10.9459,solved,0
0.0007186390,0.0007186390,3.1506453503e-04,0.0177500573,14,25,10.9040,11.1070,solved,0
0.0007205901,0.0007205901,3.1512425374e-04,0.0177517395,14,25,9.9847,10.1553,solved,0
0.0007225415,0.0007225415,3.1518413773e-04,0.0177534261,14,25,9.8783,10.0318,solved,0
0.0007244926,0.0007244926,3.1524416858e-04,0.0177551167,14,25,9.9987,10.1682,solved,0
0.0007264442,0.0007264442,3.1530437094e-04,0.0177568120,14,25,9.7475,9.9062,solved,0
0.0007283951,0.0007283951,3.1536470775e-04,0.0177585109,14,25,10.1196,10.3976,solved,0
0.0007303467,0.0007303467,3.1542522233e-04,0.0177602146,14,25,10.9629,11.2179,solved,0
0.0007322977,0.0007322977,3.1548587436e-04,0.0177619220,14,25,10.0557,10.2522,solved,0
0.0007342491,0.0007342491,3.1554669492e-04,0.0177636341,14,25,10.0802,10.2793,solved,0
0.0007362003,0.0007362003,3.1560766533e-04,0.0177653501,14,25,10.0449,10.2793,solved,0
0.0007381514,0.0007381514,3.1566878867e-04,0.0177670703,14,25,10.0716,10.2784,solved,0
0.0007401028,0.0007401028,3.1573007751e-04,0.0177687950,14,25,9.9294,10.1098,solved,0
0.0007420539,0.0007420539,3.1579151299e-04,0.0177705237,14,25,12.7471,12.9580,solved,0
0.0007440054,0.0007440054,3.1585311717e-04,0.0177722570,14,25,10.6435,10.8418,solved,0
0.0007459565,0.0007459565,3.1591486480e-04,0.0177739941,14,25,9.9160,10.0567,solved,0
0.0007479080,0.0007479080,3.1597678120e-04,0.0177757357,14,25,9.9375,10.1202,solved,0
0.0007498591,0.0007498591,3.1603884098e-04,0.0177774813,14,25,9.8262,9.9900,solved,0
0.0007518102,0.0007518102,3.1610105682e-04,0.0177792311,14,25,10.0702,10.2162,solved,0
0.0007537616,0.0007537616,3.1616343831e-04,0.0177809853,14,25,10.0378,10.1983,solved,0
0.0007557127,0.0007557127,3.1622596629e-04,0.0177827435,14,25,10.1704,10.3946,solved,0
0.0007576642,0.0007576642,3.1628866319e-04,0.0177845063,14,25,9.9799,10.1839,solved,0
0.0007596152,0.0007596152,3.1635150009e-04,0.0177862728,14,25,10.6362,10.8649,solved,0
0.0007615667,0.0007615667,3.1641450919e-04,0.0177880440,14,25,10.4156,10.6613,solved,0
0.0007635178,0.0007635178,3.1647766145e-04,0.0177898190,14,25,10.1637,10.3785,solved,0
0.0007654689,0.0007654689,3.1654096977e-04,0.0177915983,14,25,14.5669,14.8578,solved,0
0.0007674204,0.0007674204,3.1660444718e-04,0.0177933821,14,25,13.9490,14.1880,solved,0
0.0007693714,0.0007693714,3.1666806438e-04,0.0177951697,14,25,14.1146,14.5036,solved,0
0.0007713229,0.0007713229,3.1673185399e-04,0.0177969619,14,25,14.2541,14.6475,solved,0
0.0007732740,0.0007732740,3.1679578660e-04,0.0177987580,14,25,13.1785,13.4453,solved,0
0.0007752255,0.0007752255,3.1685988842e-04,0.0178005587,14,25,10.3982,10.6082,solved,0
0.0007771765,0.0007771765,3.1692412987e-04,0.0178023630,14,25,10.2726,10.4633,solved,0
0.0007791281,0.0007791281,3.1698854720e-04,0.0178041722,14,25,10.4439,10.6922,solved,0
0.0007810791,0.0007810791,3.1705310079e-04,0.0178059850,14,25,13.4900,13.7568,solved,0
0.0007830302,0.0007830302,3.1711781374e-04,0.0178078020,14,25,10.3265,10.5655,solved,0
0.0007849817,0.0007849817,3.1718269607e-04,0.0178096237,14,25,11.0155,11.2446,solved,0
0.0007869327,0.0007869327,3.1724771783e-04,0.0178114491,14,25,10.1688,10.3762,solved,0
0.0007888842,0.0007888842,3.1731291236e-04,0.0178132791,14,25,10.0987,10.2926,solved,0
0.0007908353,0.0007908353,3.1737824960e-04,0.0178151130,14,25,12.8013,13.0083,solved,0
0.0007927868,0.0007927868,3.1744375634e-04,0.0178169514,14,25,10.2299,10.4268,solved,0
0.0007947379,0.0007947379,3.1750940572e-04,0.0178187936,14,25,10.1943,10.4749,solved,0
0.0007966889,0.0007966889,3.1757520779e-04,0.0178206399,14,25,10.2963,10.5114,solved,0
0.0007986405,0.0007986405,3.1764118621e-04,0.0178224910,14,25,9.9699,10.1756,solved,0
0.0008005915,0.0008005915,3.1770730040e-04,0.0178243457,14,25,10.1474,10.3387,solved,0
0.0008025429,0.0008025429,3.1777358425e-04,0.0178262050,14,25,10.1029,10.2888,solved,0
0.0008044941,0.0008044941,3.1784001738e-04,0.0178280682,14,25,10.0393,10.2247,solved,0
0.0008064455,0.0008064455,3.1790661342e-04,0.0178299359,14,25,9.9261,10.1290,solved,0
0.0008083966,0.0008083966,3.1797335529e-04,0.0178318074,14,25,10.0543,10.2487,solved,0
0.0008103481,0.0008103481,3.1804026695e-04,0.0178336835,14,25,13.5040,13.7185,solved,0
0.0008122992,0.0008122992,3.1810732096e-04,0.0178355634,14,25,10.1579,10.3503,solved,0
0.0008142503,0.0008142503,3.1817453104e-04,0.0178374474,14,25,10.0791,10.2503,solved,0
0.0008162018,0.0008162018,3.1824191100e-04,0.0178393361,14,25,10.0553,10.2224,solved,0
0.0008181528,0.0008181528,3.1830942976e-04,0.0178412284,14,25,9.9964,10.1705,solved,0
0.0008201043,0.0008201043,3.1837712192e-04,0.0178431253,14,25,10.4991,10.8456,solved,0
0.0008220554,0.0008220554,3.1844495628e-04,0.0178450261,14,25,10.5722,10.7810,solved,0
0.0008240068,0.0008240068,3.1851295717e-04,0.0178469313,14,25,10.1186,10.3044,solved,0
0.0008259579,0.0008259579,3.1858110367e-04,0.0178488404,14,25,9.9420,10.1253,solved,0
0.0008279094,0.0008279094,3.1864942025e-04,0.0178507541,14,25,10.0371,10.2112,solved,0
0.0008298606,0.0008298606,3.1871788241e-04,0.0178526716,14,25,10.0670,10.2243,solved,0
0.0008318116,0.0008318116,3.1878649360e-04,0.0178545931,14,25,9.9654,10.1578,solved,0
0.0008337631,0.0008337631,3.1885527848e-04,0.0178565192,14,25,9.9935,10.2490,solved,0
0.0008357141,0.0008357141,3.1892420180e-04,0.0178584490,14,25,10.3876,10.6149,solved,0
0.0008376656,0.0008376656,3.1899329888e-04,0.0178603835,14,25,9.8354,10.0066,solved,0
0.0008396167,0.0008396167,3.1906253788e-04,0.0178623217,14,25,10.1463,10.3438,solved,0
0.0008415682,0.0008415682,3.1913194717e-04,0.0178642645,14,25,10.0519,10.2717,solved,0
0.0008435193,0.0008435193,3.1920149831e-04,0.0178662111,14,25,10.0799,10.3123,solved,0
0.0008454706,0.0008454706,3.1927121266e-04,0.0178681620,14,25,9.8958,10.0698,solved,0
0.0008474218,0.0008474218,3.1934107952e-04,0.0178701169,14,25,12.8861,13.0430,solved,0
0.0008493728,0.0008493728,3.1941109527e-04,0.0178720759,14,25,10.0840,10.2564,solved,0
0.0008513244,0.0008513244,3.1948128866e-04,0.0178740395,14,25,10.0494,10.2209,solved,0
0.0008532754,0.0008532754,3.1955161654e-04,0.0178760067,14,25,9.7464,9.9022,solved,0
0.0008552269,0.0008552269,3.1962211854e-04,0.0178779786,14,25,9.9525,10.1033,solved,0
0.0008571780,0.0008571780,3.1969276216e-04,0.0178799542,14,25,9.9367,10.0860,solved,0
0.0008591295,0.0008591295,3.1976357638e-04,0.0178819344,14,25,9.9210,10.0810,solved,0
0.0008610806,0.0008610806,3.1983453215e-04,0.0178839183,14,25,10.0208,10.1785,solved,0
0.0008630317,0.0008630317,3.1990564398e-04,0.0178859063,14,25,9.9618,10.1212,solved,0
0.0008649831,0.0008649831,3.1997692284e-04,0.0178878988,14,25,10.3813,10.6356,solved,0
0.0008669342,0.0008669342,3.2004834681e-04,0.0178898951,14,25,9.7624,9.9429,solved,0
0.0008688856,0.0008688856,3.2011993785e-04,0.0178918959,14,25,9.9935,10.1491,solved,0
0.0008708367,0.0008708367,3.2019167396e-04,0.0178939005,14,25,12.7494,12.9013,solved,0
0.0008727883,0.0008727883,3.2026358457e-04,0.0178959097,14,25,9.9323,10.1091,solved,0
0.0008747393,0.0008747393,3.2033562914e-04,0.0178979225,14,25,10.1369,10.3546,solved,0
0.0008766906,0.0008766906,3.2040784086e-04,0.0178999397,14,25,10.0852,10.2532,solved,0
0.0008786419,0.0008786419,3.2048020868e-04,0.0179019610,14,25,9.9033,10.0735,solved,0
0.0008805930,0.0008805930,3.2055272514e-04,0.0179039863,14,25,9.8645,10.0433,solved,0
0.0008825444,0.0008825444,3.2062540885e-04,0.0179060160,14,25,9.8944,10.0553,solved,0
0.0008844955,0.0008844955,3.2069823745e-04,0.0179080495,14,25,9.9710,10.1311,solved,0
0.0008864470,0.0008864470,3.2077123708e-04,0.0179100876,14,25,10.2618,10.4827,solved,0
0.0008883981,0.0008883981,3.2084437783e-04,0.0179121293,14,25,9.9812,10.1559,solved,0
0.0008903493,0.0008903493,3.2091767840e-04,0.0179141753,14,25,9.8692,10.0519,solved,0
0.0008923006,0.0008923006,3.2099113881e-04,0.0179162256,14,25,9.8420,10.0081,solved,0
0.0008942517,0.0008942517,3.2106474776e-04,0.0179182797,14,25,12.8803,13.0335,solved,0
0.0008962032,0.0008962032,3.2113852790e-04,0.0179203384,14,25,10.1223,10.2764,solved,0
0.0008981542,0.0008981542,3.2121244520e-04,0.0179224007,14,25,9.9563,10.1020,solved,0
0.0009001058,0.0009001058,3.2128654134e-04,0.0179244677,14,25,10.0622,10.2190,solved,0
0.0009020568,0.0009020568,3.2136077078e-04,0.0179265382,14,25,9.8594,10.0131,solved,0
0.0009040083,0.0009040083,3.2143517533e-04,0.0179286133,14,25,9.8882,10.0385,solved,0
0.0009059594,0.0009059594,3.2150972071e-04,0.0179306921,14,25,9.9761,10.1480,solved,0
0.0009079107,0.0009079107,3.2158442982e-04,0.0179327753,14,25,10.2546,10.4518,solved,0
0.0009098620,0.0009098620,3.2165929501e-04,0.0179348626,14,25,15.4218,15.6525,solved,0
0.0009118130,0.0009118130,3.2173430475e-04,0.0179369536,14,25,10.9024,11.1304,solved,0
0.0009137645,0.0009137645,3.2180948981e-04,0.0179390493,14,25,10.0669,10.2558,solved,0
0.0009157156,0.0009157156,3.2188481553e-04,0.0179411487,14,25,9.8690,10.0377,solved,0
0.0009176671,0.0009176671,3.2196031281e-04,0.0179432526,14,25,10.0036,10.1565,solved,0
0.0009196181,0.0009196181,3.2203594680e-04,0.0179453600,14,25,12.8855,13.0563,solved,0
0.0009215696,0.0009215696,3.2211175628e-04,0.0179474721,14,25,9.9246,10.0928,solved,0
0.0009235206,0.0009235206,3.2218770239e-04,0.0179495878,14,25,9.9547,10.1122,solved,0
0.0009254718,0.0009254718,3.2226381236e-04,0.0179517078,14,25,9.9624,10.1175,solved,0
0.0009274233,0.0009274233,3.2234009013e-04,0.0179538322,14,25,10.0582,10.2101,solved,0
0.0009293743,0.0009293743,3.2241650443e-04,0.0179559601,14,25,9.9678,10.1187,solved,0
0.0009313259,0.0009313259,3.2249309834e-04,0.0179580928,14,25,9.9004,10.1141,solved,0
0.0009332769,0.0009332769,3.2256982477e-04,0.0179602290,14,25,10.0998,10.2792,solved,0
0.0009352284,0.0009352284,3.2264672696e-04,0.0179623697,14,25,10.0210,10.1877,solved,0
0.0009371794,0.0009371794,3.2272376551e-04,0.0179645141,14,25,10.0331,10.1923,solved,0
0.0009391309,0.0009391309,3.2280097991e-04,0.0179666630,14,25,9.6650,9.8335,solved,0
0.0009410820,0.0009410820,3.2287833455e-04,0.0179688156,14,25,9.9201,10.0992,solved,0
0.0009430331,0.0009430331,3.2295584525e-04,0.0179709723,14,25,10.0234,10.1787,solved,0
0.0009449846,0.0009449846,3.2303352795e-04,0.0179731335,14,25,12.5647,12.7136,solved,0
0.0009469356,0.0009469356,3.2311134680e-04,0.0179752982,14,25,13.0311,13.2184,solved,0
0.0009488871,0.0009488871,3.2318934170e-04,0.0179774676,14,25,10.3003,10.5909,solved,0
0.0009508382,0.0009508382,3.2326747669e-04,0.0179796406,14,25,13.1747,13.3883,solved,0
0.0009527896,0.0009527896,3.2334577979e-04,0.0179818180,14,25,10.4318,10.8240,solved,0
0.0009547407,0.0009547407,3.2342422692e-04,0.0179839992,14,25,10.3083,10.5506,solved,0
0.0009566922,0.0009566922,3.2350284623e-04,0.0179861849,14,25,10.4560,10.6586,solved,0
0.0009586433,0.0009586433,3.2358160551e-04,0.0179883742,14,25,10.8458,11.2207,solved,0
0.0009605945,0.0009605945,3.2366052489e-04,0.0179905677,14,25,10.2563,10.5128,solved,0
0.0009625459,0.0009625459,3.2373960845e-04,0.0179927654,14,25,10.9431,11.1775,solved,0
0.0009644970,0.0009644970,3.2381883593e-04,0.0179949670,14,25,10.1524,10.4718,solved,0
0.0009664484,0.0009664484,3.2389823169e-04,0.0179971729,14,25,13.4296,13.7214,solved,0
0.0009683995,0.0009683995,3.2397777131e-04,0.0179993825,14,25,11.8955,12.1196,solved,0
0.0009703510,0.0009703510,3.2405748334e-04,0.0180015967,14,25,10.6792,10.9093,solved,0
0.0009723021,0.0009723021,3.2413733511e-04,0.0180038145,14,25,10.9521,11.2124,solved,0
0.0009742531,0.0009742531,3.2421733883e-04,0.0180060362,14,25,10.2560,10.4810,solved,0
0.0009762047,0.0009762047,3.2429752326e-04,0.0180082626,14,25,11.3675,11.6001,solved,0
0.0009781556,0.0009781556,3.2437783500e-04,0.0180104924,14,25,11.0125,11.2780,solved,0
0.0009801072,0.0009801072,3.2445833165e-04,0.0180127269,14,25,12.1114,12.3971,solved,0
0.0009820583,0.0009820583,3.2453896376e-04,0.0180149650,14,25,10.5287,10.8908,solved,0
0.0009840098,0.0009840098,3.2461976851e-04,0.0180172076,14,25,11.0628,11.3250,solved,0
0.0009859608,0.0009859608,3.2470070862e-04,0.0180194536,14,25,10.8181,11.0974,solved,0
0.0009879120,0.0009879120,3.2478181309e-04,0.0180217039,14,25,11.2204,11.5271,solved,0
0.0009898634,0.0009898634,3.2486308197e-04,0.0180239586,14,25,10.0751,10.3088,solved,0
0.0009918144,0.0009918144,3.2494449025e-04,0.0180262167,14,25,10.1829,10.4358,solved,0
0.0009937660,0.0009937660,3.2502607967e-04,0.0180284797,14,25,11.5532,11.8291,solved,0
0.0009957170,0.0009957170,3.2510780008e-04,0.0180307460,14,25,10.0680,10.2968,solved,0
0.0009976686,0.0009976686,3.2518970174e-04,0.0180330170,14,25,11.2856,11.5333,solved,0
0.0009996196,0.0009996196,3.2527173428e-04,0.0180352914,14,25,10.3417,10.5759,solved,0
0.0010015708,0.0010015708,3.2535393130e-04,0.0180375700,14,25,10.4656,10.6815,solved,0
0.0010035221,0.0010035221,3.2543628862e-04,0.0180398528,14,25,10.4656,10.6596,solved,0
0.0010054732,0.0010054732,3.2551879356e-04,0.0180421394,14,25,9.8892,10.2274,solved,0
0.0010074247,0.0010074247,3.2560147152e-04,0.0180444305,14,25,10.0710,10.2934,solved,0
0.0010093757,0.0010093757,3.2568428435e-04,0.0180467250,14,25,10.1019,10.3298,solved,0
0.0010113272,0.0010113272,3.2576727452e-04,0.0180490242,14,25,10.4188,10.6140,solved,0
0.0010132783,0.0010132783,3.2585040375e-04,0.0180513269,14,25,10.3265,10.5381,solved,0
0.0010152298,0.0010152298,3.2593370612e-04,0.0180536342,14,25,10.1145,10.2891,solved,0
0.0010171810,0.0010171810,3.2601715178e-04,0.0180559451,14,25,10.1301,10.4192,solved,0
0.0010191322,0.0010191322,3.2610075350e-04,0.0180582600,14,25,10.5579,10.7996,solved,0
0.0010210835,0.0010210835,3.2618451560e-04,0.0180605790,14,25,10.2162,10.4703,solved,0
0.0010230345,0.0010230345,3.2626842088e-04,0.0180629018,14,25,9.9925,10.2376,solved,0
0.0010249860,0.0010249860,3.2635250376e-04,0.0180652291,14,25,10.7771,10.9885,solved,0
0.0010269371,0.0010269371,3.2643672548e-04,0.0180675600,14,25,9.8802,10.1199,solved,0
0.0010288886,0.0010288886,3.2652112057e-04,0.0180698954,14,25,10.1255,10.3031,solved,0
0.0010308397,0.0010308397,3.2660565443e-04,0.0180722344,14,25,12.7070,12.9001,solved,0
0.0010327908,0.0010327908,3.2669034436e-04,0.0180745773,14,25,10.0203,10.1963,solved,0
0.0010347422,0.0010347422,3.2677520340e-04,0.0180769246,14,25,10.0848,10.2928,solved,0
0.0010366934,0.0010366934,3.2686020982e-04,0.0180792757,14,25,10.3156,10.5388,solved,0
0.0010386448,0.0010386448,3.2694538106e-04,0.0180816310,14,25,10.0053,10.1933,solved,0
0.0010405957,0.0010405957,3.2703068651e-04,0.0180839898,14,25,12.4174,12.6311,solved,0
0.0010425474,0.0010425474,3.2711618307e-04,0.0180863535,14,25,11.4815,11.7841,solved,0
0.0010444984,0.0010444984,3.2720180504e-04,0.0180887204,14,25,10.5596,10.8892,solved,0
0.0010464499,0.0010464499,3.2728760505e-04,0.0180910919,14,25,10.4341,10.6655,solved,0
0.0010484010,0.0010484010,3.2737354355e-04,0.0180934669,14,25,12.1151,12.4079,solved,0
0.0010503524,0.0010503524,3.2745965135e-04,0.0180958462,14,25,13.3331,13.5987,solved,0
0.0010523035,0.0010523035,3.2754590199e-04,0.0180982293,14,25,10.3238,10.5428,solved,0
0.0010542545,0.0010542545,3.2763230425e-04,0.0181006161,14,25,10.8025,11.0475,solved,0
0.0010562061,0.0010562061,3.2771888920e-04,0.0181030077,14,25,17.6718,18.6265,solved,0
0.0010581571,0.0010581571,3.2780560360e-04,0.0181054026,14,25,13.1453,13.5016,solved,0
0.0010601087,0.0010601087,3.2789250077e-04,0.0181078022,14,25,13.3852,13.7222,solved,0
0.0010620597,0.0010620597,3.2797952730e-04,0.0181102051,14,25,10.3705,10.6256,solved,0
0.0010640112,0.0010640112,3.2806673223e-04,0.0181126125,14,25,11.4391,11.7740,solved,0
0.0010659623,0.0010659623,3.2815407535e-04,0.0181150235,14,25,11.3248,11.6992,solved,0
0.0010679135,0.0010679135,3.2824157903e-04,0.0181174385,14,25,10.0901,10.3022,solved,0
0.0010698648,0.0010698648,3.2832924328e-04,0.0181198577,14,25,9.9856,10.1394,solved,0
0.0010718159,0.0010718159,3.2841705460e-04,0.0181222806,14,25,9.9061,10.0906,solved,0
0.0010737674,0.0010737674,3.2850504004e-04,0.0181247080,14,25,9.7919,9.9678,solved,0
0.0010757184,0.0010757184,3.2859315899e-04,0.0181271387,14,25,10.0413,10.1923,solved,0
0.0010776700,0.0010776700,3.2868146116e-04,0.0181295742,14,25,9.8632,10.0163,solved,0
0.0010796210,0.0010796210,3.2876989224e-04,0.0181320129,14,25,10.7182,10.9112,solved,0
0.0010815725,0.0010815725,3.2885850209e-04,0.0181344562,14,25,9.8450,10.0272,solved,0
0.0010835236,0.0010835236,3.2894724985e-04,0.0181369030,14,25,10.0958,10.2821,solved,0
0.0010854749,0.0010854749,3.2903616279e-04,0.0181393540,14,25,10.1385,10.3359,solved,0
0.0010874261,0.0010874261,3.2912522725e-04,0.0181418088,14,25,9.8235,9.9882,solved,0
0.0010893772,0.0010893772,3.2921444321e-04,0.0181442675,14,25,9.8058,9.9584,solved,0
0.0010913287,0.0010913287,3.2930383356e-04,0.0181467307,14,25,9.9068,10.0540,solved,0
0.0010932797,0.0010932797,3.2939335708e-04,0.0181491971,14,25,9.9040,10.0505,solved,0
0.0010952312,0.0010952312,3.2948305964e-04,0.0181516682,14,25,9.7545,9.9040,solved,0
0.0010971824,0.0010971824,3.2957290449e-04,0.0181541429,14,25,9.9608,10.1297,solved,0
0.0010991336,0.0010991336,3.2966290542e-04,0.0181566215,14,25,9.9696,10.1279,solved,0
0.0011010850,0.0011010850,3.2975307167e-04,0.0181591044,14,25,9.7985,9.9489,solved,0
0.0011030359,0.0011030359,3.2984337086e-04,0.0181615905,14,25,9.9407,10.1096,solved,0
0.0011049875,0.0011049875,3.2993385856e-04,0.0181640816,14,25,9.9467,10.0975,solved,0
0.0011069386,0.0011069386,3.3002447916e-04,0.0181665759,14,25,10.1474,10.3195,solved,0
0.0011088900,0.0011088900,3.3011526978e-04,0.0181690745,14,25,10.2291,10.4732,solved,0
0.0011108412,0.0011108412,3.3020620719e-04,0.0181715769,14,25,11.3931,11.6121,solved,0
0.0011127923,0.0011127923,3.3029729599e-04,0.0181740831,14,25,9.8905,10.0780,solved,0
0.0011147437,0.0011147437,3.3038855489e-04,0.0181765936,14,25,9.9783,10.1783,solved,0
0.0011166949,0.0011166949,3.3047996052e-04,0.0181791078,14,25,10.2816,10.4807,solved,0
0.0011186463,0.0011186463,3.3057153162e-04,0.0181816262,14,25,10.0983,10.2965,solved,0
0.0011205972,0.0011205972,3.3066323530e-04,0.0181841479,14,25,10.5806,10.8533,solved,0
0.0011225488,0.0011225488,3.3075512799e-04,0.0181866745,14,25,10.1421,10.3613,solved,0
0.0011244998,0.0011244998,3.3084714850e-04,0.0181892042,14,25,10.4589,10.7037,solved,0
0.0011264513,0.0011264513,3.3093934869e-04,0.0181917385,14,25,10.2890,10.5014,solved,0
0.0011284024,0.0011284024,3.3103168606e-04,0.0181942762,14,25,10.1538,10.4312,solved,0
0.0011303537,0.0011303537,3.3112418898e-04,0.0181968181,14,25,10.7921,10.9974,solved,0
0.0011323051,0.0011323051,3.3121685273e-04,0.0181993641,14,25,10.2411,10.4511,solved,0
0.0011342560,0.0011342560,3.3130964880e-04,0.0182019133,14,25,10.1502,10.3895,solved,0
0.0011362075,0.0011362075,3.3140262949e-04,0.0182044673,14,25,10.5617,10.9690,solved,0
0.0011381586,0.0011381586,3.3149574721e-04,0.0182070247,14,25,10.2865,10.5342,solved,0
0.0011401101,0.0011401101,3.3158904011e-04,0.0182095865,14,25,10.6061,10.8384,solved,0
0.0011420612,0.0011420612,3.3168246998e-04,0.0182121517,14,25,10.3046,10.5685,solved,0
0.0011440124,0.0011440124,3.3177606069e-04,0.0182147210,14,25,12.1033,12.4409,solved,0
0.0011459637,0.0011459637,3.3186981230e-04,0.0182172943,14,25,10.1292,10.3722,solved,0
0.0011479150,0.0011479150,3.3196371999e-04,0.0182198716,14,25,10.3172,10.5256,solved,0
0.0011498663,0.0011498663,3.3205778377e-04,0.0182224527,14,25,10.3087,10.5919,solved,0
0.0011518173,0.0011518173,3.3215198914e-04,0.0182250374,14,25,10.0715,10.3127,solved,0
0.0011537688,0.0011537688,3.3224637476e-04,0.0182276267,14,25,10.1990,10.4074,solved,0
0.0011557199,0.0011557199,3.3234089710e-04,0.0182302193,14,25,10.3318,10.5854,solved,0
0.0011576713,0.0011576713,3.3243559007e-04,0.0182328163,14,25,11.2633,11.5955,solved,0
0.0011596225,0.0011596225,3.3253042942e-04,0.0182354169,14,25,11.1215,11.4261,solved,0
0.0011615737,0.0011615737,3.3262542484e-04,0.0182380214,14,25,10.0761,10.3769,solved,0
0.0011635251,0.0011635251,3.3272058610e-04,0.0182406301,14,25,11.2916,11.6155,solved,0
0.0011654763,0.0011654763,3.3281589369e-04,0.0182432424,14,25,10.0435,10.2747,solved,0
0.0011674276,0.0011674276,3.3291136224e-04,0.0182458588,14,25,11.1619,11.3744,solved,0
0.0011693787,0.0011693787,3.3300697708e-04,0.0182484788,14,25,10.1646,10.3760,solved,0
0.0011713302,0.0011713302,3.3310276762e-04,0.0182511032,14,25,10.4464,10.7198,solved,0
0.0011732812,0.0011732812,3.3319868969e-04,0.0182537308,14,25,9.8982,10.0722,solved,0
0.0011752327,0.0011752327,3.3329479243e-04,0.0182563631,14,25,9.9402,10.1236,solved,0
0.0011771838,0.0011771838,3.3339103156e-04,0.0182589986,14,25,10.1445,10.4806,solved,0
0.0011791350,0.0011791350,3.3348743168e-04,0.0182616383,14,25,10.1773,10.5619,solved,0
0.0011810864,0.0011810864,3.3358399779e-04,0.0182642820,14,25,9.9938,10.1956,solved,0
0.0011830374,0.0011830374,3.3368070016e-04,0.0182669291,14,25,9.9899,10.1672,solved,0
0.0011849890,0.0011849890,3.3377758838e-04,0.0182695810,14,25,10.0471,10.2065,solved,0
0.0011869399,0.0011869399,3.3387459790e-04,0.0182722357,14,25,9.9830,10.1646,solved,0
0.0011888915,0.0011888915,3.3397179834e-04,0.0182748953,14,25,10.2368,10.4154,solved,0
0.0011908425,0.0011908425,3.3406912496e-04,0.0182775580,14,25,9.8987,10.0650,solved,0
0.0011927941,0.0011927941,3.3416663763e-04,0.0182802253,14,25,10.1667,10.3233,solved,0
0.0011947452,0.0011947452,3.3426428139e-04,0.0182828959,14,25,9.8972,10.0515,solved,0
0.0011966963,0.0011966963,3.3436208121e-04,0.0182855703,14,25,10.0667,10.2271,solved,0
0.0011986477,0.0011986477,3.3446005217e-04,0.0182882490,14,25,9.8465,10.0451,solved,0
0.0012005987,0.0012005987,3.3455815909e-04,0.0182909311,14,25,10.1326,10.3437,solved,0
0.0012025503,0.0012025503,3.3465645231e-04,0.0182936178,14,25,10.4188,10.6258,solved,0
0.0012045012,0.0012045012,3.3475486632e-04,0.0182963075,14,25,9.9851,10.1670,solved,0
0.0012064528,0.0012064528,3.3485347175e-04,0.0182990019,14,25,10.2528,10.4307,solved,0
0.0012084038,0.0012084038,3.3495220293e-04,0.0183016995,14,25,10.2165,10.3785,solved,0
0.0012103551,0.0012103551,3.3505110537e-04,0.0183044013,14,25,9.8739,10.0383,solved,0
0.0012123064,0.0012123064,3.3515016390e-04,0.0183071069,14,25,9.9731,10.1653,solved,0
0.0012142575,0.0012142575,3.3524936835e-04,0.0183098162,14,25,10.5356,10.7378,solved,0
0.0012162089,0.0012162089,3.3534874414e-04,0.0183125297,14,25,10.0729,10.2747,solved,0
0.0012181600,0.0012181600,3.3544826072e-04,0.0183152467,14,25,13.7427,13.9749,solved,0
0.0012201116,0.0012201116,3.3554795893e-04,0.0183179682,14,25,13.8103,14.0726,solved,0
0.0012220626,0.0012220626,3.3564778255e-04,0.0183206927,14,25,14.2401,14.5419,solved,0
0.0012240139,0.0012240139,3.3574777759e-04,0.0183234216,14,25,14.2277,14.4934,solved,0
0.0012259652,0.0012259652,3.3584792873e-04,0.0183261542,14,25,13.9060,14.1747,solved,0
0.0012279165,0.0012279165,3.3594823595e-04,0.0183288907,14,25,10.2980,10.4927,solved,0
0.0012298677,0.0012298677,3.3604869411e-04,0.0183316310,14,25,12.6167,12.7812,solved,0
0.0012318188,0.0012318188,3.3614930319e-04,0.0183343749,14,25,9.7608,9.9187,solved,0
0.0012337703,0.0012337703,3.3625008900e-04,0.0183371232,14,25,10.0658,10.2450,solved,0
0.0012357213,0.0012357213,3.3635100504e-04,0.0183398747,14,25,9.9638,10.1244,solved,0
0.0012376728,0.0012376728,3.3645210305e-04,0.0183426308,14,25,9.9903,10.1436,solved,0
0.0012396240,0.0012396240,3.3655334161e-04,0.0183453902,14,25,10.0534,10.2634,solved,0
0.0012415752,0.0012415752,3.3665473624e-04,0.0183481535,14,25,10.0001,10.1900,solved,0
0.0012435265,0.0012435265,3.3675629215e-04,0.0183509207,14,25,10.3806,10.6042,solved,0
0.0012454778,0.0012454778,3.3685800415e-04,0.0183536918,14,25,10.0403,10.2198,solved,0
0.0012474291,0.0012474291,3.3695987224e-04,0.0183564668,14,25,9.9580,10.1221,solved,0
0.0012493800,0.0012493800,3.3706187549e-04,0.0183592450,14,25,9.8342,9.9934,solved,0
0.0012513316,0.0012513316,3.3716407145e-04,0.0183620280,14,25,10.0874,10.2423,solved,0
0.0012532826,0.0012532826,3.3726639206e-04,0.0183648140,14,25,10.0606,10.2649,solved,0
0.0012552339,0.0012552339,3.3736888447e-04,0.0183676042,14,25,9.8934,10.1347,solved,0
0.0012571853,0.0012571853,3.3747153824e-04,0.0183703984,14,25,9.8116,9.9998,solved,0
0.0012591365,0.0012591365,3.3757433758e-04,0.0183731962,14,25,12.9625,13.1611,solved,0
0.0012610878,0.0012610878,3.3767729826e-04,0.0183759979,14,25,10.0397,10.2253,solved,0
0.0012630388,0.0012630388,3.3778039917e-04,0.0183788030,14,25,12.7593,12.9348,solved,0
0.0012649904,0.0012649904,3.3788368791e-04,0.0183816128,14,25,10.0003,10.1534,solved,0
0.0012669414,0.0012669414,3.3798710095e-04,0.0183844255,14,25,9.9229,10.0824,solved,0
0.0012688929,0.0012688929,3.3809069659e-04,0.0183872428,14,25,9.9450,10.0968,solved,0
0.0012708439,0.0012708439,3.3819442176e-04,0.0183900631,14,25,9.8554,10.0250,solved,0
0.0012727953,0.0012727953,3.3829832428e-04,0.0183928879,14,25,9.9305,10.1197,solved,0
0.0012747465,0.0012747465,3.3840237223e-04,0.0183957161,14,25,10.0218,10.1883,solved,0
0.0012766979,0.0012766979,3.3850658695e-04,0.0183985485,14,25,9.9196,10.0703,solved,0
0.0012786491,0.0012786491,3.3861094707e-04,0.0184013844,14,25,10.2211,10.4116,solved,0
0.0012806001,0.0012806001,3.3871545254e-04,0.0184042238,14,25,9.9972,10.2295,solved,0
0.0012825517,0.0012825517,3.3882014626e-04,0.0184070678,14,25,9.9349,10.1111,solved,0
0.0012845027,0.0012845027,3.3892496386e-04,0.0184099148,14,25,10.0571,10.2181,solved,0
0.0012864541,0.0012864541,3.3902995904e-04,0.0184127662,14,25,10.0598,10.2277,solved,0
0.0012884053,0.0012884053,3.3913509955e-04,0.0184156211,14,25,9.9093,10.0909,solved,0
0.0012903566,0.0012903566,3.3924040152e-04,0.0184184799,14,25,12.8399,13.0203,solved,0
0.0012923078,0.0012923078,3.3934585418e-04,0.0184213424,14,25,12.7286,12.9333,solved,0
0.0012942592,0.0012942592,3.3945147374e-04,0.0184242089,14,25,9.9880,10.1553,solved,0
0.0012962104,0.0012962104,3.3955723857e-04,0.0184270789,14,25,9.8686,10.0308,solved,0
0.0012981615,0.0012981615,3.3966315403e-04,0.0184299526,14,25,10.0956,10.2731,solved,0
0.0013001129,0.0013001129,3.3976924187e-04,0.0184328305,14,25,10.1257,10.3041,solved,0
0.0013020641,0.0013020641,3.3987547492e-04,0.0184357119,14,25,10.3499,10.5446,solved,0
0.0013040155,0.0013040155,3.3998187496e-04,0.0184385974,14,25,10.5482,10.7611,solved,0
0.0013059667,0.0013059667,3.4008842017e-04,0.0184414864,14,25,10.1610,10.3934,solved,0
0.0013079178,0.0013079178,3.4019511598e-04,0.0184443790,14,25,11.1331,11.3862,solved,0
0.0013098692,0.0013098692,3.4030198430e-04,0.0184472758,14,25,10.9996,11.2770,solved,0
0.0013118201,0.0013118201,3.4040898127e-04,0.0184501756,14,25,12.2068,12.5302,solved,0
0.0013137718,0.0013137718,3.4051617825e-04,0.0184530805,14,25,11.8679,12.1714,solved,0
0.0013157228,0.0013157228,3.4062349285e-04,0.0184559880,14,25,10.4565,10.6728,solved,0
0.0013176743,0.0013176743,3.4073099105e-04,0.0184589000,14,25,10.8213,11.0977,solved,0
0.0013196253,0.0013196253,3.4083861777e-04,0.0184618151,14,25,14.2874,14.5758,solved,0
0.0013215766,0.0013215766,3.4094641712e-04,0.0184647344,14,25,14.0873,14.4129,solved,0
0.0013235279,0.0013235279,3.4105437470e-04,0.0184676575,13,25,10.5004,10.7293,solved,0
0.0013254792,0.0013254792,3.4116250544e-04,0.0184705849,13,25,11.2190,11.4810,solved,0
0.0013274304,0.0013274304,3.4127080665e-04,0.0184735164,13,25,10.2039,10.4471,solved,0
0.0013293818,0.0013293818,3.4137929501e-04,0.0184764524,13,25,10.3837,10.7257,solved,0
0.0013313329,0.0013313329,3.4148794269e-04,0.0184793924,13,25,10.2860,10.5106,solved,0
0.0013332842,0.0013332842,3.4159677753e-04,0.0184823369,13,25,11.0328,11.2435,solved,0
0.0013352353,0.0013352353,3.4170577721e-04,0.0184852854,13,25,10.1860,10.3905,solved,0
0.0013371869,0.0013371869,3.4181498089e-04,0.0184882390,13,25,9.9925,10.1623,solved,0
0.0013391383,0.0013391383,3.4192434943e-04,0.0184911965,13,25,9.7962,9.9799,solved,0
0.0013410893,0.0013410893,3.4203387155e-04,0.0184941578,13,25,10.2272,10.4270,solved,0
0.0013430407,0.0013430407,3.4214359215e-04,0.0184971239,13,25,10.0059,10.2290,solved,0
0.0013449920,0.0013449920,3.4225348316e-04,0.0185000941,13,25,11.3251,11.5325,solved,0
0.0013469431,0.0013469431,3.4236353891e-04,0.0185030684,13,25,10.1018,10.3403,solved,0
0.0013488944,0.0013488944,3.4247378196e-04,0.0185060472,13,25,10.2066,10.4133,solved,0
0.0013508456,0.0013508456,3.4258419537e-04,0.0185090301,13,25,9.8469,10.0170,solved,0
0.0013527969,0.0013527969,3.4269479047e-04,0.0185120175,13,25,10.6453,10.9735,solved,0
0.0013547484,0.0013547484,3.4280557296e-04,0.0185150094,13,25,10.3230,10.5559,solved,0
0.0013566993,0.0013566993,3.4291649737e-04,0.0185180047,13,25,9.9188,10.1576,solved,0
0.0013586509,0.0013586509,3.4302763763e-04,0.0185210053,13,25,10.0133,10.1935,solved,0
0.0013606018,0.0013606018,3.4313891402e-04,0.0185240091,13,25,10.0427,10.2095,solved,0
0.0013625534,0.0013625534,3.4325040638e-04,0.0185270183,13,25,9.9280,10.0832,solved,0
0.0013645045,0.0013645045,3.4336204620e-04,0.0185300309,13,25,9.8907,10.0368,solved,0
0.0013664558,0.0013664558,3.4347387348e-04,0.0185330481,13,25,10.1787,10.3620,solved,0
0.0013684073,0.0013684073,3.4358588828e-04,0.0185360699,13,25,11.1098,11.3079,solved,0
0.0013703582,0.0013703582,3.4369804462e-04,0.0185390950,13,25,10.3209,10.5173,solved,0
0.0013723098,0.0013723098,3.4381041725e-04,0.0185421255,13,25,9.7683,9.9806,solved,0
0.0013742608,0.0013742608,3.4392293134e-04,0.0185451592,13,25,10.0262,10.2184,solved,0
0.0013762122,0.0013762122,3.4403564453e-04,0.0185481979,13,25,10.2214,10.4282,solved,0
0.0013781634,0.0013781634,3.4414852218e-04,0.0185512404,13,25,10.1615,10.3619,solved,0
0.0013801148,0.0013801148,3.4426158744e-04,0.0185542876,13,25,10.0993,10.2802,solved,0
0.0013820659,0.0013820659,3.4437481132e-04,0.0185573385,13,25,10.0159,10.1770,solved,0
0.0013840174,0.0013840174,3.4448823447e-04,0.0185603942,13,25,9.9747,10.1665,solved,0
0.0013859688,0.0013859688,3.4460182785e-04,0.0185634541,13,25,10.8954,11.0868,solved,0
0.0013879198,0.0013879198,3.4471557394e-04,0.0185665176,13,25,10.0167,10.2840,solved,0
0.0013898714,0.0013898714,3.4482953107e-04,0.0185695862,13,25,9.8487,10.1178,solved,0
0.0013918223,0.0013918223,3.4494362331e-04,0.0185726579,13,25,10.1874,10.4220,solved,0
0.0013937737,0.0013937737,3.4505792081e-04,0.0185757347,13,25,9.8340,10.0046,solved,0
0.0013957248,0.0013957248,3.4517237675e-04,0.0185788153,13,25,9.7418,9.8996,solved,0
0.0013976763,0.0013976763,3.4528703220e-04,0.0185819007,13,25,10.1061,10.3013,solved,0
0.0013996272,0.0013996272,3.4540182839e-04,0.0185849893,13,25,10.1571,10.4196,solved,0
0.0014015787,0.0014015787,3.4551683591e-04,0.0185880832,13,25,11.8173,12.0747,solved,0
0.0014035300,0.0014035300,3.4563200769e-04,0.0185911809,13,25,13.9202,14.1443,solved,0
0.0014054811,0.0014054811,3.4574734367e-04,0.0185942826,13,25,13.6947,13.9834,solved,0
0.0014074324,0.0014074324,3.4586286749e-04,0.0185973887,13,25,10.1975,10.4495,solved,0
0.0014093837,0.0014093837,3.4597856733e-04,0.0186004991,13,25,10.0290,10.2245,solved,0
0.0014113351,0.0014113351,3.4609444915e-04,0.0186036139,13,25,10.1417,10.3426,solved,0
0.0014132863,0.0014132863,3.4621049511e-04,0.0186067325,13,25,10.5205,10.8397,solved,0
0.0014152377,0.0014152377,3.4632672900e-04,0.0186098557,13,25,11.4283,11.7685,solved,0
0.0014171888,0.0014171888,3.4644312103e-04,0.0186129826,13,25,11.7721,12.0334,solved,0
0.0014191403,0.0014191403,3.4655971297e-04,0.0186161143,13,25,13.7450,14.3480,solved,0
0.0014210914,0.0014210914,3.4667645702e-04,0.0186192496,13,25,10.6204,10.8484,solved,0
0.0014230427,0.0014230427,3.4679338906e-04,0.0186223895,13,25,11.6493,11.8716,solved,0
0.0014249938,0.0014249938,3.4691048511e-04,0.0186255331,13,25,13.2246,13.4470,solved,0
0.0014269453,0.0014269453,3.4702778122e-04,0.0186286817,13,25,10.3246,10.5545,solved,0
0.0014288964,0.0014288964,3.4714522929e-04,0.0186318338,13,25,14.2565,14.5083,solved,0
0.0014308477,0.0014308477,3.4726286543e-04,0.0186349904,13,25,13.6594,13.9391,solved,0
0.0014327990,0.0014327990,3.4738067759e-04,0.0186381511,13,25,11.2337,11.4780,solved,0
0.0014347504,0.0014347504,3.4749867183e-04,0.0186413163,13,25,11.1123,11.3568,solved,0
0.0014367017,0.0014367017,3.4761683606e-04,0.0186444854,13,25,12.1521,12.4335,solved,0
0.0014386529,0.0014386529,3.4773517025e-04,0.0186476586,13,25,13.5704,13.8753,solved,0
0.0014406041,0.0014406041,3.4785368044e-04,0.0186508359,13,25,13.8193,14.1729,solved,0
0.0014425554,0.0014425554,3.4797237274e-04,0.0186540176,13,25,10.7039,10.9229,solved,0
0.0014445066,0.0014445066,3.4809123497e-04,0.0186572033,13,25,10.2804,10.5844,solved,0
0.0014464578,0.0014464578,3.4821027321e-04,0.0186603932,13,25,10.0871,10.3297,solved,0
0.0014484093,0.0014484093,3.4832950580e-04,0.0186635877,13,25,10.3387,10.5543,solved,0
0.0014503603,0.0014503603,3.4844888384e-04,0.0186667856,13,25,10.2589,10.5712,solved,0
0.0014523118,0.0014523118,3.4856846852e-04,0.0186699884,13,25,10.2163,10.4616,solved,0
0.0014542628,0.0014542628,3.4868819855e-04,0.0186731947,13,25,10.1495,10.3782,solved,0
0.0014562143,0.0014562143,3.4880813532e-04,0.0186764058,13,25,10.0495,10.2512,solved,0
0.0014581654,0.0014581654,3.4892822350e-04,0.0186796205,13,25,10.2006,10.4233,solved,0
0.0014601167,0.0014601167,3.4904850002e-04,0.0186828397,13,25,10.1768,10.3632,solved,0
0.0014620682,0.0014620682,3.4916896492e-04,0.0186860634,13,25,9.8718,10.0496,solved,0
0.0014640193,0.0014640193,3.4928958189e-04,0.0186892906,12,225,52.1025,52.5518,solved,1
0.0014659704,0.0014659704,3.4941038869e-04,0.0186925223,12,25,10.7828,11.0127,solved,0
0.0014679218,0.0014679218,3.4953140875e-04,0.0186957591,12,25,10.8373,11.0193,solved,0
0.0014698730,0.0014698730,3.4965261108e-04,0.0186990003,12,25,10.3039,10.4995,solved,0
0.0014718244,0.0014718244,3.4977402052e-04,0.0187022464,12,25,10.8175,11.0381,solved,0
0.0014737755,0.0014737755,3.4989560594e-04,0.0187054967,12,25,11.8414,12.1690,solved,0
0.0014757268,0.0014757268,3.5001739850e-04,0.0187087519,12,25,11.3617,11.6225,solved,0
0.0014776781,0.0014776781,3.5013938573e-04,0.0187120118,12,25,10.3389,10.6342,solved,0
0.0014796292,0.0014796292,3.5026155511e-04,0.0187152760,12,25,10.6107,10.8243,solved,0
0.0014815805,0.0014815805,3.5038393168e-04,0.0187185451,12,25,10.4325,10.6769,solved,0
0.0014835318,0.0014835318,3.5050650292e-04,0.0187218189,12,25,10.7247,10.9422,solved,0
0.0014854828,0.0014854828,3.5062924996e-04,0.0187250968,12,25,10.4129,10.5858,solved,0
0.0014874343,0.0014874343,3.5075222314e-04,0.0187283802,12,25,10.5933,10.7778,solved,0
0.0014893854,0.0014893854,3.5087536578e-04,0.0187316675,12,25,10.8712,11.0836,solved,0
0.0014913367,0.0014913367,3.5099871570e-04,0.0187349597,12,25,10.6259,10.9801,solved,0
0.0014932878,0.0014932878,3.5112224764e-04,0.0187382563,12,25,10.4855,10.7322,solved,0
0.0014952392,0.0014952392,3.5124599325e-04,0.0187415579,12,25,10.5765,10.7839,solved,0
0.0014971904,0.0014971904,3.5136992084e-04,0.0187448639,12,25,10.7762,10.9923,solved,0
0.0014991416,0.0014991416,3.5149404309e-04,0.0187481744,12,25,10.6793,10.9423,solved,0
0.0015010929,0.0015010929,3.5161836638e-04,0.0187514897,12,25,10.2755,10.5134,solved,0
0.0015030441,0.0015030441,3.5174287795e-04,0.0187548095,12,25,11.3953,11.6436,solved,0
0.0015049954,0.0015049954,3.5186759059e-04,0.0187581340,12,25,10.4380,10.6199,solved,0
0.0015069464,0.0015069464,3.5199247868e-04,0.0187614626,12,25,11.3691,11.5623,solved,0
0.0015088980,0.0015088980,3.5211759988e-04,0.0187647968,12,25,10.5427,10.7336,solved,0
0.0015108490,0.0015108490,3.5224287727e-04,0.0187681346,12,25,10.4976,10.6957,solved,0
0.0015128002,0.0015128002,3.5236836214e-04,0.0187714774,12,25,10.5827,10.7904,solved,0
0.0015147516,0.0015147516,3.5249405457e-04,0.0187748250,12,25,10.5317,10.7183,solved,0
0.0015167027,0.0015167027,3.5261992232e-04,0.0187781768,12,25,10.5435,10.7571,solved,0
0.0015186540,0.0015186540,3.5274599765e-04,0.0187815334,12,25,10.5806,10.7712,solved,0
0.0015206051,0.0015206051,3.5287225470e-04,0.0187848943,12,25,10.5569,10.7470,solved,0
0.0015225566,0.0015225566,3.5299873233e-04,0.0187882605,12,25,10.6394,10.8365,solved,0
0.0015245076,0.0015245076,3.5312537220e-04,0.0187916304,12,25,10.4483,10.6381,solved,0
0.0015264589,0.0015264589,3.5325222621e-04,0.0187950054,12,25,10.6966,10.8713,solved,0
0.0015284102,0.0015284102,3.5337927489e-04,0.0187983849,12,25,10.4660,10.6509,solved,0
0.0015303615,0.0015303615,3.5350651825e-04,0.0188017690,12,25,10.5929,10.8334,solved,0
0.0015323126,0.0015323126,3.5363394322e-04,0.0188051574,12,25,10.5212,10.7598,solved,0
0.0015342641,0.0015342641,3.5376158901e-04,0.0188085510,12,25,10.8096,11.0176,solved,0
0.0015362152,0.0015362152,3.5388940329e-04,0.0188119484,12,25,10.6150,10.8144,solved,0
0.0015381663,0.0015381663,3.5401741221e-04,0.0188153504,12,25,10.6521,10.8567,solved,0
0.0015401176,0.0015401176,3.5414562892e-04,0.0188187574,12,25,10.1996,10.4004,solved,0
0.0015420688,0.0015420688,3.5427403372e-04,0.0188221687,12,25,10.4261,10.6225,solved,0
0.0015440201,0.0015440201,3.5440263978e-04,0.0188255847,12,25,10.2315,10.4349,solved,0
0.0015459712,0.0015459712,3.5453142730e-04,0.0188290049,12,25,10.6008,10.8475,solved,0
0.0015479226,0.0015479226,3.5466042931e-04,0.0188324303,12,25,10.7865,10.9921,solved,0
0.0015498738,0.0015498738,3.5478961276e-04,0.0188358598,12,25,10.5222,10.7186,solved,0
0.0015518250,0.0015518250,3.5491899087e-04,0.0188392938,12,25,10.5108,10.7085,solved,0
0.0015537763,0.0015537763,3.5504857028e-04,0.0188427326,12,25,13.4491,13.7002,solved,0
0.0015557276,0.0015557276,3.5517834437e-04,0.0188461759,12,25,13.9037,14.1495,solved,0
0.0015576787,0.0015576787,3.5530829981e-04,0.0188496233,12,25,14.0152,14.2380,solved,0
0.0015596300,0.0015596300,3.5543846324e-04,0.0188530757,12,25,13.8895,14.1029,solved,0
0.0015615813,0.0015615813,3.5556882134e-04,0.0188565326,12,25,13.8563,14.0820,solved,0
0.0015635324,0.0015635324,3.5569936073e-04,0.0188599937,12,25,12.3508,12.7295,solved,0
0.0015654837,0.0015654837,3.5583010817e-04,0.0188634596,12,25,14.4176,14.6740,solved,0
0.0015674350,0.0015674350,3.5596105029e-04,0.0188669301,12,25,14.5683,15.0435,solved,0
0.0015693862,0.0015693862,3.5609218036e-04,0.0188704049,12,25,11.7636,11.9947,solved,0
0.0015713373,0.0015713373,3.5622349835e-04,0.0188738840,12,25,10.4358,10.6006,solved,0
0.0015732887,0.0015732887,3.5635503122e-04,0.0188773682,12,25,10.3579,10.5043,solved,0
0.0015752399,0.0015752399,3.5648674527e-04,0.0188808566,12,25,10.4021,10.5423,solved,0
0.0015771911,0.0015771911,3.5661865398e-04,0.0188843494,12,25,10.4358,10.6033,solved,0
0.0015791423,0.0015791423,3.5675075735e-04,0.0188878468,12,25,10.7642,10.9371,solved,0
0.0015810938,0.0015810938,3.5688307573e-04,0.0188913492,12,25,10.7595,10.9567,solved,0
0.0015830449,0.0015830449,3.5701556165e-04,0.0188948554,12,25,10.6353,10.8229,solved,0
0.0015849961,0.0015849961,3.5714824901e-04,0.0188983663,12,25,10.5371,10.7341,solved,0
0.0015869474,0.0015869474,3.5728113785e-04,0.0189018819,12,25,10.5792,10.7419,solved,0
0.0015888985,0.0015888985,3.5741420771e-04,0.0189054015,12,25,10.4042,10.5865,solved,0
0.0015908498,0.0015908498,3.5754748588e-04,0.0189089261,12,25,10.2534,10.4410,solved,0
0.0015928011,0.0015928011,3.5768095873e-04,0.0189124551,12,25,10.2524,10.4634,solved,0
0.0015947524,0.0015947524,3.5781462625e-04,0.0189159886,12,25,10.2867,10.4473,solved,0
0.0015967034,0.0015967034,3.5794846786e-04,0.0189195261,12,25,10.9712,11.1726,solved,0
0.0015986549,0.0015986549,3.5808253846e-04,0.0189230689,12,25,10.5718,10.8279,solved,0
0.0016006060,0.0016006060,3.5821677624e-04,0.0189266156,12,25,10.8878,11.1111,solved,0
0.0016025573,0.0016025573,3.5835122245e-04,0.0189301670,12,25,9.7656,9.9781,solved,0
0.0016045084,0.0016045084,3.5848584952e-04,0.0189337225,12,25,10.0906,10.2859,solved,0
0.0016064599,0.0016064599,3.5862069889e-04,0.0189372833,12,25,9.8980,10.0645,solved,0
0.0016084109,0.0016084109,3.5875570836e-04,0.0189408476,12,25,9.8547,10.0349,solved,0
0.0016103622,0.0016103622,3.5889093324e-04,0.0189444169,12,25,9.9956,10.2018,solved,0
0.0016123136,0.0016123136,3.5902635975e-04,0.0189479909,12,25,10.0259,10.1774,solved,0
0.0016142646,0.0016142646,3.5916195314e-04,0.0189515686,12,25,9.8611,10.0031,solved,0
0.0016162159,0.0016162159,3.5929776204e-04,0.0189551513,12,25,9.8595,10.0038,solved,0
0.0016181670,0.0016181670,3.5943375167e-04,0.0189587381,12,25,9.9971,10.1626,solved,0
0.0016201185,0.0016201185,3.5956996387e-04,0.0189623301,12,25,11.2872,11.4898,solved,0
0.0016220695,0.0016220695,3.5970633582e-04,0.0189659257,12,25,10.3973,10.6126,solved,0
0.0016240209,0.0016240209,3.5984293041e-04,0.0189695264,12,25,10.3407,10.6558,solved,0
0.0016259721,0.0016259721,3.5997970566e-04,0.0189731312,12,25,9.9152,10.1493,solved,0
0.0016279234,0.0016279234,3.6011668260e-04,0.0189767406,12,25,10.0932,10.2907,solved,0
0.0016298745,0.0016298745,3.6025384014e-04,0.0189803541,12,25,9.8341,9.9974,solved,0
0.0016318258,0.0016318258,3.6039120642e-04,0.0189839724,12,25,10.0227,10.2142,solved,0
0.0016337771,0.0016337771,3.6052876736e-04,0.0189875951,12,25,10.0876,10.2775,solved,0
0.0016357281,0.0016357281,3.6066650180e-04,0.0189912217,12,25,10.0841,10.2501,solved,0
0.0016376796,0.0016376796,3.6080446622e-04,0.0189948537,12,25,9.9588,10.1434,solved,0
0.0016396307,0.0016396307,3.6094259703e-04,0.0189984893,12,25,9.8423,10.0301,solved,0
0.0016415820,0.0016415820,3.6108093666e-04,0.0190021298,12,25,10.2074,10.3760,solved,0
0.0016435332,0.0016435332,3.6121946386e-04,0.0190057745,12,25,10.1187,10.3078,solved,0
0.0016454845,0.0016454845,3.6135819283e-04,0.0190094238,12,25,9.9920,10.1530,solved,0
0.0016474357,0.0016474357,3.6149710936e-04,0.0190130773,12,25,9.5881,9.7387,solved,0
0.0016493869,0.0016493869,3.6163622055e-04,0.0190167353,12,25,9.9489,10.1034,solved,0
0.0016513383,0.0016513383,3.6177554068e-04,0.0190203980,12,25,9.9113,10.0500,solved,0
0.0016532895,0.0016532895,3.6191504121e-04,0.0190240648,12,25,9.9848,10.1602,solved,0
0.0016552406,0.0016552406,3.6205472922e-04,0.0190277358,12,25,9.8601,10.0065,solved,0
0.0016571919,0.0016571919,3.6219462622e-04,0.0190314116,12,25,9.8812,10.0210,solved,0
0.0016591432,0.0016591432,3.6233471790e-04,0.0190350917,12,25,9.9248,10.0956,solved,0
0.0016610943,0.0016610943,3.6247498987e-04,0.0190387760,12,25,10.1129,10.2994,solved,0
0.0016630456,0.0016630456,3.6261547089e-04,0.0190424649,12,25,10.0075,10.1639,solved,0
0.0016649969,0.0016649969,3.6275614658e-04,0.0190461583,12,25,9.9101,10.0849,solved,0
0.0016669481,0.0016669481,3.6289700972e-04,0.0190498559,12,25,9.9572,10.1254,solved,0
0.0016688992,0.0016688992,3.6303806029e-04,0.0190535577,12,25,9.8797,10.0401,solved,0
0.0016708506,0.0016708506,3.6317932723e-04,0.0190572644,12,25,9.9069,10.0857,solved,0
0.0016728018,0.0016728018,3.6332077436e-04,0.0190609752,12,25,9.8287,9.9728,solved,0
0.0016747530,0.0016747530,3.6346241615e-04,0.0190646903,12,25,10.0285,10.1873,solved,0
0.0016767044,0.0016767044,3.6360426714e-04,0.0190684102,12,25,9.7374,9.8968,solved,0
0.0016786557,0.0016786557,3.6374630555e-04,0.0190721343,12,25,9.8775,10.0182,solved,0
0.0016806067,0.0016806067,3.6388851675e-04,0.0190758621,12,25,9.7302,9.8878,solved,0
0.0016825580,0.0016825580,3.6403094448e-04,0.0190795950,12,25,9.8832,10.0583,solved,0
0.0016845092,0.0016845092,3.6417355958e-04,0.0190833320,12,25,9.8405,9.9886,solved,0
0.0016864604,0.0016864604,3.6431636933e-04,0.0190870734,12,25,9.8786,10.0540,solved,0
0.0016884116,0.0016884116,3.6445937374e-04,0.0190908191,12,25,9.8542,10.0074,solved,0
0.0016903629,0.0016903629,3.6460258016e-04,0.0190945694,12,25,9.7766,9.9350,solved,0
0.0016923143,0.0016923143,3.6474598860e-04,0.0190983242,12,25,9.9158,10.0993,solved,0
0.0016942653,0.0016942653,3.6488956229e-04,0.0191020827,12,25,9.8995,10.0850,solved,0
0.0016962168,0.0016962168,3.6503336746e-04,0.0191058464,12,25,9.8896,10.0560,solved,0
0.0016981679,0.0016981679,3.6517733782e-04,0.0191096138,12,25,9.9443,10.0838,solved,0
0.0017001192,0.0017001192,3.6532151760e-04,0.0191133858,12,25,9.9287,10.1158,solved,0
0.0017020703,0.0017020703,3.6546587725e-04,0.0191171619,12,25,9.8743,10.0274,solved,0
0.0017040217,0.0017040217,3.6561045378e-04,0.0191209428,12,25,9.9802,10.1484,solved,0
0.0017059728,0.0017059728,3.6575520274e-04,0.0191247275,12,25,9.8620,10.0294,solved,0
0.0017079241,0.0017079241,3.6590016120e-04,0.0191285170,12,25,9.7767,9.9048,solved,0
0.0017098754,0.0017098754,3.6604531434e-04,0.0191323107,12,25,9.8945,10.0464,solved,0
0.0017118265,0.0017118265,3.6619064725e-04,0.0191361085,12,25,9.8387,9.9786,solved,0
0.0017137778,0.0017137778,3.6633618973e-04,0.0191399109,12,25,9.7485,9.8965,solved,0
0.0017157291,0.0017157291,3.6648192688e-04,0.0191437177,12,25,10.0495,10.2634,solved,0
0.0017176803,0.0017176803,3.6662785123e-04,0.0191475286,12,25,9.9853,10.1795,solved,0
0.0017196314,0.0017196314,3.6677396274e-04,0.0191513436,12,25,10.0445,10.2804,solved,0
0.0017215827,0.0017215827,3.6692028389e-04,0.0191551634,12,25,9.9790,10.1512,solved,0
0.0017235339,0.0017235339,3.6706679221e-04,0.0191589872,12,25,9.9619,10.1343,solved,0
0.0017254853,0.0017254853,3.6721351024e-04,0.0191628158,12,25,9.9909,10.1677,solved,0
0.0017274364,0.0017274364,3.6736040036e-04,0.0191666481,12,25,10.0790,10.2846,solved,0
0.0017293877,0.0017293877,3.6750750021e-04,0.0191704851,12,25,10.0471,10.2345,solved,0
0.0017313390,0.0017313390,3.6765479473e-04,0.0191743264,12,25,10.1234,10.3231,solved,0
0.0017332901,0.0017332901,3.6780226881e-04,0.0191781717,12,25,10.1421,10.3402,solved,0
0.0017352416,0.0017352416,3.6794996781e-04,0.0191820220,12,25,10.3263,10.5392,solved,0
0.0017371926,0.0017371926,3.6809782362e-04,0.0191858756,12,25,10.3142,10.6720,solved,0
0.0017391439,0.0017391439,3.6824589683e-04,0.0191897342,12,25,10.5833,10.8012,solved,0
0.0017410952,0.0017410952,3.6839416471e-04,0.0191935970,12,25,10.1135,10.3475,solved,0
0.0017430464,0.0017430464,3.6854261966e-04,0.0191974639,12,25,10.1408,10.3295,solved,0
0.0017449976,0.0017449976,3.6869126926e-04,0.0192013351,12,25,10.6307,10.8361,solved,0
0.0017469489,0.0017469489,3.6884012116e-04,0.0192052108,12,25,10.7958,11.0016,solved,0
0.0017489002,0.0017489002,3.6898916773e-04,0.0192090908,12,25,10.5393,10.7815,solved,0
0.0017508514,0.0017508514,3.6913840133e-04,0.0192129748,12,25,10.5682,10.7655,solved,0
0.0017528025,0.0017528025,3.6928782192e-04,0.0192168630,12,25,10.9105,11.1235,solved,0
0.0017547538,0.0017547538,3.6943745250e-04,0.0192207558,12,25,10.6161,10.8242,solved,0
0.0017567051,0.0017567051,3.6958727775e-04,0.0192246529,12,25,10.8997,11.1202,solved,0
0.0017586562,0.0017586562,3.6973728230e-04,0.0192285538,12,25,10.5920,10.7683,solved,0
0.0017606074,0.0017606074,3.6988748919e-04,0.0192324593,12,25,10.4076,10.5705,solved,0
0.0017625587,0.0017625587,3.7003789845e-04,0.0192363692,12,25,10.4918,10.6759,solved,0
0.0017645100,0.0017645100,3.7018850238e-04,0.0192402833,12,25,10.2911,10.4902,solved,0
0.0017664611,0.0017664611,3.7033928553e-04,0.0192442013,12,25,10.5769,10.7633,solved,0
0.0017684125,0.0017684125,3.7049028654e-04,0.0192481242,12,25,10.2681,10.4794,solved,0
0.0017703637,0.0017703637,3.7064146675e-04,0.0192520510,12,25,10.3805,10.5756,solved,0
0.0017723149,0.0017723149,3.7079284161e-04,0.0192559820,12,25,10.4067,10.5945,solved,0
0.0017742662,0.0017742662,3.7094441891e-04,0.0192599174,12,25,10.5817,10.7863,solved,0
0.0017762175,0.0017762175,3.7109619088e-04,0.0192638571,12,25,10.6510,10.8616,solved,0
0.0017781686,0.0017781686,3.7124814194e-04,0.0192678007,12,25,11.6512,11.8827,solved,0
0.0017801199,0.0017801199,3.7140030325e-04,0.0192717488,12,25,10.3846,10.5609,solved,0
0.0017820712,0.0017820712,3.7155265923e-04,0.0192757013,12,25,10.5523,10.7194,solved,0
0.0017840223,0.0017840223,3.7170519425e-04,0.0192796575,12,25,10.9220,11.1557,solved,0
0.0017859736,0.0017859736,3.7185793957e-04,0.0192836184,12,25,11.1219,11.3563,solved,0
0.0017879249,0.0017879249,3.7201087957e-04,0.0192875836,12,25,10.4723,10.6741,solved,0
0.0017898762,0.0017898762,3.7216401424e-04,0.0192915529,12,25,10.5249,10.7134,solved,0
0.0017918272,0.0017918272,3.7231732001e-04,0.0192955259,12,25,10.5029,10.6944,solved,0
0.0017937787,0.0017937787,3.7247085975e-04,0.0192995041,12,25,10.2777,10.4907,solved,0
0.0017957298,0.0017957298,3.7262456269e-04,0.0193034858,12,25,10.4856,10.6815,solved,0
0.0017976811,0.0017976811,3.7277847604e-04,0.0193074720,12,25,10.4822,10.6874,solved,0
0.0017996322,0.0017996322,3.7293256827e-04,0.0193114621,12,25,10.6626,10.8489,solved,0
0.0018015836,0.0018015836,3.7308687888e-04,0.0193154570,12,25,10.5210,10.7022,solved,0
0.0018035347,0.0018035347,3.7324136041e-04,0.0193194555,12,25,10.4434,10.6420,solved,0
0.0018054859,0.0018054859,3.7339604452e-04,0.0193234584,12,25,12.0140,12.2734,solved,0
0.0018074373,0.0018074373,3.7355093916e-04,0.0193274659,12,25,11.2203,11.5367,solved,0
0.0018093884,0.0018093884,3.7370600465e-04,0.0193314770,12,25,13.5664,13.9211,solved,0
0.0018113397,0.0018113397,3.7386128070e-04,0.0193354928,12,25,12.1491,12.4564,solved,0
0.0018132909,0.0018132909,3.7401674346e-04,0.0193395125,12,25,12.2037,12.4585,solved,0
0.0018152422,0.0018152422,3.7417240885e-04,0.0193435366,12,25,11.8347,12.2119,solved,0
0.0018171933,0.0018171933,3.7432825294e-04,0.0193475645,12,25,12.4328,12.7573,solved,0
0.0018191448,0.0018191448,3.7448432368e-04,0.0193515974,12,25,12.4699,12.7394,solved,0
0.0018210960,0.0018210960,3.7464056509e-04,0.0193556339,12,25,12.4364,12.7183,solved,0
0.0018230472,0.0018230472,3.7479700117e-04,0.0193596746,12,25,11.1400,11.4455,solved,0
0.0018249983,0.0018249983,3.7495362387e-04,0.0193637193,12,25,12.7961,13.1058,solved,0
0.0018269496,0.0018269496,3.7511045729e-04,0.0193677685,12,25,13.5725,13.8682,solved,0
0.0018289009,0.0018289009,3.7526748539e-04,0.0193718219,12,25,13.6382,13.9118,solved,0
0.0018308519,0.0018308519,3.7542468398e-04,0.0193758789,12,25,12.5793,12.8148,solved,0
0.0018328034,0.0018328034,3.7558211755e-04,0.0193799411,12,25,13.1200,13.3891,solved,0
0.0018347545,0.0018347545,3.7573971351e-04,0.0193840066,12,25,12.5738,12.8335,solved,0
0.0018367058,0.0018367058,3.7589752029e-04,0.0193880768,12,25,12.1588,12.4849,solved,0
0.0018386571,0.0018386571,3.7605552175e-04,0.0193921510,12,25,10.8212,11.0526,solved,0
0.0018406083,0.0018406083,3.7621370977e-04,0.0193962293,12,25,11.3291,11.5602,solved,0
0.0018425595,0.0018425595,3.7637209245e-04,0.0194003117,12,25,13.6683,13.8949,solved,0
0.0018445107,0.0018445107,3.7653066979e-04,0.0194043982,12,25,11.8849,12.1583,solved,0
0.0018464620,0.0018464620,3.7668944993e-04,0.0194084891,12,25,10.6576,10.8763,solved,0
0.0018484133,0.0018484133,3.7684842475e-04,0.0194125842,12,25,11.6959,11.9256,solved,0
0.0018503644,0.0018503644,3.7700757792e-04,0.0194166830,12,25,13.9278,14.1704,solved,0
0.0018523157,0.0018523157,3.7716694207e-04,0.0194207863,12,25,10.8477,11.0726,solved,0
0.0018542670,0.0018542670,3.7732650090e-04,0.0194248938,12,25,10.5418,10.7500,solved,0
0.0018562181,0.0018562181,3.7748623802e-04,0.0194290051,12,25,11.0224,11.2215,solved,0
0.0018581695,0.0018581695,3.7764619439e-04,0.0194331211,12,25,10.1838,10.3806,solved,0
0.0018601206,0.0018601206,3.7780632082e-04,0.0194372406,12,25,10.4277,10.6245,solved,0
0.0018620719,0.0018620719,3.7796665833e-04,0.0194413646,12,25,10.4079,10.6157,solved,0
0.0018640231,0.0018640231,3.7812718229e-04,0.0194454926,12,25,10.0342,10.2360,solved,0
0.0018659744,0.0018659744,3.7828790914e-04,0.0194496249,12,25,10.0457,10.2724,solved,0
0.0018679256,0.0018679256,3.7844882242e-04,0.0194537611,12,25,10.1684,10.3876,solved,0
0.0018698769,0.0018698769,3.7860993863e-04,0.0194579017,12,25,10.0583,10.2748,solved,0
0.0018718281,0.0018718281,3.7877124123e-04,0.0194620462,12,25,9.8385,10.0408,solved,0
0.0018737794,0.0018737794,3.7893274678e-04,0.0194661950,12,25,10.0397,10.2850,solved,0
0.0018757305,0.0018757305,3.7909443042e-04,0.0194703475,12,25,10.9240,11.1747,solved,0
0.0018776818,0.0018776818,3.7925632530e-04,0.0194745045,12,25,9.8779,10.1049,solved,0
0.0018796331,0.0018796331,3.7941841486e-04,0.0194786656,12,25,10.1438,10.5205,solved,0
0.0018815842,0.0018815842,3.7958068246e-04,0.0194828305,12,25,10.1358,10.3602,solved,0
0.0018835354,0.0018835354,3.7974315302e-04,0.0194869996,12,25,10.4153,10.6602,solved,0
0.0018854868,0.0018854868,3.7990583493e-04,0.0194911733,12,25,10.4060,10.6220,solved,0
0.0018874381,0.0018874381,3.8006870318e-04,0.0194953508,12,25,12.1406,12.3934,solved,0
0.0018893891,0.0018893891,3.8023174102e-04,0.0194995318,12,25,11.3772,11.6154,solved,0
0.0018913406,0.0018913406,3.8039501534e-04,0.0195037180,12,25,12.1455,12.5061,solved,0
0.0018932917,0.0018932917,3.8055845085e-04,0.0195079074,12,25,11.1904,11.5960,solved,0
0.0018952430,0.0018952430,3.8072209778e-04,0.0195121013,12,25,11.8849,12.2037,solved,0
0.0018971942,0.0018971942,3.8088593099e-04,0.0195162991,12,25,13.0209,13.3833,solved,0
0.0018991455,0.0018991455,3.8104996727e-04,0.0195205012,12,25,13.9642,14.3240,solved,0
0.0019010966,0.0019010966,3.8121418138e-04,0.0195247069,12,25,13.9275,14.2662,solved,0
0.0019030477,0.0019030477,3.8137859013e-04,0.0195289168,12,25,13.8121,14.1019,solved,0
0.0019049992,0.0019049992,3.8154322728e-04,0.0195331315,12,25,12.1082,12.4799,solved,0
0.0019069503,0.0019069503,3.8170802535e-04,0.0195373495,12,25,12.3764,12.6099,solved,0
0.0019089016,0.0019089016,3.8187303497e-04,0.0195415720,12,25,11.5321,11.7947,solved,0
0.0019108528,0.0019108528,3.8203823080e-04,0.0195457983,12,25,12.0442,12.3613,solved,0
0.0019128042,0.0019128042,3.8220363825e-04,0.0195500291,12,25,11.9223,12.3457,solved,0
0.0019147552,0.0019147552,3.8236920644e-04,0.0195542631,12,25,11.9440,12.2444,solved,0
0.0019167067,0.0019167067,3.8253501977e-04,0.0195585025,11,25,15.3449,15.6653,solved,0
0.0019186581,0.0019186581,3.8270105063e-04,0.0195627465,11,25,11.7829,12.0813,solved,0
0.0019206095,0.0019206095,3.8286730899e-04,0.0195669954,11,25,14.0642,14.4127,solved,0
0.0019225607,0.0019225607,3.8303377779e-04,0.0195712488,11,25,14.3027,14.5802,solved,0
0.0019245120,0.0019245120,3.8320048259e-04,0.0195755072,11,25,14.5395,14.8439,solved,0
0.0019264635,0.0019264635,3.8336743200e-04,0.0195797710,11,25,11.3779,11.6834,solved,0
0.0019284148,0.0019284148,3.8353459179e-04,0.0195840392,11,25,10.9701,11.3074,solved,0
0.0019303660,0.0019303660,3.8370197048e-04,0.0195883121,11,25,11.9726,12.6239,solved,0
0.0019323174,0.0019323174,3.8386959383e-04,0.0195925903,11,25,11.6579,11.9055,solved,0
0.0019342688,0.0019342688,3.8403744467e-04,0.0195968733,11,25,11.7730,12.0392,solved,0
0.0019362202,0.0019362202,3.8420552302e-04,0.0196011613,11,25,14.2465,14.5122,solved,0
0.0019381714,0.0019381714,3.8437381162e-04,0.0196054536,11,25,13.6189,13.8910,solved,0
0.0019401228,0.0019401228,3.8454234496e-04,0.0196097513,11,25,13.9085,14.1837,solved,0
0.0019420740,0.0019420740,3.8471108850e-04,0.0196140533,11,25,14.0613,14.3062,solved,0
0.0019440256,0.0019440256,3.8488009416e-04,0.0196183611,11,25,14.0990,14.3384,solved,0
0.0019459768,0.0019459768,3.8504929266e-04,0.0196226729,11,25,14.1008,14.3784,solved,0
0.0019479282,0.0019479282,3.8521873600e-04,0.0196269900,11,25,14.2585,14.5192,solved,0
0.0019498794,0.0019498794,3.8538838944e-04,0.0196313115,11,25,11.8712,12.1540,solved,0
0.0019518308,0.0019518308,3.8555828777e-04,0.0196356382,11,25,11.7341,12.0860,solved,0
0.0019537821,0.0019537821,3.8572840488e-04,0.0196399696,11,25,13.5312,13.7861,solved,0
0.0019557335,0.0019557335,3.8589875820e-04,0.0196443060,11,25,13.3043,13.5597,solved,0
0.0019576848,0.0019576848,3.8606933029e-04,0.0196486470,11,25,12.4700,12.7550,solved,0
0.0019596362,0.0019596362,3.8624013861e-04,0.0196529931,11,25,13.1994,13.5248,solved,0
0.0019615875,0.0019615875,3.8641116567e-04,0.0196573438,11,25,13.4075,14.1377,solved,0
0.0019635389,0.0019635389,3.8658242900e-04,0.0196616995,11,25,13.2729,13.5909,solved,0
0.0019654902,0.0019654902,3.8675391104e-04,0.0196660599,11,25,11.5500,11.8479,solved,0
0.0019674416,0.0019674416,3.8692562936e-04,0.0196704252,11,25,13.9996,14.4272,solved,0
0.0019693930,0.0019693930,3.8709757519e-04,0.0196747954,11,25,13.9455,14.3334,solved,0
0.0019713443,0.0019713443,3.8726973970e-04,0.0196791702,11,25,14.7300,15.2708,solved,0
0.0019732957,0.0019732957,3.8744214053e-04,0.0196835500,11,25,20.3411,20.8376,solved,0
0.0019752469,0.0019752469,3.8761475116e-04,0.0196879342,11,25,15.9245,16.3831,solved,0
0.0019771984,0.0019771984,3.8778761585e-04,0.0196923238,11,25,89.0684,159.7468,solved,0
0.0019791496,0.0019791496,3.8796068143e-04,0.0196967175,11,25,55.1465,55.9845,solved,0
0.0019811010,0.0019811010,3.8813399225e-04,0.0197011165,11,25,17.3569,18.9963,solved,0
0.0019830525,0.0019830525,3.8830753947e-04,0.0197055205,11,25,22.9866,23.7861,solved,0
0.0019850037,0.0019850037,3.8848128749e-04,0.0197099287,11,25,15.7236,16.9275,solved,0
0.0019869551,0.0019869551,3.8865528081e-04,0.0197143420,11,25,17.9065,18.5213,solved,0
0.0019889064,0.0019889064,3.8882949271e-04,0.0197187599,11,25,14.0921,14.5693,solved,0
0.0019908578,0.0019908578,3.8900394103e-04,0.0197231828,11,25,15.1678,15.6422,solved,0
0.0019928090,0.0019928090,3.8917859895e-04,0.0197276101,11,25,17.7534,18.5233,solved,0
0.0019947605,0.0019947605,3.8935351122e-04,0.0197320428,11,25,16.2167,16.7135,solved,0
0.0019967116,0.0019967116,3.8952861511e-04,0.0197364793,11,25,17.1651,17.5555,solved,0
0.0019986630,0.0019986630,3.8970397341e-04,0.0197409213,11,25,15.9401,16.3929,solved,0
0.0020006145,0.0020006145,3.8987956822e-04,0.0197453683,11,25,14.3646,14.7339,solved,0
0.0020025657,0.0020025657,3.9005536351e-04,0.0197498193,11,25,14.3570,14.6440,solved,0
0.0020045172,0.0020045172,3.9023141334e-04,0.0197542758,11,25,15.4267,15.8493,solved,0
0.0020064684,0.0020064684,3.9040766358e-04,0.0197587364,11,25,14.7173,15.0720,solved,0
0.0020084198,0.0020084198,3.9058415939e-04,0.0197632022,11,25,16.5814,16.9395,solved,0
0.0020103710,0.0020103710,3.9076086457e-04,0.0197676722,11,25,10.9295,11.5158,solved,0
0.0020123225,0.0020123225,3.9093782444e-04,0.0197721477,11,25,13.1900,13.6106,solved,0
0.0020142737,0.0020142737,3.9111498457e-04,0.0197766272,11,25,14.3548,14.8784,solved,0
0.0020162251,0.0020162251,3.9129239036e-04,0.0197811120,11,25,14.8454,15.3268,solved,0
0.0020181766,0.0020181766,3.9147003277e-04,0.0197856017,11,25,16.8028,17.2566,solved,0
0.0020201278,0.0020201278,3.9164787534e-04,0.0197900954,11,25,16.6758,17.1465,solved,0
0.0020220792,0.0020220792,3.9182596364e-04,0.0197945943,11,25,15.6400,16.1844,solved,0
0.0020240305,0.0020240305,3.9200427030e-04,0.0197990977,11,25,17.8795,18.3013,solved,0
0.0020259819,0.0020259819,3.9218281359e-04,0.0198036061,11,25,14.1486,14.5778,solved,0
0.0020279333,0.0020279333,3.9236158439e-04,0.0198081192,11,25,13.9567,14.3640,solved,0
0.0020298846,0.0020298846,3.9254057352e-04,0.0198126367,11,25,13.7755,14.0841,solved,0
0.0020318360,0.0020318360,3.9271979932e-04,0.0198171592,11,25,13.5180,13.8832,solved,0
0.0020337872,0.0020337872,3.9289923422e-04,0.0198216860,11,25,12.9202,13.2788,solved,0
0.0020357387,0.0020357387,3.9307892423e-04,0.0198262181,11,25,12.0676,12.4071,solved,0
0.0020376899,0.0020376899,3.9325881408e-04,0.0198307542,11,25,13.4942,13.8216,solved,0
0.0020396413,0.0020396413,3.9343894987e-04,0.0198352956,11,25,12.0415,12.4013,solved,0
0.0020415926,0.0020415926,3.9361930392e-04,0.0198398413,11,25,15.2197,15.5525,solved,0
0.0020435440,0.0020435440,3.9379989470e-04,0.0198443920,11,25,11.4181,11.7650,solved,0
0.0020454955,0.0020454955,3.9398072227e-04,0.0198489476,11,25,14.1608,14.4600,solved,0
0.0020474467,0.0020474467,3.9416174951e-04,0.0198535072,11,25,11.0453,11.3520,solved,0
0.0020493981,0.0020493981,3.9434302281e-04,0.0198580720,11,25,12.0677,12.5690,solved,0
0.0020513494,0.0020513494,3.9452451430e-04,0.0198626412,11,25,14.5914,14.9448,solved,0
0.0020533007,0.0020533007,3.9470623327e-04,0.0198672150,11,25,14.0862,14.4873,solved,0
0.0020552521,0.0020552521,3.9488818906e-04,0.0198717938,11,25,13.1829,13.5161,solved,0
0.0020572034,0.0020572034,3.9507036301e-04,0.0198763770,11,25,12.4472,12.7639,solved,0
0.0020591546,0.0020591546,3.9525275509e-04,0.0198809646,11,25,14.0540,14.3811,solved,0
0.0020611061,0.0020611061,3.9543540272e-04,0.0198855576,11,25,12.8073,13.0898,solved,0
0.0020630574,0.0020630574,3.9561825913e-04,0.0198901548,11,25,13.2683,13.9365,solved,0
0.0020650087,0.0020650087,3.9580134302e-04,0.0198947567,11,25,13.2785,13.6910,solved,0
0.0020669601,0.0020669601,3.9598466379e-04,0.0198993634,11,25,13.7795,14.0517,solved,0
0.0020689114,0.0020689114,3.9616820266e-04,0.0199039745,11,25,12.9897,13.2970,solved,0
0.0020708628,0.0020708628,3.9635197844e-04,0.0199085906,11,25,12.2457,12.5396,solved,0
0.0020728142,0.0020728142,3.9653598171e-04,0.0199132112,11,25,12.4843,12.7578,solved,0
0.0020747655,0.0020747655,3.9672020305e-04,0.0199178363,11,25,12.5314,13.0700,solved,0
0.0020767167,0.0020767167,3.9690464241e-04,0.0199224658,11,25,11.6838,12.1003,solved,0
0.0020786681,0.0020786681,3.9708932817e-04,0.0199271003,11,25,12.5019,12.7746,solved,0
0.0020806196,0.0020806196,3.9727425092e-04,0.0199317398,11,25,12.3685,12.7923,solved,0
0.0020825708,0.0020825708,3.9745937272e-04,0.0199363831,11,25,13.0495,13.3743,solved,0
0.0020845222,0.0020845222,3.9764474098e-04,0.0199410316,11,25,14.1731,14.5145,solved,0
0.0020864735,0.0020864735,3.9783032724e-04,0.0199456844,11,25,13.5949,13.9157,solved,0
0.0020884249,0.0020884249,3.9801615051e-04,0.0199503421,11,25,12.6524,12.9603,solved,0
0.0020903763,0.0020903763,3.9820220128e-04,0.0199550044,11,25,12.6822,12.9848,solved,0
0.0020923275,0.0020923275,3.9838846045e-04,0.0199596709,11,25,13.6434,13.9767,solved,0
0.0020942788,0.0020942788,3.9857495665e-04,0.0199643421,11,25,11.9489,12.2522,solved,0
0.0020962303,0.0020962303,3.9876169947e-04,0.0199690185,11,25,13.0120,13.2979,solved,0
0.0020981817,0.0020981817,3.9894866024e-04,0.0199736992,11,25,15.4964,15.8808,solved,0
0.0021001329,0.0021001329,3.9913582932e-04,0.0199783841,11,25,18.1308,19.0848,solved,0
0.0021020843,0.0021020843,3.9932324508e-04,0.0199830740,11,25,14.2116,14.5740,solved,0
0.0021040356,0.0021040356,3.9951087872e-04,0.0199877682,11,25,12.8138,13.1116,solved,0
0.0021059870,0.0021059870,3.9969874948e-04,0.0199924673,11,25,11.5849,11.9178,solved,0
0.0021079385,0.0021079385,3.9988685739e-04,0.0199971712,11,25,12.6160,13.1842,solved,0
0.0021098897,0.0021098897,4.0007516386e-04,0.0200018790,11,25,12.7407,13.0690,solved,0
0.0021118408,0.0021118408,4.0026368811e-04,0.0200065911,11,25,13.4992,13.8229,solved,0
0.0021137924,0.0021137924,4.0045248821e-04,0.0200113090,11,25,11.1754,11.5873,solved,0
0.0021157437,0.0021157437,4.0064148678e-04,0.0200160307,11,25,14.5347,14.8147,solved,0
0.0021176951,0.0021176951,4.0083072254e-04,0.0200207573,11,25,12.7078,13.0883,solved,0
0.0021196463,0.0021196463,4.0102016637e-04,0.0200254879,11,25,14.3511,14.7432,solved,0
0.0021215976,0.0021215976,4.0120984739e-04,0.0200302233,11,25,13.3663,13.6247,solved,0
0.0021235490,0.0021235490,4.0139976562e-04,0.0200349636,11,25,12.3918,12.7001,solved,0
0.0021255005,0.0021255005,4.0158992112e-04,0.0200397086,11,25,13.4312,13.7348,solved,0
0.0021274517,0.0021274517,4.0178027486e-04,0.0200444575,11,25,14.6627,14.9341,solved,0
0.0021294031,0.0021294031,4.0197087560e-04,0.0200492113,11,25,11.8935,12.1846,solved,0
0.0021313544,0.0021313544,4.0216169406e-04,0.0200539695,11,25,11.6350,11.9404,solved,0
0.0021333058,0.0021333058,4.0235274981e-04,0.0200587325,11,25,13.1250,13.4448,solved,0
0.0021352572,0.0021352572,4.0254403305e-04,0.0200635000,11,25,12.4470,12.7812,solved,0
0.0021372084,0.0021372084,4.0273552417e-04,0.0200682716,11,25,12.2076,12.5204,solved,0
0.0021391597,0.0021391597,4.0292725257e-04,0.0200730479,11,25,12.2824,12.5761,solved,0
0.0021411111,0.0021411111,4.0311921831e-04,0.0200778290,11,25,11.2536,11.5037,solved,0
0.0021430626,0.0021430626,4.0331142140e-04,0.0200826149,11,25,11.0839,11.3526,solved,0
0.0021450138,0.0021450138,4.0350382242e-04,0.0200874046,11,25,12.2234,12.5345,solved,0
0.0021469652,0.0021469652,4.0369647065e-04,0.0200921992,11,25,10.7931,11.0809,solved,0
0.0021489165,0.0021489165,4.0388933650e-04,0.0200969982,11,25,11.0127,11.2963,solved,0
0.0021508679,0.0021508679,4.0408243974e-04,0.0201018019,11,25,11.3152,11.5587,solved,0
0.0021528194,0.0021528194,4.0427578039e-04,0.0201066104,11,25,13.2759,13.5620,solved,0
0.0021547706,0.0021547706,4.0446931880e-04,0.0201114226,11,25,11.1381,11.3789,solved,0
0.0021567217,0.0021567217,4.0466307473e-04,0.0201162391,11,25,10.4428,10.7042,solved,0
0.0021586732,0.0021586732,4.0485709789e-04,0.0201210611,11,25,10.2224,10.4405,solved,0
0.0021606246,0.0021606246,4.0505133862e-04,0.0201258873,11,25,10.5271,10.7721,solved,0
0.0021625761,0.0021625761,4.0524581683e-04,0.0201307182,11,25,11.8872,12.1417,solved,0
0.0021645272,0.0021645272,4.0544048263e-04,0.0201355527,11,25,13.2004,13.4807,solved,0
0.0021664784,0.0021664784,4.0563538586e-04,0.0201403919,11,25,14.1226,14.4021,solved,0
0.0021684299,0.0021684299,4.0583054657e-04,0.0201452363,11,25,12.9703,13.2303,solved,0
0.0021703814,0.0021703814,4.0602593481e-04,0.0201500852,11,25,12.5494,12.8015,solved,0
0.0021723326,0.0021723326,4.0622152049e-04,0.0201549379,11,25,14.9727,15.2590,solved,0
0.0021742838,0.0021742838,4.0641733363e-04,0.0201597950,11,25,13.8815,14.1134,solved,0
0.0021762352,0.0021762352,4.0661339433e-04,0.0201646571,11,25,13.8694,14.1491,solved,0
0.0021781867,0.0021781867,4.0680969261e-04,0.0201695239,11,25,10.0778,10.3070,solved,0
0.0021801382,0.0021801382,4.0700622533e-04,0.0201743953,10,25,10.5252,10.7364,solved,0
0.0021820895,0.0021820895,4.0720302049e-04,0.0201792721,10,25,10.1795,10.3808,solved,0
0.0021840407,0.0021840407,4.0740009734e-04,0.0201841546,10,25,9.9875,10.1786,solved,0
0.0021859923,0.0021859923,4.0759750646e-04,0.0201890442,10,25,10.9723,11.2336,solved,0
0.0021879435,0.0021879435,4.0779516692e-04,0.0201939389,10,25,11.4988,11.7950,solved,0
0.0021898951,0.0021898951,4.0799315976e-04,0.0201988406,10,25,11.9489,12.2092,solved,0
0.0021918462,0.0021918462,4.0819139365e-04,0.0202037470,10,25,9.7572,9.9541,solved,0
0.0021937976,0.0021937976,4.0838994983e-04,0.0202086603,10,25,10.2420,10.4716,solved,0
0.0021957491,0.0021957491,4.0858880805e-04,0.0202135798,10,25,9.8274,10.0242,solved,0
0.0021977006,0.0021977006,4.0878795812e-04,0.0202185053,10,25,10.8247,11.0485,solved,0
0.0021996522,0.0021996522,4.0898741028e-04,0.0202234372,10,25,13.2260,13.4558,solved,0
0.0022016032,0.0022016032,4.0918709289e-04,0.0202283735,10,25,10.2848,10.5136,solved,0
0.0022035547,0.0022035547,4.0938711849e-04,0.0202333170,10,25,10.3879,10.6196,solved,0
0.0022055062,0.0022055062,4.0958743595e-04,0.0202382666,10,25,11.2738,11.4778,solved,0
0.0022074574,0.0022074574,4.0978801441e-04,0.0202432214,10,25,13.0318,13.2712,solved,0
0.0022094090,0.0022094090,4.0998892585e-04,0.0202481833,10,25,14.1648,14.4086,solved,0
0.0022113603,0.0022113603,4.1019009824e-04,0.0202531503,10,25,13.9221,14.1458,solved,0
0.0022133117,0.0022133117,4.1039157276e-04,0.0202581236,10,25,13.8614,14.0802,solved,0
0.0022152631,0.0022152631,4.1059333911e-04,0.0202631029,10,25,13.9949,14.2407,solved,0
0.0022172145,0.0022172145,4.1079539729e-04,0.0202680882,10,25,14.0850,14.3419,solved,0
0.0022191658,0.0022191658,4.1099773693e-04,0.0202730791,10,25,12.4781,12.7145,solved,0
0.0022211172,0.0022211172,4.1120037876e-04,0.0202780763,10,25,11.3363,11.5739,solved,0
0.0022230687,0.0022230687,4.1140332283e-04,0.0202830797,10,25,10.5185,10.7743,solved,0
0.0022250201,0.0022250201,4.1160654834e-04,0.0202880888,10,25,10.3843,10.5905,solved,0
0.0022269714,0.0022269714,4.1181005524e-04,0.0202931036,10,25,11.9787,12.2293,solved,0
0.0022289227,0.0022289227,4.1201385395e-04,0.0202981244,10,25,10.3114,10.5353,solved,0
0.0022308741,0.0022308741,4.1221795493e-04,0.0203031514,10,25,10.4908,10.7055,solved,0
0.0022328256,0.0022328256,4.1242235822e-04,0.0203081845,10,25,10.0374,10.2292,solved,0
0.0022347770,0.0022347770,4.1262704287e-04,0.0203132234,10,25,12.9802,13.2327,solved,0
0.0022367282,0.0022367282,4.1283199834e-04,0.0203182676,10,25,12.2986,12.5563,solved,0
0.0022386797,0.0022386797,4.1303727715e-04,0.0203233186,10,25,13.4134,13.6350,solved,0
0.0022406311,0.0022406311,4.1324283729e-04,0.0203283752,10,25,11.2914,11.6618,solved,0
0.0022425826,0.0022425826,4.1344869981e-04,0.0203334380,10,25,10.0460,10.3029,solved,0
0.0022445340,0.0022445340,4.1365484363e-04,0.0203385064,10,25,9.8648,10.0613,solved,0
0.0022464852,0.0022464852,4.1386125810e-04,0.0203435803,10,25,11.1451,11.4097,solved,0
0.0022484367,0.0022484367,4.1406799615e-04,0.0203486608,10,25,10.8607,11.1059,solved,0
0.0022503881,0.0022503881,4.1427501545e-04,0.0203537470,10,25,12.5485,12.7959,solved,0
0.0022523396,0.0022523396,4.1448233721e-04,0.0203588393,10,25,12.4724,12.7548,solved,0
0.0022542908,0.0022542908,4.1468991889e-04,0.0203639367,10,25,12.3078,12.6022,solved,0
0.0022562422,0.0022562422,4.1489781367e-04,0.0203690406,10,25,12.5436,12.7745,solved,0
0.0022581937,0.0022581937,4.1510601095e-04,0.0203741506,10,25,10.8220,11.0734,solved,0
0.0022601450,0.0022601450,4.1531447872e-04,0.0203792659,10,25,11.3948,11.6828,solved,0
0.0022620966,0.0022620966,4.1552327040e-04,0.0203843879,10,25,14.1968,14.5010,solved,0
0.0022640477,0.0022640477,4.1573230037e-04,0.0203895145,10,25,14.0241,14.4446,solved,0
0.0022659991,0.0022659991,4.1594165430e-04,0.0203946477,10,25,12.7481,13.1058,solved,0
0.0022679506,0.0022679506,4.1615131080e-04,0.0203997870,10,25,13.8875,14.1656,solved,0
0.0022699020,0.0022699020,4.1636124840e-04,0.0204049320,10,25,10.8946,11.2357,solved,0
0.0022718531,0.0022718531,4.1657144549e-04,0.0204100820,10,25,13.4679,13.7713,solved,0
0.0022738047,0.0022738047,4.1678198830e-04,0.0204152391,10,25,13.2021,13.6163,solved,0
0.0022757562,0.0022757562,4.1699281220e-04,0.0204204019,10,25,10.2656,10.5143,solved,0
0.0022777075,0.0022777075,4.1720390630e-04,0.0204255699,10,25,10.3642,10.6511,solved,0
0.0022796590,0.0022796590,4.1741531389e-04,0.0204307443,10,25,10.2338,10.5220,solved,0
0.0022816103,0.0022816103,4.1762699162e-04,0.0204359240,10,25,11.1553,11.4404,solved,0
0.0022835616,0.0022835616,4.1783896116e-04,0.0204411096,10,25,11.7693,12.0483,solved,0
0.0022855132,0.0022855132,4.1805125516e-04,0.0204463017,10,25,14.3183,14.6250,solved,0
0.0022874645,0.0022874645,4.1826380835e-04,0.0204514989,10,25,10.9432,11.2408,solved,0
0.0022894157,0.0022894157,4.1847664243e-04,0.0204567017,10,25,10.4944,10.7622,solved,0
0.0022913673,0.0022913673,4.1868981199e-04,0.0204619112,10,25,10.4634,10.6709,solved,0
0.0022933186,0.0022933186,4.1890324062e-04,0.0204671259,10,25,10.8672,11.1034,solved,0
0.0022952700,0.0022952700,4.1911697201e-04,0.0204723465,10,25,13.7937,14.0415,solved,0
0.0022972215,0.0022972215,4.1933100620e-04,0.0204775732,10,25,12.4629,12.9451,solved,0
0.0022991727,0.0022991727,4.1954529929e-04,0.0204828050,10,25,12.4447,12.7825,solved,0
0.0023011241,0.0023011241,4.1975990615e-04,0.0204880430,10,25,12.3333,12.5765,solved,0
0.0023030756,0.0023030756,4.1997481587e-04,0.0204932871,10,25,10.5983,10.8781,solved,0
0.0023050271,0.0023050271,4.2019001746e-04,0.0204985370,10,25,11.1348,11.4590,solved,0
0.0023069784,0.0023069784,4.2040548880e-04,0.0205037921,10,25,10.9926,11.3242,solved,0
0.0023089297,0.0023089297,4.2062125194e-04,0.0205090529,10,25,10.8519,11.0737,solved,0
0.0023108812,0.0023108812,4.2083732905e-04,0.0205143201,10,25,10.1234,10.3945,solved,0
0.0023128325,0.0023128325,4.2105367583e-04,0.0205195925,10,25,11.1080,11.3665,solved,0
0.0023147841,0.0023147841,4.2127034774e-04,0.0205248714,10,25,10.0186,10.2269,solved,0
0.0023167353,0.0023167353,4.2148726705e-04,0.0205301551,10,25,13.9409,14.2370,solved,0
0.0023186866,0.0023186866,4.2170448926e-04,0.0205354447,10,25,14.0548,14.2925,solved,0
0.0023206380,0.0023206380,4.2192201444e-04,0.0205407404,10,25,14.1615,14.4228,solved,0
0.0023225896,0.0023225896,4.2213985378e-04,0.0205460423,10,25,14.0574,14.3456,solved,0
0.0023245410,0.0023245410,4.2235796265e-04,0.0205513494,10,25,14.0345,14.2751,solved,0
0.0023264921,0.0023264921,4.2257632975e-04,0.0205566614,10,25,10.4963,10.7606,solved,0
0.0023284437,0.0023284437,4.2279504466e-04,0.0205619806,10,25,11.5976,11.9035,solved,0
0.0023303951,0.0023303951,4.2301402901e-04,0.0205673049,10,25,11.1411,11.4630,solved,0
0.0023323466,0.0023323466,4.2323331644e-04,0.0205726351,10,25,10.6749,10.9016,solved,0
0.0023342977,0.0023342977,4.2345285068e-04,0.0205779700,10,25,10.3098,10.5068,solved,0
0.0023362492,0.0023362492,4.2367272177e-04,0.0205833117,10,25,10.4542,10.7074,solved,0
0.0023382005,0.0023382005,4.2389286214e-04,0.0205886586,10,25,10.0089,10.2373,solved,0
0.0023401521,0.0023401521,4.2411332823e-04,0.0205940120,10,25,9.9461,10.1373,solved,0
0.0023421035,0.0023421035,4.2433406357e-04,0.0205993705,10,25,9.9905,10.2065,solved,0
0.0023440547,0.0023440547,4.2455506807e-04,0.0206047341,10,25,9.9827,10.1864,solved,0
0.0023460062,0.0023460062,4.2477639840e-04,0.0206101043,10,25,10.1184,10.3147,solved,0
0.0023479575,0.0023479575,4.2499799785e-04,0.0206154796,10,25,10.9836,11.1922,solved,0
0.0023499090,0.0023499090,4.2521991187e-04,0.0206208611,10,25,10.3492,10.6675,solved,0
0.0023518603,0.0023518603,4.2544209496e-04,0.0206262477,10,25,10.0670,10.2829,solved,0
0.0023538117,0.0023538117,4.2566458126e-04,0.0206316403,10,25,9.9950,10.1924,solved,0
0.0023557631,0.0023557631,4.2588735940e-04,0.0206370385,10,25,9.9945,10.1853,solved,0
0.0023577145,0.0023577145,4.2611042936e-04,0.0206424424,10,25,9.9576,10.1454,solved,0
0.0023596660,0.0023596660,4.2633380261e-04,0.0206478523,10,25,10.1317,10.3252,solved,0
0.0023616172,0.0023616172,4.2655743332e-04,0.0206532669,10,25,10.2855,10.5108,solved,0
0.0023635686,0.0023635686,4.2678137877e-04,0.0206586877,10,25,11.4432,11.7166,solved,0
0.0023655201,0.0023655201,4.2700562755e-04,0.0206641145,10,25,11.2071,11.5208,solved,0
0.0023674714,0.0023674714,4.2723014516e-04,0.0206695463,10,25,11.5361,11.7937,solved,0
0.0023694227,0.0023694227,4.2745495457e-04,0.0206749838,10,25,11.0742,11.2788,solved,0
0.0023713742,0.0023713742,4.2768007888e-04,0.0206804274,10,25,10.9407,11.1443,solved,0
0.0023733256,0.0023733256,4.2790548348e-04,0.0206858764,10,25,11.2895,11.4910,solved,0
0.0023752769,0.0023752769,4.2813116835e-04,0.0206913308,10,25,10.8052,10.9909,solved,0
0.0023772285,0.0023772285,4.2835717978e-04,0.0206967915,10,25,11.7638,11.9676,solved,0
0.0023791797,0.0023791797,4.2858343669e-04,0.0207022568,10,25,11.6491,11.8662,solved,0
0.0023811311,0.0023811311,4.2881000861e-04,0.0207077282,10,25,11.2385,11.4601,solved,0
0.0023830826,0.0023830826,4.2903688400e-04,0.0207132055,10,25,12.0088,12.2719,solved,0
0.0023850340,0.0023850340,4.2926403959e-04,0.0207186882,10,25,11.3233,11.5403,solved,0
0.0023869854,0.0023869854,4.2949148703e-04,0.0207241764,10,25,11.0427,11.2333,solved,0
0.0023889367,0.0023889367,4.2971921461e-04,0.0207296699,10,25,10.9805,11.1657,solved,0
0.0023908881,0.0023908881,4.2994724569e-04,0.0207351693,10,25,10.8617,11.0473,solved,0
0.0023928396,0.0023928396,4.3017558031e-04,0.0207406745,10,25,10.7945,10.9936,solved,0
0.0023947910,0.0023947910,4.3040419507e-04,0.0207461851,10,25,10.6463,10.8358,solved,0
0.0023967422,0.0023967422,4.3063307818e-04,0.0207517006,10,25,11.0577,11.2723,solved,0
0.0023986936,0.0023986936,4.3086227658e-04,0.0207572223,10,25,10.6589,10.8659,solved,0
0.0024006451,0.0024006451,4.3109177857e-04,0.0207627498,10,25,10.7288,10.9440,solved,0
0.0024025965,0.0024025965,4.3132156064e-04,0.0207682826,10,25,10.9449,11.1800,solved,0
0.0024045479,0.0024045479,4.3155163454e-04,0.0207738209,10,25,10.8697,11.1056,solved,0
0.0024064992,0.0024064992,4.3178198847e-04,0.0207793645,10,25,11.2807,11.4928,solved,0
0.0024084506,0.0024084506,4.3201264602e-04,0.0207849139,10,25,11.2430,11.4722,solved,0
0.0024104020,0.0024104020,4.3224359540e-04,0.0207904689,10,25,11.2802,11.5425,solved,0
0.0024123536,0.0024123536,4.3247486034e-04,0.0207960299,10,25,11.2972,11.5703,solved,0
0.0024143047,0.0024143047,4.3270635780e-04,0.0208015951,10,25,11.6653,11.9377,solved,0
0.0024162561,0.0024162561,4.3293818266e-04,0.0208071666,10,25,12.4389,12.6942,solved,0
0.0024182075,0.0024182075,4.3317029936e-04,0.0208127437,10,25,14.0229,14.2727,solved,0
0.0024201590,0.0024201590,4.3340271981e-04,0.0208183265,10,25,13.1468,13.4541,solved,0
0.0024221104,0.0024221104,4.3363542018e-04,0.0208239146,10,25,11.2648,11.4918,solved,0
0.0024240616,0.0024240616,4.3386838850e-04,0.0208295076,10,25,11.3307,11.5461,solved,0
0.0024260131,0.0024260131,4.3410168447e-04,0.0208351070,10,25,11.1533,11.3660,solved,0
0.0024279645,0.0024279645,4.3433526033e-04,0.0208407116,10,25,11.0150,11.3733,solved,0
0.0024299161,0.0024299161,4.3456915200e-04,0.0208463223,10,25,10.7610,11.0135,solved,0
0.0024318673,0.0024318673,4.3480328754e-04,0.0208519373,10,25,11.3398,11.6265,solved,0
0.0024338186,0.0024338186,4.3503772687e-04,0.0208575580,10,25,12.4502,12.6525,solved,0
0.0024357700,0.0024357700,4.3527247004e-04,0.0208631846,10,25,11.8179,12.0239,solved,0
0.0024377216,0.0024377216,4.3550752915e-04,0.0208688171,10,25,11.6887,11.9616,solved,0
0.0024396729,0.0024396729,4.3574284395e-04,0.0208744543,10,25,13.5028,13.7917,solved,0
0.0024416242,0.0024416242,4.3597845055e-04,0.0208800970,10,25,11.9109,12.2835,solved,0
0.0024435756,0.0024435756,4.3621436104e-04,0.0208857454,10,25,12.3494,12.6256,solved,0
0.0024455270,0.0024455270,4.3645056338e-04,0.0208913993,10,25,11.7051,11.9815,solved,0
0.0024474784,0.0024474784,4.3668705754e-04,0.0208970586,10,25,12.4539,12.7740,solved,0
0.0024494297,0.0024494297,4.3692383139e-04,0.0209027231,10,25,12.4713,12.7587,solved,0
0.0024513812,0.0024513812,4.3716092136e-04,0.0209083936,10,25,12.3148,12.5388,solved,0
0.0024533325,0.0024533325,4.3739827885e-04,0.0209140689,10,25,11.0134,11.2203,solved,0
0.0024552840,0.0024552840,4.3763595251e-04,0.0209197503,10,25,11.0085,11.2177,solved,0
0.0024572355,0.0024572355,4.3787391803e-04,0.0209254371,10,25,11.1984,11.3996,solved,0
0.0024591867,0.0024591867,4.3811213877e-04,0.0209311285,10,25,11.3833,11.6414,solved,0
0.0024611381,0.0024611381,4.3835067574e-04,0.0209368258,10,25,11.1368,11.3824,solved,0
0.0024630895,0.0024630895,4.3858950454e-04,0.0209425286,10,25,11.3179,11.5320,solved,0
0.0024650409,0.0024650409,4.3882862518e-04,0.0209482368,10,25,10.8497,11.0430,solved,0
0.0024669921,0.0024669921,4.3906801309e-04,0.0209539498,10,25,10.9802,11.1686,solved,0
0.0024689436,0.0024689436,4.3930772966e-04,0.0209596691,10,25,11.8054,12.0647,solved,0
0.0024708951,0.0024708951,4.3954773808e-04,0.0209653938,10,25,12.1379,12.3954,solved,0
0.0024728466,0.0024728466,4.3978803836e-04,0.0209711239,10,25,11.2743,11.5048,solved,0
0.0024747979,0.0024747979,4.4002860584e-04,0.0209768588,10,25,11.3285,11.5399,solved,0
0.0024767491,0.0024767491,4.4026945276e-04,0.0209825988,10,25,10.8378,11.0244,solved,0
0.0024787005,0.0024787005,4.4051061619e-04,0.0209883448,10,25,11.2426,11.4372,solved,0
0.0024806521,0.0024806521,4.4075209622e-04,0.0209940967,10,25,11.3010,11.5265,solved,0
0.0024826035,0.0024826035,4.4099384334e-04,0.0209998534,10,25,11.0214,11.3234,solved,0
0.0024845548,0.0024845548,4.4123586988e-04,0.0210056152,10,25,13.2151,13.5001,solved,0
0.0024865062,0.0024865062,4.4147820066e-04,0.0210113826,10,25,10.7369,10.9746,solved,0
0.0024884576,0.0024884576,4.4172082326e-04,0.0210171555,10,25,11.0082,11.2120,solved,0
0.0024904090,0.0024904090,4.4196373770e-04,0.0210229336,10,25,10.9140,11.2022,solved,0
0.0024923605,0.0024923605,4.4220695644e-04,0.0210287174,10,25,11.1275,11.3217,solved,0
0.0024943116,0.0024943116,4.4245041709e-04,0.0210345054,10,25,10.9696,11.2085,solved,0
0.0024962631,0.0024962631,4.4269421950e-04,0.0210402999,10,25,11.1261,11.3410,solved,0
0.0024982146,0.0024982146,4.4293831376e-04,0.0210460997,10,25,10.9384,11.1251,solved,0
0.0025001660,0.0025001660,4.4318268736e-04,0.0210519046,10,25,10.8353,11.0539,solved,0
0.0025021174,0.0025021174,4.4342735279e-04,0.0210577148,10,25,10.8594,11.0473,solved,0
0.0025040687,0.0025040687,4.4367229749e-04,0.0210635300,10,25,11.2304,11.4633,solved,0
0.0025060201,0.0025060201,4.4391754656e-04,0.0210693509,10,25,11.3916,11.6111,solved,0
0.0025079714,0.0025079714,4.4416307488e-04,0.0210751767,10,25,10.9458,11.1393,solved,0
0.0025099230,0.0025099230,4.4440893282e-04,0.0210810088,10,25,11.0500,11.2434,solved,0
0.0025118742,0.0025118742,4.4465503217e-04,0.0210868450,10,25,10.8985,11.0974,solved,0
0.0025138256,0.0025138256,4.4490144856e-04,0.0210926871,10,25,10.7251,10.9715,solved,0
0.0025157770,0.0025157770,4.4514815678e-04,0.0210985345,10,25,11.1376,11.3758,solved,0
0.0025177285,0.0025177285,4.4539516950e-04,0.0211043874,10,25,11.4935,11.7068,solved,0
0.0025196799,0.0025196799,4.4564246140e-04,0.0211102454,10,25,10.7541,10.9476,solved,0
0.0025216311,0.0025216311,4.4589001975e-04,0.0211161081,10,25,10.9725,11.1574,solved,0
0.0025235826,0.0025235826,4.4613790799e-04,0.0211219769,10,25,11.2400,11.4573,solved,0
0.0025255340,0.0025255340,4.4638607537e-04,0.0211278507,10,25,11.1074,11.3037,solved,0
0.0025274855,0.0025274855,4.4663454733e-04,0.0211337301,10,25,11.1633,11.3759,solved,0
0.0025294367,0.0025294367,4.4688327288e-04,0.0211396138,10,25,10.8467,11.0678,solved,0
0.0025313881,0.0025313881,4.4713231574e-04,0.0211455034,10,25,11.1611,11.3593,solved,0
0.0025333395,0.0025333395,4.4738165044e-04,0.0211513983,10,25,10.5899,10.7748,solved,0
0.0025352910,0.0025352910,4.4763128977e-04,0.0211572987,10,25,11.8381,12.1755,solved,0
0.0025372423,0.0025372423,4.4788119533e-04,0.0211632038,10,25,11.6422,11.9477,solved,0
0.0025391936,0.0025391936,4.4813139269e-04,0.0211691141,10,25,11.9113,12.1886,solved,0
0.0025411451,0.0025411451,4.4838190754e-04,0.0211750303,10,25,11.1487,11.3549,solved,0
0.0025430966,0.0025430966,4.4863271425e-04,0.0211809517,10,25,10.7522,10.9351,solved,0
0.0025450478,0.0025450478,4.4888377421e-04,0.0211868774,10,25,11.2167,11.4428,solved,0
0.0025469990,0.0025469990,4.4913512593e-04,0.0211928084,10,25,10.6410,10.8436,solved,0
0.0025489506,0.0025489506,4.4938682105e-04,0.0211987457,10,25,10.9291,11.1343,solved,0
0.0025509020,0.0025509020,4.4963878222e-04,0.0212046877,10,25,11.7660,12.0097,solved,0
0.0025528536,0.0025528536,4.4989106109e-04,0.0212106356,10,25,10.9790,11.1825,solved,0
0.0025548050,0.0025548050,4.5014360595e-04,0.0212165880,10,25,10.9306,11.1202,solved,0
0.0025567562,0.0025567562,4.5039641671e-04,0.0212225450,10,25,10.9307,11.1147,solved,0
0.0025587077,0.0025587077,4.5064955819e-04,0.0212285081,10,25,11.1768,11.3583,solved,0
0.0025606590,0.0025606590,4.5090296554e-04,0.0212344759,10,25,11.0346,11.2356,solved,0
0.0025626105,0.0025626105,4.5115669071e-04,0.0212404494,10,25,11.2098,11.4317,solved,0
0.0025645617,0.0025645617,4.5141066867e-04,0.0212464272,10,25,10.7986,10.9833,solved,0
0.0025665131,0.0025665131,4.5166496448e-04,0.0212524108,10,25,10.9278,11.1897,solved,0
0.0025684645,0.0025684645,4.5191955212e-04,0.0212583996,10,25,10.5242,10.7201,solved,0
0.0025704160,0.0025704160,4.5217444466e-04,0.0212643938,10,25,9.9104,10.1279,solved,0
0.0025723675,0.0025723675,4.5242962906e-04,0.0212703933,10,25,10.0793,10.2639,solved,0
0.0025743186,0.0025743186,4.5268505293e-04,0.0212763966,10,25,9.9852,10.1866,solved,0
0.0025762700,0.0025762700,4.5294080789e-04,0.0212824061,10,25,11.7001,11.9387,solved,0
0.0025782215,0.0025782215,4.5319686780e-04,0.0212884210,10,25,10.5956,10.8649,solved,0
0.0025801729,0.0025801729,4.5345320644e-04,0.0212944407,10,25,11.7712,12.0358,solved,0
0.0025821244,0.0025821244,4.5370985006e-04,0.0213004660,10,25,10.7870,11.0885,solved,0
0.0025840757,0.0025840757,4.5396675920e-04,0.0213064957,10,25,11.9489,12.2073,solved,0
0.0025860270,0.0025860270,4.5422396014e-04,0.0213125306,10,25,14.1588,14.4191,solved,0
0.0025879784,0.0025879784,4.5448146609e-04,0.0213185709,10,25,13.9364,14.1648,solved,0
0.0025899299,0.0025899299,4.5473927708e-04,0.0213246167,10,25,13.9655,14.2015,solved,0
0.0025918811,0.0025918811,4.5499734024e-04,0.0213306667,10,25,11.0374,11.2615,solved,0
0.0025938325,0.0025938325,4.5525572167e-04,0.0213367224,10,25,10.9898,11.3606,solved,0
0.0025957840,0.0025957840,4.5551440819e-04,0.0213427835,10,25,10.0172,10.2279,solved,0
0.0025977354,0.0025977354,4.5577337330e-04,0.0213488495,10,25,12.4210,12.6780,solved,0
0.0025996868,0.0025996868,4.5603263024e-04,0.0213549205,10,25,10.8236,11.0723,solved,0
0.0026016382,0.0026016382,4.5629217901e-04,0.0213609967,10,25,10.2859,10.5832,solved,0
0.0026035896,0.0026035896,4.5655201961e-04,0.0213670779,10,25,13.9628,14.2003,solved,0
0.0026055409,0.0026055409,4.5681213870e-04,0.0213731640,10,25,10.7598,10.9763,solved,0
0.0026074925,0.0026074925,4.5707258966e-04,0.0213792561,10,25,12.0317,12.2736,solved,0
0.0026094437,0.0026094437,4.5733327904e-04,0.0213853520,10,25,14.1540,14.4012,solved,0
0.0026113952,0.0026113952,4.5759430034e-04,0.0213914539,10,25,13.9642,14.1909,solved,0
0.0026133466,0.0026133466,4.5785560010e-04,0.0213975606,10,25,13.9454,14.1664,solved,0
0.0026152980,0.0026152980,4.5811719169e-04,0.0214036724,10,25,13.9569,14.2025,solved,0
0.0026172494,0.0026172494,4.5837907512e-04,0.0214097892,10,25,13.9099,14.1194,solved,0
0.0026192006,0.0026192006,4.5864122349e-04,0.0214159105,10,25,13.8607,14.1177,solved,0
0.0026211521,0.0026211521,4.5890370401e-04,0.0214220378,10,25,14.0497,14.2983,solved,0
0.0026231035,0.0026231035,4.5916646292e-04,0.0214281698,10,25,13.9319,14.1600,solved,0
0.0026250549,0.0026250549,4.5942951366e-04,0.0214343069,10,25,13.9636,14.1741,solved,0
0.0026270062,0.0026270062,4.5969284272e-04,0.0214404488,10,25,13.8470,14.0627,solved,0
0.0026289576,0.0026289576,4.5995647711e-04,0.0214465959,10,25,13.9184,14.1944,solved,0
0.0026309090,0.0026309090,4.6022040333e-04,0.0214527482,10,25,13.8337,14.0423,solved,0
0.0026328605,0.0026328605,4.6048463493e-04,0.0214589057,10,25,13.8075,14.0299,solved,0
0.0026348118,0.0026348118,4.6074913127e-04,0.0214650677,10,25,13.9331,14.1429,solved,0
0.0026367631,0.0026367631,4.6101391941e-04,0.0214712347,10,25,13.7900,14.0071,solved,0
0.0026387145,0.0026387145,4.6127901294e-04,0.0214774070,10,25,13.8739,14.0860,solved,0
0.0026406660,0.0026406660,4.6154441191e-04,0.0214835847,10,25,13.8988,14.1268,solved,0
0.0026426173,0.0026426173,4.6181007550e-04,0.0214897668,10,25,13.8339,14.0758,solved,0
0.0026445686,0.0026445686,4.6207603090e-04,0.0214959538,10,25,14.0239,14.2353,solved,0
0.0026465201,0.0026465201,4.6234230539e-04,0.0215021465,10,25,14.0719,14.2938,solved,0
0.0026484714,0.0026484714,4.6260884442e-04,0.0215083436,10,25,13.9866,14.2315,solved,0
0.0026504230,0.0026504230,4.6287571629e-04,0.0215145466,10,25,13.9300,14.1523,solved,0
0.0026523744,0.0026523744,4.6314285267e-04,0.0215207540,10,25,13.9188,14.1274,solved,0
0.0026543255,0.0026543255,4.6341023973e-04,0.0215269654,10,25,13.9476,14.1710,solved,0
0.0026562771,0.0026562771,4.6367798718e-04,0.0215331834,10,25,13.9899,14.2193,solved,0
0.0026582285,0.0026582285,4.6394599903e-04,0.0215394057,10,25,13.8130,14.0291,solved,0
0.0026601799,0.0026601799,4.6421430272e-04,0.0215456330,10,25,13.9122,14.1153,solved,0
0.0026621314,0.0026621314,4.6448291201e-04,0.0215518656,10,25,13.8820,14.0903,solved,0
0.0026640826,0.0026640826,4.6475177180e-04,0.0215581022,10,25,13.8677,14.0855,solved,0
0.0026660340,0.0026660340,4.6502095096e-04,0.0215643444,10,25,14.0144,14.2202,solved,0
0.0026679854,0.0026679854,4.6529042196e-04,0.0215705916,10,25,13.7969,14.0247,solved,0
0.0026699369,0.0026699369,4.6556019862e-04,0.0215768440,10,25,13.8178,14.0357,solved,0
0.0026718881,0.0026718881,4.6583022561e-04,0.0215831005,10,25,13.9787,14.1990,solved,0
0.0026738395,0.0026738395,4.6610057209e-04,0.0215893625,10,25,13.9942,14.2032,solved,0
0.0026757910,0.0026757910,4.6637122427e-04,0.0215956297,10,25,13.9701,14.1938,solved,0
0.0026777424,0.0026777424,4.6664215443e-04,0.0216019016,10,25,13.7641,13.9670,solved,0
0.0026796940,0.0026796940,4.6691340423e-04,0.0216081791,10,25,13.9107,14.1257,solved,0
0.0026816451,0.0026816451,4.6718487632e-04,0.0216144599,10,25,13.9272,14.1515,solved,0
0.0026835965,0.0026835965,4.6745668196e-04,0.0216207466,10,25,13.9089,14.1111,solved,0
0.0026855479,0.0026855479,4.6772877943e-04,0.0216270382,10,25,13.8818,14.1275,solved,0
0.0026874994,0.0026874994,4.6800118270e-04,0.0216333350,10,25,14.0166,14.2276,solved,0
0.0026894506,0.0026894506,4.6827383589e-04,0.0216396358,10,25,13.9541,14.1888,solved,0
0.0026914021,0.0026914021,4.6854682284e-04,0.0216459424,10,25,13.9168,14.1353,solved,0
0.0026933535,0.0026933535,4.6882008764e-04,0.0216522536,10,25,13.8170,14.0554,solved,0
0.0026953049,0.0026953049,4.6909364427e-04,0.0216585698,10,25,13.9334,14.1594,solved,0
0.0026972563,0.0026972563,4.6936749273e-04,0.0216648908,10,25,13.9532,14.1683,solved,0
0.0026992076,0.0026992076,4.6964161897e-04,0.0216712164,10,25,15.1866,15.4435,solved,0
0.0027011590,0.0027011590,4.6991605108e-04,0.0216775472,10,25,13.9557,14.1880,solved,0
0.0027031104,0.0027031104,4.7019077502e-04,0.0216838828,10,25,13.9222,14.1567,solved,0
0.0027050619,0.0027050619,4.7046580490e-04,0.0216902237,10,25,13.9589,14.1751,solved,0
0.0027070131,0.0027070131,4.7074108429e-04,0.0216965685,10,25,13.8471,14.0908,solved,0
0.0027089645,0.0027089645,4.7101668372e-04,0.0217029188,10,25,14.0391,14.2998,solved,0
0.0027109159,0.0027109159,4.7129257497e-04,0.0217092739,10,25,14.2096,14.4347,solved,0
0.0027128675,0.0027128675,4.7156878638e-04,0.0217156346,10,25,13.2235,13.4344,solved,0
0.0027148189,0.0027148189,4.7184526134e-04,0.0217219995,10,25,13.9660,14.2264,solved,0
0.0027167700,0.0027167700,4.7212198555e-04,0.0217283682,10,25,13.9478,14.1850,solved,0
0.0027187216,0.0027187216,4.7239907253e-04,0.0217347434,10,25,13.8665,14.0865,solved,0
0.0027206730,0.0027206730,4.7267642296e-04,0.0217411229,10,25,13.9132,14.1388,solved,0
0.0027226245,0.0027226245,4.7295407946e-04,0.0217475074,10,25,13.8714,14.0921,solved,0
0.0027245756,0.0027245756,4.7323197082e-04,0.0217538955,10,25,14.0454,14.2669,solved,0
0.0027265270,0.0027265270,4.7351019672e-04,0.0217602894,10,25,13.8171,14.0292,solved,0
0.0027284785,0.0027284785,4.7378872873e-04,0.0217666885,10,25,13.8237,14.0482,solved,0
0.0027304299,0.0027304299,4.7406753830e-04,0.0217730921,10,25,13.7665,13.9715,solved,0
0.0027323813,0.0027323813,4.7434663971e-04,0.0217795004,10,25,13.8497,14.0575,solved,0
0.0027343325,0.0027343325,4.7462600430e-04,0.0217859130,10,25,13.9253,14.1489,solved,0
0.0027362840,0.0027362840,4.7490570369e-04,0.0217923313,10,25,13.8901,14.1150,solved,0
0.0027382355,0.0027382355,4.7518569493e-04,0.0217987544,10,25,13.9069,14.1264,solved,0
0.0027401868,0.0027401868,4.7546594930e-04,0.0218051817,10,25,13.8777,14.1028,solved,0
0.0027421380,0.0027421380,4.7574648108e-04,0.0218116134,10,25,13.8438,14.0781,solved,0
0.0027440895,0.0027440895,4.7602734784e-04,0.0218180510,10,25,10.7393,10.9699,solved,0
0.0027460409,0.0027460409,4.7630849204e-04,0.0218244929,10,25,10.8029,11.1179,solved,0
0.0027479924,0.0027479924,4.7658994251e-04,0.0218309400,10,25,13.9996,14.2383,solved,0
0.0027499438,0.0027499438,4.7687167039e-04,0.0218373916,10,25,13.9706,14.2004,solved,0
0.0027518950,0.0027518950,4.7715366118e-04,0.0218438472,10,25,13.9595,14.1800,solved,0
0.0027538466,0.0027538466,4.7743600165e-04,0.0218503090,10,25,13.9538,14.1802,solved,0
0.0027557979,0.0027557979,4.7771859053e-04,0.0218567745,10,25,11.6860,11.8930,solved,0
0.0027577494,0.0027577494,4.7800150023e-04,0.0218632454,10,25,16.8226,17.0658,solved,0
0.0027597009,0.0027597009,4.7828470180e-04,0.0218697211,10,25,12.5903,12.8349,solved,0
0.0027616520,0.0027616520,4.7856813708e-04,0.0218762002,10,25,13.8376,14.1024,solved,0
0.0027636035,0.0027636035,4.7885192231e-04,0.0218826854,10,25,13.9621,14.1882,solved,0
0.0027655550,0.0027655550,4.7913599939e-04,0.0218891754,10,25,13.8277,14.0472,solved,0
0.0027675064,0.0027675064,4.7942035376e-04,0.0218956697,10,25,13.8865,14.1063,solved,0
0.0027694576,0.0027694576,4.7970497078e-04,0.0219021682,10,25,13.9225,14.1722,solved,0
0.0027714090,0.0027714090,4.7998990878e-04,0.0219086720,10,25,13.9305,14.1587,solved,0
0.0027733605,0.0027733605,4.8027515324e-04,0.0219151809,10,25,13.9788,14.1947,solved,0
0.0027753119,0.0027753119,4.8056067492e-04,0.0219216942,10,25,13.9648,14.1848,solved,0
0.0027772634,0.0027772634,4.8084650309e-04,0.0219282125,10,25,13.8674,14.0909,solved,0
0.0027792146,0.0027792146,4.8113257912e-04,0.0219347345,10,25,13.9430,14.1754,solved,0
0.0027811660,0.0027811660,4.8141897628e-04,0.0219412620,10,25,13.9337,14.1576,solved,0
0.0027831174,0.0027831174,4.8170566527e-04,0.0219477941,10,25,13.8942,14.1011,solved,0
0.0027850689,0.0027850689,4.8199266082e-04,0.0219543313,10,25,13.8700,14.0949,solved,0
0.0027870201,0.0027870201,4.8227990403e-04,0.0219608721,10,25,13.8708,14.1016,solved,0
0.0027889715,0.0027889715,4.8256746851e-04,0.0219674183,10,25,13.8876,14.1057,solved,0
0.0027909230,0.0027909230,4.8285533958e-04,0.0219739696,10,25,13.8796,14.0893,solved,0
0.0027928744,0.0027928744,4.8314348773e-04,0.0219805252,10,25,11.8487,12.0585,solved,0
0.0027948258,0.0027948258,4.8343192772e-04,0.0219870855,10,25,10.2063,10.4144,solved,0
0.0027967771,0.0027967771,4.8372064474e-04,0.0219936501,10,25,9.8949,10.1007,solved,0
0.0027987285,0.0027987285,4.8400966837e-04,0.0220002197,10,25,10.0243,10.2958,solved,0
0.0028006799,0.0028006799,4.8429898384e-04,0.0220067940,10,25,10.4706,10.6814,solved,0
0.0028026314,0.0028026314,4.8458860599e-04,0.0220133733,10,25,10.2691,10.4683,solved,0
0.0028045826,0.0028045826,4.8487847541e-04,0.0220199563,10,25,10.5218,10.7622,solved,0
0.0028065340,0.0028065340,4.8516866636e-04,0.0220265446,10,25,10.1137,10.3328,solved,0
0.0028084854,0.0028084854,4.8545914914e-04,0.0220331375,10,25,10.0387,10.2331,solved,0
0.0028104369,0.0028104369,4.8574993867e-04,0.0220397354,10,25,10.2645,10.4682,solved,0
0.0028123884,0.0028123884,4.8604102005e-04,0.0220463380,10,25,9.9346,10.1297,solved,0
0.0028143394,0.0028143394,4.8633231860e-04,0.0220529435,10,25,10.3384,10.5351,solved,0
0.0028162910,0.0028162910,4.8662399859e-04,0.0220595557,10,25,10.1364,10.3331,solved,0
0.0028182424,0.0028182424,4.8691594053e-04,0.0220661719,10,25,9.9138,10.1086,solved,0
0.0028201939,0.0028201939,4.8720818929e-04,0.0220727930,10,25,10.2346,10.4314,solved,0
0.0028221451,0.0028221451,4.8750068491e-04,0.0220794177,10,25,10.8324,11.1446,solved,0
0.0028240965,0.0028240965,4.8779350234e-04,0.0220860477,10,25,10.6491,10.8741,solved,0
0.0028260480,0.0028260480,4.8808662662e-04,0.0220926826,10,25,10.7344,10.9466,solved,0
0.0028279994,0.0028279994,4.8838002772e-04,0.0220993219,10,25,10.3144,10.6952,solved,0
0.0028299509,0.0028299509,4.8867373571e-04,0.0221059661,10,25,10.6974,10.9224,solved,0
0.0028319020,0.0028319020,4.8896767527e-04,0.0221126135,10,25,10.0639,10.2640,solved,0
0.0028338535,0.0028338535,4.8926196693e-04,0.0221192669,10,25,10.2807,10.4770,solved,0
0.0028358050,0.0028358050,4.8955655045e-04,0.0221259248,10,25,10.6106,10.8441,solved,0
0.0028377563,0.0028377563,4.8985139559e-04,0.0221325867,10,25,10.3375,10.5557,solved,0
0.0028397078,0.0028397078,4.9014656280e-04,0.0221392539,10,25,11.0528,11.2853,solved,0
0.0028416590,0.0028416590,4.9044197643e-04,0.0221459246,10,25,10.3414,10.5617,solved,0
0.0028436104,0.0028436104,4.9073771216e-04,0.0221526006,10,25,11.3319,11.5350,solved,0
0.0028455619,0.0028455619,4.9103375490e-04,0.0221592815,10,25,10.3580,10.5623,solved,0
0.0028475134,0.0028475134,4.9133008950e-04,0.0221659669,10,25,10.1592,10.4027,solved,0
0.0028494646,0.0028494646,4.9162667033e-04,0.0221726559,10,25,10.7830,11.1113,solved,0
0.0028514160,0.0028514160,4.9192357339e-04,0.0221793502,10,25,10.1055,10.3857,solved,0
0.0028533674,0.0028533674,4.9222076828e-04,0.0221860490,10,25,10.5119,10.7126,solved,0
0.0028553188,0.0028553188,4.9251825500e-04,0.0221927523,10,25,11.1636,11.3646,solved,0
0.0028572703,0.0028572703,4.9281604882e-04,0.0221994606,10,25,10.1871,10.3880,solved,0
0.0028592215,0.0028592215,4.9311408865e-04,0.0222061723,10,25,11.3198,11.5167,solved,0
0.0028611729,0.0028611729,4.9341245085e-04,0.0222128893,10,25,10.0242,10.2276,solved,0
0.0028631244,0.0028631244,4.9371112020e-04,0.0222196112,10,25,9.7817,9.9644,solved,0
0.0028650759,0.0028650759,4.9401008140e-04,0.0222263376,10,25,10.1667,10.4159,solved,0
0.0028670270,0.0028670270,4.9430927310e-04,0.0222330671,10,25,10.6716,10.9204,solved,0
0.0028689786,0.0028689786,4.9460883333e-04,0.0222398029,10,25,10.3768,10.5777,solved,0
0.0028709300,0.0028709300,4.9490865471e-04,0.0222465425,10,25,10.1015,10.2996,solved,0
0.0028728814,0.0028728814,4.9520876791e-04,0.0222532867,10,25,9.9681,10.1861,solved,0
0.0028748329,0.0028748329,4.9550918835e-04,0.0222600357,10,25,10.7549,10.9895,solved,0
0.0028767840,0.0028767840,4.9580983899e-04,0.0222667878,10,25,10.0931,10.3468,solved,0
0.0028787355,0.0028787355,4.9611084310e-04,0.0222735458,10,25,10.0867,10.2865,solved,0
0.0028806869,0.0028806869,4.9641212362e-04,0.0222803080,10,25,9.9527,10.1456,solved,0
0.0028826384,0.0028826384,4.9671371143e-04,0.0222870750,10,25,9.8554,10.0448,solved,0
0.0028845896,0.0028845896,4.9701554468e-04,0.0222938454,10,25,10.2432,10.4506,solved,0
0.0028865409,0.0028865409,4.9731768519e-04,0.0223006207,10,25,9.7531,9.9477,solved,0
0.0028884925,0.0028884925,4.9762016402e-04,0.0223074016,10,25,10.0782,10.2732,solved,0
0.0028904438,0.0028904438,4.9792288818e-04,0.0223141858,10,25,9.9788,10.1735,solved,0
0.0028923953,0.0028923953,4.9822593521e-04,0.0223209752,10,25,10.8716,11.1393,solved,0
0.0028943466,0.0028943466,4.9852924300e-04,0.0223277684,10,25,11.8289,12.1050,solved,0
0.0028962980,0.0028962980,4.9883285817e-04,0.0223345664,10,25,14.0639,14.3191,solved,0
0.0028982494,0.0028982494,4.9913676516e-04,0.0223413689,10,25,13.8743,14.0921,solved,0
0.0029002009,0.0029002009,4.9944097958e-04,0.0223481762,10,25,13.9537,14.1738,solved,0
0.0029021521,0.0029021521,4.9974543903e-04,0.0223549869,10,25,13.8261,14.0591,solved,0
0.0029041035,0.0029041035,5.0005022151e-04,0.0223618027,10,25,13.9174,14.1257,solved,0
0.0029060549,0.0029060549,5.0035529581e-04,0.0223686230,10,25,13.8287,14.0804,solved,0
0.0029080064,0.0029080064,5.0066067761e-04,0.0223754481,10,25,10.9337,11.1998,solved,0
0.0029099578,0.0029099578,5.0096633559e-04,0.0223822773,10,25,13.6160,13.8885,solved,0
0.0029119089,0.0029119089,5.0127223835e-04,0.0223891098,10,25,14.0713,14.3076,solved,0
0.0029138605,0.0029138605,5.0157851136e-04,0.0223959485,10,25,13.9041,14.1434,solved,0
0.0029158119,0.0029158119,5.0188504482e-04,0.0224027910,10,25,13.9428,14.1912,solved,0
0.0029177634,0.0029177634,5.0219188585e-04,0.0224096382,10,25,13.7926,13.9980,solved,0
0.0029197146,0.0029197146,5.0249897151e-04,0.0224164888,10,25,13.8407,14.0669,solved,0
0.0029216660,0.0029216660,5.0280638045e-04,0.0224233445,10,25,13.9140,14.1408,solved,0
0.0029236174,0.0029236174,5.0311408123e-04,0.0224302047,10,25,14.0229,14.2468,solved,0
0.0029255690,0.0029255690,5.0342210543e-04,0.0224370699,10,25,13.8369,14.0521,solved,0
0.0029275203,0.0029275203,5.0373037409e-04,0.0224439385,10,25,14.0028,14.2312,solved,0
0.0029294715,0.0029294715,5.0403891874e-04,0.0224508111,10,25,14.0095,14.2439,solved,0
0.0029314230,0.0029314230,5.0434780267e-04,0.0224576892,10,25,13.9549,14.2106,solved,0
0.0029333744,0.0029333744,5.0465696261e-04,0.0224645713,10,25,12.9348,13.2003,solved,0
0.0029353258,0.0029353258,5.0496641438e-04,0.0224714578,10,25,12.2149,12.4753,solved,0
0.0029372773,0.0029372773,5.0527617387e-04,0.0224783490,10,25,11.8081,12.0572,solved,0
0.0029392285,0.0029392285,5.0558617753e-04,0.0224852436,10,25,11.9025,12.1522,solved,0
0.0029411799,0.0029411799,5.0589650478e-04,0.0224921432,10,25,12.1281,12.3540,solved,0
0.0029431314,0.0029431314,5.0620713979e-04,0.0224990475,10,25,12.1790,12.4135,solved,0
0.0029450828,0.0029450828,5.0651805072e-04,0.0225059559,10,25,12.3059,12.5538,solved,0
0.0029470340,0.0029470340,5.0682922157e-04,0.0225128679,10,25,11.2639,11.5335,solved,0
0.0029489855,0.0029489855,5.0714073211e-04,0.0225197853,10,25,12.4340,12.7397,solved,0
0.0029509369,0.0029509369,5.0745251852e-04,0.0225267068,10,25,12.5174,12.8185,solved,0
0.0029528883,0.0029528883,5.0776459676e-04,0.0225336326,10,25,12.6312,12.9147,solved,0
0.0029548398,0.0029548398,5.0807698645e-04,0.0225405631,9,25,10.5870,10.8390,solved,0
0.0029567911,0.0029567911,5.0838965211e-04,0.0225474977,9,25,12.9026,13.2552,solved,0
0.0029587425,0.0029587425,5.0870264290e-04,0.0225544373,9,25,10.1957,10.4444,solved,0
0.0029606940,0.0029606940,5.0901595886e-04,0.0225613820,9,25,11.0062,11.2389,solved,0
0.0029626453,0.0029626453,5.0932955179e-04,0.0225683307,9,25,9.9077,10.0968,solved,0
0.0029645966,0.0029645966,5.0964345381e-04,0.0225752841,9,25,10.8230,11.0238,solved,0
0.0029665480,0.0029665480,5.0995768101e-04,0.0225822426,9,25,10.8161,11.0650,solved,0
0.0029684994,0.0029684994,5.1027221731e-04,0.0225892058,9,25,12.0842,12.3784,solved,0
0.0029704510,0.0029704510,5.1058709501e-04,0.0225961743,9,25,12.4780,12.7249,solved,0
0.0029724024,0.0029724024,5.1090224956e-04,0.0226031469,9,25,11.6549,11.9470,solved,0
0.0029743536,0.0029743536,5.1121768087e-04,0.0226101234,9,25,13.7250,13.9425,solved,0
0.0029763050,0.0029763050,5.1153345360e-04,0.0226171053,9,25,12.6093,12.8520,solved,0
0.0029782565,0.0029782565,5.1184955164e-04,0.0226240923,9,25,14.0318,14.2954,solved,0
0.0029802079,0.0029802079,5.1216594260e-04,0.0226310835,9,25,12.0825,12.4077,solved,0
0.0029821592,0.0029821592,5.1248262643e-04,0.0226380791,9,25,10.8160,11.1102,solved,0
0.0029841106,0.0029841106,5.1279963559e-04,0.0226450797,9,25,10.2929,10.5308,solved,0
0.0029860620,0.0029860620,5.1311695385e-04,0.0226520850,9,25,10.6624,10.8856,solved,0
0.0029880136,0.0029880136,5.1343461379e-04,0.0226590956,9,25,12.1003,12.3810,solved,0
0.0029899650,0.0029899650,5.1375255030e-04,0.0226661102,9,25,12.9971,13.2748,solved,0
0.0029919162,0.0029919162,5.1407076329e-04,0.0226731287,9,25,12.2059,12.4573,solved,0
0.0029938676,0.0029938676,5.1438933898e-04,0.0226801530,8,50,16.4543,16.6861,solved,0
0.0029958189,0.0029958189,5.1470831732e-04,0.0226871840,8,50,16.4912,16.7334,solved,0
0.0029977703,0.0029977703,5.1502774100e-04,0.0226942226,8,50,16.4980,16.7243,solved,0
0.0029997214,0.0029997214,5.1534754447e-04,0.0227012675,8,50,16.2211,16.4542,solved,0
0.0030016728,0.0030016728,5.1566782607e-04,0.0227083206,8,50,16.3892,16.6445,solved,0
0.0030036241,0.0030036241,5.1598852022e-04,0.0227153807,8,50,16.4629,16.7012,solved,0
0.0030055754,0.0030055754,5.1630964333e-04,0.0227224480,8,50,16.5330,16.7694,solved,0
0.0030075268,0.0030075268,5.1663121188e-04,0.0227295229,8,50,15.5046,15.7819,solved,0
0.0030094778,0.0030094778,5.1695314338e-04,0.0227366036,8,50,14.3084,14.5287,solved,0
0.0030114292,0.0030114292,5.1727556984e-04,0.0227436930,8,50,14.0290,14.2265,solved,0
0.0030133806,0.0030133806,5.1759842529e-04,0.0227507896,8,50,14.3591,14.5596,solved,0
0.0030153320,0.0030153320,5.1792170974e-04,0.0227578934,8,50,14.3172,14.5125,solved,0
0.0030172830,0.0030172830,5.1824535678e-04,0.0227650029,8,50,14.0009,14.2074,solved,0
0.0030192344,0.0030192344,5.1856949914e-04,0.0227721211,8,50,14.6503,14.9031,solved,0
0.0030211857,0.0030211857,5.1889405384e-04,0.0227792461,8,50,14.6016,14.8348,solved,0
0.0030231371,0.0030231371,5.1921905417e-04,0.0227863787,8,50,15.7017,15.9477,solved,0
0.0030250884,0.0030250884,5.1954446680e-04,0.0227935181,8,50,14.1444,14.3829,solved,0
0.0030270395,0.0030270395,5.1987027497e-04,0.0228006639,8,50,14.2809,14.4564,solved,0
0.0030289909,0.0030289909,5.2019656220e-04,0.0228078180,8,50,14.3136,14.5103,solved,0
0.0030309422,0.0030309422,5.2052326167e-04,0.0228149789,8,50,14.4016,14.6609,solved,0
0.0030328936,0.0030328936,5.2085040687e-04,0.0228221473,8,50,18.5017,18.7643,solved,0
0.0030348449,0.0030348449,5.2117796426e-04,0.0228293225,8,50,19.1313,19.3714,solved,0
0.0030367961,0.0030367961,5.2150593380e-04,0.0228365044,8,50,18.7138,18.9465,solved,0
0.0030387474,0.0030387474,5.2183434908e-04,0.0228436939,8,50,18.7194,18.9725,solved,0
0.0030406987,0.0030406987,5.2216319331e-04,0.0228508904,8,50,18.7662,18.9887,solved,0
0.0030426501,0.0030426501,5.2249248338e-04,0.0228580945,8,50,18.7700,18.9975,solved,0
0.0030446011,0.0030446011,5.2282213482e-04,0.0228653042,8,50,18.6798,18.9203,solved,0
0.0030465525,0.0030465525,5.2315228280e-04,0.0228725224,8,50,18.8284,19.0835,solved,0
0.0030485038,0.0030485038,5.2348284282e-04,0.0228797474,8,50,18.6791,18.9119,solved,0
0.0030504552,0.0030504552,5.2381384877e-04,0.0228869799,8,50,15.9936,16.2262,solved,0
0.0030524065,0.0030524065,5.2414526672e-04,0.0228942191,8,50,14.2857,14.4985,solved,0
0.0030543577,0.0030543577,5.2447709660e-04,0.0229014649,8,50,14.4470,14.6719,solved,0
0.0030563090,0.0030563090,5.2480937244e-04,0.0229087183,8,50,15.5499,15.7942,solved,0
0.0030582604,0.0030582604,5.2514209428e-04,0.0229159790,8,50,18.7764,19.0137,solved,0
0.0030602117,0.0030602117,5.2547522804e-04,0.0229232465,8,50,18.6177,18.8421,solved,0
0.0030621628,0.0030621628,5.2580875654e-04,0.0229305202,8,50,18.6387,18.8545,solved,0
0.0030641142,0.0030641142,5.2614276529e-04,0.0229378021,8,50,18.7791,19.0101,solved,0
0.0030660655,0.0030660655,5.2647718589e-04,0.0229450907,8,50,18.6211,18.8398,solved,0
0.0030680168,0.0030680168,5.2681203544e-04,0.0229523863,8,50,18.6780,18.9128,solved,0
0.0030699682,0.0030699682,5.2714733113e-04,0.0229596893,8,50,18.5332,18.7642,solved,0
0.0030719193,0.0030719193,5.2748300418e-04,0.0229669982,8,50,18.6960,18.9313,solved,0
0.0030738706,0.0030738706,5.2781914056e-04,0.0229743148,8,50,18.6987,18.9698,solved,0
0.0030758220,0.0030758220,5.2815572316e-04,0.0229816388,8,50,18.6349,18.8528,solved,0
0.0030777733,0.0030777733,5.2849271747e-04,0.0229889695,8,50,18.7192,18.9462,solved,0
0.0030797244,0.0030797244,5.2883010613e-04,0.0229963064,8,50,18.7423,19.0143,solved,0
0.0030816758,0.0030816758,5.2916797563e-04,0.0230036514,8,50,18.8267,19.0439,solved,0
0.0030836271,0.0030836271,5.2950625678e-04,0.0230110030,8,50,18.7987,19.0201,solved,0
0.0030855785,0.0030855785,5.2984498425e-04,0.0230183619,8,50,18.5969,18.8084,solved,0
0.0030875298,0.0030875298,5.3018412332e-04,0.0230257274,8,50,18.7817,19.0141,solved,0
0.0030894810,0.0030894810,5.3052367394e-04,0.0230330995,8,50,18.7244,18.9635,solved,0
0.0030914323,0.0030914323,5.3086367090e-04,0.0230404790,8,50,18.7687,18.9814,solved,0
0.0030933837,0.0030933837,5.3120411427e-04,0.0230478657,8,50,18.6765,18.9031,solved,0
0.0030953350,0.0030953350,5.3154496915e-04,0.0230552590,8,50,18.6455,18.8574,solved,0
0.0030972860,0.0030972860,5.3188620049e-04,0.0230626581,8,50,18.7496,18.9760,solved,0
0.0030992374,0.0030992374,5.3222793074e-04,0.0230700657,8,50,18.6303,18.8594,solved,0
0.0031011887,0.0031011887,5.3257007244e-04,0.0230774798,8,50,18.5926,18.8061,solved,0
0.0031031401,0.0031031401,5.3291266066e-04,0.0230849011,8,50,18.6951,18.9305,solved,0
0.0031050914,0.0031050914,5.3325566029e-04,0.0230923290,8,50,18.6902,18.9026,solved,0
0.0031070426,0.0031070426,5.3359907126e-04,0.0230997634,8,50,18.8393,19.0791,solved,0
0.0031089939,0.0031089939,5.3394292877e-04,0.0231072051,8,50,18.7218,18.9561,solved,0
0.0031109453,0.0031109453,5.3428723289e-04,0.0231146541,8,50,18.6736,18.8956,solved,0
0.0031128966,0.0031128966,5.3463194832e-04,0.0231221095,8,50,18.7054,18.9520,solved,0
0.0031148480,0.0031148480,5.3497711041e-04,0.0231295722,8,50,18.7212,18.9665,solved,0
0.0031167991,0.0031167991,5.3532264834e-04,0.0231370406,8,50,18.7390,18.9670,solved,0
0.0031187504,0.0031187504,5.3566865061e-04,0.0231445166,8,50,18.7722,19.0096,solved,0
0.0031207018,0.0031207018,5.3601509960e-04,0.0231519999,8,50,18.6804,18.8982,solved,0
0.0031226531,0.0031226531,5.3636195981e-04,0.0231594896,8,50,18.7982,19.0273,solved,0
0.0031246042,0.0031246042,5.3670921334e-04,0.0231669854,8,50,18.6965,18.9093,solved,0
0.0031265556,0.0031265556,5.3705694924e-04,0.0231744892,8,50,18.7647,19.0015,solved,0
0.0031285073,0.0031285073,5.3740526220e-04,0.0231820030,7,75,23.5960,23.8263,solved,0
0.0031304591,0.0031304591,5.3775455977e-04,0.0231895356,7,125,33.1665,33.4201,solved,0
0.0031324111,0.0031324111,5.3810491651e-04,0.0231970885,7,125,33.2428,33.4753,solved,0
0.0031343627,0.0031343627,5.3845622455e-04,0.0232046595,7,125,33.1516,33.3786,solved,0
0.0031363146,0.0031363146,5.3880860984e-04,0.0232122513,7,125,33.0804,33.3147,solved,0
0.0031382665,0.0031382665,5.3916201844e-04,0.0232198626,7,125,33.1327,33.3471,solved,0
0.0031402184,0.0031402184,5.3951645036e-04,0.0232274934,7,125,33.1635,33.3986,solved,0
0.0031421701,0.0031421701,5.3987186912e-04,0.0232351430,7,125,34.3458,34.5947,solved,0
0.0031441220,0.0031441220,5.4022834756e-04,0.0232428128,7,125,33.3252,33.5697,solved,0
0.0031460738,0.0031460738,5.4058583098e-04,0.0232505017,7,125,33.2254,33.4834,solved,0
0.0031480255,0.0031480255,5.4094427325e-04,0.0232582087,8,125,33.1035,33.3326,solved,0
0.0031499772,0.0031499772,5.4130361796e-04,0.0232659326,8,125,33.1170,33.3612,solved,0
0.0031519287,0.0031519287,5.4166382709e-04,0.0232736724,8,125,33.1914,33.4454,solved,0
0.0031538804,0.0031538804,5.4202497448e-04,0.0232814298,8,125,33.6753,33.9847,solved,0
0.0031558321,0.0031558321,5.4238702326e-04,0.0232892040,8,125,31.3244,31.6539,solved,0
0.0031577838,0.0031577838,5.4274997343e-04,0.0232969949,8,125,29.2891,29.5986,solved,0
0.0031597353,0.0031597353,5.4311378766e-04,0.0233048018,8,125,30.7146,31.0207,solved,0
0.0031616870,0.0031616870,5.4347854051e-04,0.0233126262,8,125,28.6585,28.9531,solved,0
0.0031636387,0.0031636387,5.4384419476e-04,0.0233204673,8,125,30.1328,30.3998,solved,0
0.0031655905,0.0031655905,5.4421076920e-04,0.0233283255,8,125,30.6611,30.9980,solved,0
0.0031675421,0.0031675421,5.4457820742e-04,0.0233361995,8,125,29.5215,29.7713,solved,0
0.0031694936,0.0031694936,5.4494652804e-04,0.0233440898,8,125,34.8095,35.1124,solved,0
0.0031714453,0.0031714453,5.4531578775e-04,0.0233519975,8,125,31.7195,32.0663,solved,0
0.0031733970,0.0031733970,5.4568594884e-04,0.0233599219,8,125,36.9343,37.2703,solved,0
0.0031753487,0.0031753487,5.4605701133e-04,0.0233678628,8,125,38.6333,39.1200,solved,0
0.0031773002,0.0031773002,5.4642893705e-04,0.0233758195,8,125,31.3469,31.7757,solved,0
0.0031792519,0.0031792519,5.4680180222e-04,0.0233837936,8,125,31.6525,31.9685,solved,0
0.0031812036,0.0031812036,5.4717556878e-04,0.0233917842,8,125,31.7893,32.0821,solved,0
0.0031831553,0.0031831553,5.4755023673e-04,0.0233997914,8,125,33.9595,34.2362,solved,0
0.0031851070,0.0031851070,5.4792580608e-04,0.0234078151,8,125,28.4513,28.7197,solved,0
0.0031870585,0.0031870585,5.4830223818e-04,0.0234158544,8,125,28.7648,29.0719,solved,0
0.0031890102,0.0031890102,5.4867961021e-04,0.0234239111,8,125,28.6584,28.9715,solved,0
0.0031909620,0.0031909620,5.4905790303e-04,0.0234319846,8,125,29.0272,29.3136,solved,0
0.0031929136,0.0031929136,5.4943705843e-04,0.0234400738,8,125,28.6301,28.9809,solved,0
0.0031948651,0.0031948651,5.4981709563e-04,0.0234481789,8,125,29.1277,29.4152,solved,0
0.0031968168,0.0031968168,5.5019807313e-04,0.0234563014,8,125,30.3237,30.6235,solved,0
0.0031987685,0.0031987685,5.5057995047e-04,0.0234644401,9,125,30.7465,31.0978,solved,0
0.0032007203,0.0032007203,5.5096274477e-04,0.0234725956,9,125,29.3019,29.6188,solved,0
0.0032026719,0.0032026719,5.5134639710e-04,0.0234807665,9,125,27.5431,27.7935,solved,0
0.0032046234,0.0032046234,5.5173092690e-04,0.0234889533,9,125,30.6728,30.9042,solved,0
0.0032065752,0.0032065752,5.5211641313e-04,0.0234971576,9,125,31.6212,31.9174,solved,0
0.0032085269,0.0032085269,5.5250277693e-04,0.0235053776,9,125,31.3808,31.6015,solved,0
0.0032104786,0.0032104786,5.5289003803e-04,0.0235136139,9,125,28.8251,29.1096,solved,0
0.0032124303,0.0032124303,5.5327819642e-04,0.0235218663,9,125,30.7677,31.1042,solved,0
0.0032143817,0.0032143817,5.5366719223e-04,0.0235301337,9,125,27.9701,28.2941,solved,0
0.0032163335,0.0032163335,5.5405716507e-04,0.0235384189,9,125,31.9968,32.3043,solved,0
0.0032182852,0.0032182852,5.5444801525e-04,0.0235467198,9,125,29.9755,30.2384,solved,0
0.0032202369,0.0032202369,5.5483976272e-04,0.0235550369,9,125,29.0415,29.3227,solved,0
0.0032221884,0.0032221884,5.5523236720e-04,0.0235633692,9,125,31.4463,31.7409,solved,0
0.0032241401,0.0032241401,5.5562590917e-04,0.0235717184,9,125,32.0218,32.3407,solved,0
0.0032260918,0.0032260918,5.5602034844e-04,0.0235800837,9,125,31.6880,31.9841,solved,0
0.0032280435,0.0032280435,5.5641568500e-04,0.0235884651,9,125,30.5243,30.8497,solved,0
0.0032299952,0.0032299952,5.5681191885e-04,0.0235968625,9,125,34.9456,35.2722,solved,0
0.0032319467,0.0032319467,5.5720900925e-04,0.0236052750,9,125,39.4875,39.9012,solved,0
0.0032338984,0.0032338984,5.5760703760e-04,0.0236137044,9,125,36.7507,37.1412,solved,0
0.0032358502,0.0032358502,5.5800598370e-04,0.0236221503,9,125,35.9747,36.3598,solved,0
0.0032378019,0.0032378019,5.5840580669e-04,0.0236306116,9,125,35.2575,35.5955,solved,0
0.0032397534,0.0032397534,5.5880648585e-04,0.0236390881,9,125,36.6760,37.0630,solved,0
0.0032417051,0.0032417051,5.5920810333e-04,0.0236475813,9,125,35.5033,35.9090,solved,0
0.0032436568,0.0032436568,5.5961061811e-04,0.0236560905,9,125,37.9775,38.3632,solved,0
0.0032456085,0.0032456085,5.6001403017e-04,0.0236646156,9,125,51.3252,51.6726,solved,0
0.0032475602,0.0032475602,5.6041833954e-04,0.0236731565,9,125,39.0752,39.5249,solved,0
0.0032495117,0.0032495117,5.6082350462e-04,0.0236817125,9,125,29.8481,30.1332,solved,0
0.0032514634,0.0032514634,5.6122960848e-04,0.0236902851,9,125,32.9122,33.2258,solved,0
0.0032534152,0.0032534152,5.6163663051e-04,0.0236988740,9,125,32.7229,33.1700,solved,0
0.0032553669,0.0032553669,5.6204452900e-04,0.0237074783,9,125,36.4207,36.9848,solved,0
0.0032573184,0.0032573184,5.6245328285e-04,0.0237160975,9,125,36.7128,37.0769,solved,0
0.0032592701,0.0032592701,5.6286297584e-04,0.0237247334,9,125,41.0064,41.8162,solved,0
0.0032612218,0.0032612218,5.6327356612e-04,0.0237333851,9,125,35.6589,36.1254,solved,0
0.0032631735,0.0032631735,5.6368505370e-04,0.0237420524,9,125,31.0353,31.3451,solved,0
0.0032651252,0.0032651252,5.6409743857e-04,0.0237507355,9,125,33.6541,33.9927,solved,0
0.0032670767,0.0032670767,5.6451067834e-04,0.0237594335,9,125,30.4173,30.7359,solved,0
0.0032690284,0.0032690284,5.6492485771e-04,0.0237681480,9,125,34.4073,34.7747,solved,0
0.0032709802,0.0032709802,5.6533995566e-04,0.0237768786,9,125,30.8269,31.1460,solved,0
0.0032729319,0.0032729319,5.6575592966e-04,0.0237856244,9,125,30.5977,30.9162,solved,0
0.0032748833,0.0032748833,5.6617273681e-04,0.0237943846,9,125,30.7784,31.1118,solved,0
0.0032768350,0.0032768350,5.6659050526e-04,0.0238031617,9,125,28.4922,28.8295,solved,0
0.0032787868,0.0032787868,5.6700919249e-04,0.0238119548,9,125,31.6608,31.9638,solved,0
0.0032807385,0.0032807385,5.6742875557e-04,0.0238207631,9,125,31.3429,31.6936,solved,0
0.0032826902,0.0032826902,5.6784921595e-04,0.0238295870,9,125,31.0938,31.5099,solved,0
0.0032846417,0.0032846417,5.6827053040e-04,0.0238384255,9,125,30.4481,30.8163,solved,0
0.0032865934,0.0032865934,5.6869278528e-04,0.0238472805,9,125,32.4059,32.7673,solved,0
0.0032885451,0.0032885451,5.6911593745e-04,0.0238561509,9,125,30.4854,30.9335,solved,0
0.0032904968,0.0032904968,5.6953998692e-04,0.0238650369,9,125,32.3111,32.6057,solved,0
0.0032924485,0.0032924485,5.6996493368e-04,0.0238739384,9,125,32.6622,33.0702,solved,0
0.0032944000,0.0032944000,5.7039073405e-04,0.0238828544,9,125,30.5773,30.8084,solved,0
0.0032963517,0.0032963517,5.7081747531e-04,0.0238917868,9,125,29.9000,30.2087,solved,0
0.0032983035,0.0032983035,5.7124513579e-04,0.0239007350,9,125,28.6186,28.9113,solved,0
0.0033002552,0.0033002552,5.7167367168e-04,0.0239096983,9,125,31.0799,31.2986,solved,0
0.0033022066,0.0033022066,5.7210303879e-04,0.0239186755,9,125,28.6701,28.9238,solved,0
0.0033041583,0.0033041583,5.7253336913e-04,0.0239276695,9,125,27.8128,28.0950,solved,0
0.0033061100,0.0033061100,5.7296459676e-04,0.0239366789,9,125,29.9652,30.2723,solved,0
0.0033080618,0.0033080618,5.7339674386e-04,0.0239457041,9,125,29.1237,29.4711,solved,0
0.0033100135,0.0033100135,5.7382976613e-04,0.0239547441,9,125,28.5270,28.8875,solved,0
0.0033119650,0.0033119650,5.7426364118e-04,0.0239637986,9,125,29.3719,29.6830,solved,0
0.0033139167,0.0033139167,5.7469845795e-04,0.0239728692,9,125,33.2968,33.5885,solved,0
0.0033158684,0.0033158684,5.7513417201e-04,0.0239819551,9,125,32.6909,33.0114,solved,0
0.0033178201,0.0033178201,5.7557078336e-04,0.0239910563,9,125,32.4756,32.9550,solved,0
0.0033197716,0.0033197716,5.7600824713e-04,0.0240001718,9,125,29.0380,29.3763,solved,0
0.0033217233,0.0033217233,5.7644665298e-04,0.0240093035,9,125,28.8654,29.2261,solved,0
0.0033236750,0.0033236750,5.7688595613e-04,0.0240184503,9,125,30.8296,31.1635,solved,0
0.0033256268,0.0033256268,5.7732617914e-04,0.0240276128,9,125,29.9653,30.3233,solved,0
0.0033275785,0.0033275785,5.7776727692e-04,0.0240367901,9,125,32.2948,32.8066,solved,0
0.0033295300,0.0033295300,5.7820922666e-04,0.0240459815,9,125,33.8105,34.2325,solved,0
0.0033314817,0.0033314817,5.7865211893e-04,0.0240551890,9,125,34.0449,34.3177,solved,0
0.0033334334,0.0033334334,5.7909590850e-04,0.0240644117,9,125,33.2093,33.5164,solved,0
0.0033353851,0.0033353851,5.7954059537e-04,0.0240736494,9,125,32.5134,32.8210,solved,0
0.0033373366,0.0033373366,5.7998613382e-04,0.0240829013,9,125,32.9147,33.2510,solved,0
0.0033392883,0.0033392883,5.8043261518e-04,0.0240921692,9,125,29.0278,29.3629,solved,0
0.0033412400,0.0033412400,5.8088002679e-04,0.0241014528,8,125,30.3922,30.6911,solved,0
0.0033431917,0.0033431917,5.8132854807e-04,0.0241107559,8,150,35.6754,36.0138,solved,0
0.0033451434,0.0033451434,5.8177820604e-04,0.0241200789,8,150,34.7813,35.0809,solved,0
0.0033470948,0.0033470948,5.8222893133e-04,0.0241294205,8,150,40.5506,40.9219,solved,0
0.0033490465,0.0033490465,5.8268086252e-04,0.0241387834,8,150,36.1815,36.5268,solved,0
0.0033509982,0.0033509982,5.8313393042e-04,0.0241481662,8,150,36.5559,36.9058,solved,0
0.0033529498,0.0033529498,5.8358811171e-04,0.0241575684,8,150,37.6602,37.9934,solved,0
0.0033549013,0.0033549013,5.8404340622e-04,0.0241669900,8,150,36.0533,36.3858,solved,0
0.0033568529,0.0033568529,5.8449986062e-04,0.0241764319,8,150,37.3623,37.7974,solved,0
0.0033588046,0.0033588046,5.8495747507e-04,0.0241858941,8,150,36.5178,37.0878,solved,0
0.0033607563,0.0033607563,5.8541622623e-04,0.0241953761,8,150,34.6705,34.9949,solved,0
0.0033627080,0.0033627080,5.8587611408e-04,0.0242048779,8,150,36.2037,36.5711,solved,0
0.0033646594,0.0033646594,5.8633713854e-04,0.0242143994,7,9425,1704.8498,1705.5962,solved,1
0.0033666111,0.0033666111,5.8680299396e-04,0.0242240169,7,850,161.7591,162.4337,solved,0
0.0033685628,0.0033685628,5.8727559209e-04,0.0242337697,7,850,155.8281,156.1479,solved,0
0.0033705145,0.0033705145,5.8775493295e-04,0.0242436576,7,850,154.9002,155.2017,solved,0
0.0033724660,0.0033724660,5.8824096636e-04,0.0242536794,7,850,164.6448,165.0266,solved,0
0.0033744177,0.0033744177,5.8873379196e-04,0.0242638371,7,850,162.8173,163.1800,solved,0
0.0033763693,0.0033763693,5.8923333450e-04,0.0242741289,7,850,156.6233,156.8786,solved,0
0.0033783211,0.0033783211,5.8973967130e-04,0.0242845562,7,850,162.3971,162.6834,solved,0
0.0033802727,0.0033802727,5.9025269859e-04,0.0242951168,7,850,171.4937,171.7949,solved,0
0.0033822242,0.0033822242,5.9077244110e-04,0.0243058109,7,850,182.3747,182.7350,solved,0
0.0033841759,0.0033841759,5.9129897924e-04,0.0243166400,7,850,166.8302,167.1274,solved,0
0.0033861276,0.0033861276,5.9183226010e-04,0.0243276028,7,850,166.6948,167.0327,solved,0
0.0033880792,0.0033880792,5.9237225584e-04,0.0243386987,7,850,172.3879,172.7608,solved,0
0.0033900309,0.0033900309,5.9291902179e-04,0.0243499286,7,850,278.3651,278.7791,solved,0
0.0033919824,0.0033919824,5.9347247340e-04,0.0243612905,7,850,174.1003,175.7405,solved,0
0.0033939341,0.0033939341,5.9403272409e-04,0.0243727865,7,850,182.6920,183.1819,solved,0
0.0033958857,0.0033958857,5.9459968828e-04,0.0243844149,7,850,173.5629,174.5634,solved,0
0.0033978375,0.0033978375,5.9517345363e-04,0.0243961770,7,850,167.5743,168.3737,solved,0
0.0033997889,0.0033997889,5.9575384273e-04,0.0244080692,7,850,171.6385,172.2027,solved,0
0.0034017406,0.0034017406,5.9634106326e-04,0.0244200955,7,850,149.4755,149.8570,solved,0
0.0034036923,0.0034036923,5.9693502650e-04,0.0244322538,7,850,155.0277,155.3873,solved,0
0.0034056440,0.0034056440,5.9753573247e-04,0.0244445440,7,850,157.9606,158.2702,solved,0
0.0034075957,0.0034075957,5.9814318114e-04,0.0244569659,7,850,153.7998,154.1829,solved,0
0.0034095471,0.0034095471,5.9875727761e-04,0.0244695173,7,850,156.2500,156.5682,solved,0
0.0034114988,0.0034114988,5.9937821069e-04,0.0244822019,7,850,144.8849,145.2060,solved,0
0.0034134505,0.0034134505,6.0000588648e-04,0.0244950176,7,850,176.9579,177.4113,solved,0
0.0034154022,0.0034154022,6.0064030499e-04,0.0245079641,7,850,200.8122,201.2421,solved,0
0.0034173537,0.0034173537,6.0128140017e-04,0.0245210399,7,850,144.8540,145.1580,solved,0
0.0034193053,0.0034193053,6.0192927006e-04,0.0245342469,7,850,145.5390,145.8382,solved,0
0.0034212570,0.0034212570,6.0258391568e-04,0.0245475847,7,850,146.5150,146.8551,solved,0
0.0034232087,0.0034232087,6.0324530403e-04,0.0245610526,7,850,133.9592,134.2601,solved,0
0.0034251604,0.0034251604,6.0391343509e-04,0.0245746503,7,850,160.1965,160.5087,solved,0
0.0034271119,0.0034271119,6.0458823936e-04,0.0245883761,7,850,197.4763,197.7891,solved,0
0.0034290635,0.0034290635,6.0526982007e-04,0.0246022320,7,850,185.2569,185.5891,solved,0
0.0034310153,0.0034310153,6.0595821369e-04,0.0246162185,7,850,166.4571,166.7726,solved,0
0.0034329669,0.0034329669,6.0665327913e-04,0.0246303325,7,850,169.0574,169.4204,solved,0
0.0034349184,0.0034349184,6.0735505048e-04,0.0246445745,7,850,203.4836,203.9643,solved,0
0.0034368701,0.0034368701,6.0806363611e-04,0.0246589464,7,850,180.3308,180.7256,solved,0
0.0034388218,0.0034388218,6.0877896447e-04,0.0246734465,7,850,160.0358,160.5074,solved,0
0.0034407735,0.0034407735,6.0950103554e-04,0.0246880748,7,850,152.3940,152.7318,solved,0
0.0034427252,0.0034427252,6.1022984932e-04,0.0247028308,7,850,193.6082,193.8743,solved,0
0.0034446766,0.0034446766,6.1096529225e-04,0.0247177121,7,850,151.8957,152.1891,solved,0
0.0034466283,0.0034466283,6.1170759043e-04,0.0247327231,7,850,150.4764,150.7539,solved,0
0.0034485800,0.0034485800,6.1245663133e-04,0.0247478611,7,850,189.7562,190.0949,solved,0
0.0034505317,0.0034505317,6.1321241495e-04,0.0247631261,7,850,214.1733,214.6959,solved,0
0.0034524831,0.0034524831,6.1397482356e-04,0.0247785154,7,850,158.6198,159.2261,solved,0
0.0034544348,0.0034544348,6.1474409158e-04,0.0247940334,7,850,158.4184,158.8090,solved,0
0.0034563865,0.0034563865,6.1552010231e-04,0.0248096776,7,850,161.8740,162.1948,solved,0
0.0034583382,0.0034583382,6.1630285576e-04,0.0248254477,7,850,163.3790,163.7258,solved,0
0.0034602899,0.0034602899,6.1709235193e-04,0.0248413436,7,850,166.1318,166.5505,solved,0
0.0034622414,0.0034622414,6.1788850888e-04,0.0248573633,7,850,155.9708,156.5407,solved,0
0.0034641931,0.0034641931,6.1869148979e-04,0.0248735098,7,850,152.1933,152.5180,solved,0
0.0034661447,0.0034661447,6.1950117176e-04,0.0248897805,7,850,142.3000,142.5873,solved,0
0.0034680964,0.0034680964,6.2031763776e-04,0.0249061767,7,850,136.2655,136.5214,solved,0
0.0034700479,0.0034700479,6.2114076177e-04,0.0249226957,7,850,162.0459,162.3055,solved,0
0.0034719996,0.0034719996,6.2197071252e-04,0.0249393407,7,850,143.6771,143.9400,solved,0
0.0034739513,0.0034739513,6.2280740598e-04,0.0249561096,7,850,133.7111,134.0645,solved,0
0.0034759030,0.0034759030,6.2365084216e-04,0.0249730023,7,850,134.7845,135.1422,solved,0
0.0034778547,0.0034778547,6.2450102105e-04,0.0249900184,7,850,132.2758,132.5681,solved,0
0.0034798061,0.0034798061,6.2535781043e-04,0.0250071552,7,850,137.2662,137.5563,solved,0
0.0034817578,0.0034817578,6.2622147372e-04,0.0250244176,7,850,157.6601,157.9013,solved,0
0.0034837095,0.0034837095,6.2709187973e-04,0.0250418026,7,850,167.8126,168.0914,solved,0
0.0034856611,0.0034856611,6.2796912662e-04,0.0250593122,6,5275,850.0605,850.5890,solved,1
0.0034876121,0.0034876121,6.2885596676e-04,0.0250770008,6,275,42.9569,43.1733,solved,0
0.0034895629,0.0034895629,6.2975376369e-04,0.0250948952,6,275,43.8363,44.0810,solved,0
0.0034915140,0.0034915140,6.3066274836e-04,0.0251129996,6,275,43.9087,44.1376,solved,0
0.0034934650,0.0034934650,6.3158273611e-04,0.0251313099,6,275,46.0545,46.3089,solved,0
0.0034954160,0.0034954160,6.3251377326e-04,0.0251498265,6,275,47.6859,47.9309,solved,0
0.0034973669,0.0034973669,6.3345581123e-04,0.0251685481,6,275,43.8084,44.0718,solved,0
0.0034993179,0.0034993179,6.3440894659e-04,0.0251874760,6,275,43.6161,43.8779,solved,0
0.0035012690,0.0035012690,6.3537318105e-04,0.0252066099,6,275,44.3512,44.5911,solved,0
0.0035032200,0.0035032200,6.3634841577e-04,0.0252259473,6,275,43.2875,43.5619,solved,0
0.0035051710,0.0035051710,6.3733469988e-04,0.0252454887,6,275,44.3449,44.5875,solved,0
0.0035071219,0.0035071219,6.3833198198e-04,0.0252652327,6,275,49.7254,50.1400,solved,0
0.0035090729,0.0035090729,6.3934036431e-04,0.0252851807,6,275,46.3136,46.5418,solved,0
0.0035110240,0.0035110240,6.4035984856e-04,0.0253053324,6,275,45.9398,46.2066,solved,0
0.0035129750,0.0035129750,6.4139033024e-04,0.0253256852,6,275,48.1835,48.4510,solved,0
0.0035149258,0.0035149258,6.4243175398e-04,0.0253462375,6,275,44.1821,44.4070,solved,0
0.0035168769,0.0035168769,6.4348438755e-04,0.0253669941,6,275,45.3731,45.6386,solved,0
0.0035188279,0.0035188279,6.4454801684e-04,0.0253879502,6,275,50.4300,50.6659,solved,0
0.0035207790,0.0035207790,6.4562275089e-04,0.0254091076,6,275,50.7813,51.1087,solved,0
0.0035227300,0.0035227300,6.4670847953e-04,0.0254304636,6,275,50.5217,50.8575,solved,0
0.0035246808,0.0035246808,6.4780514457e-04,0.0254520165,6,275,51.8713,52.2252,solved,0
0.0035266319,0.0035266319,6.4891302793e-04,0.0254737714,6,275,44.1219,44.3757,solved,0
0.0035285830,0.0035285830,6.5003196182e-04,0.0254957244,6,275,43.4580,43.7167,solved,0
0.0035305340,0.0035305340,6.5116188803e-04,0.0255178739,6,275,45.8005,46.0161,solved,0
0.0035324848,0.0035324848,6.5230274610e-04,0.0255402182,6,275,43.1671,43.3796,solved,0
0.0035344358,0.0035344358,6.5345476997e-04,0.0255627614,6,275,43.4161,43.6196,solved,0
0.0035363869,0.0035363869,6.5461790313e-04,0.0255855018,6,275,43.7739,43.9880,solved,0
0.0035383379,0.0035383379,6.5579202634e-04,0.0256084366,6,275,43.5822,43.8180,solved,0
0.0035402890,0.0035402890,6.5697725998e-04,0.0256315676,6,275,41.8883,42.1115,solved,0
0.0035422398,0.0035422398,6.5817335936e-04,0.0256548896,6,275,43.4290,43.7647,solved,0
0.0035441909,0.0035441909,6.5938069235e-04,0.0256784091,6,275,45.5149,45.8797,solved,0
0.0035461419,0.0035461419,6.6059901313e-04,0.0257021208,6,275,46.4428,46.7574,solved,0
0.0035480929,0.0035480929,6.6182838331e-04,0.0257260254,6,275,43.2570,43.4925,solved,0
0.0035500437,0.0035500437,6.6306867516e-04,0.0257501199,6,275,44.1259,44.4001,solved,0
0.0035519948,0.0035519948,6.6432020742e-04,0.0257744099,6,275,43.0833,43.3704,solved,0
0.0035539459,0.0035539459,6.6558279021e-04,0.0257988913,6,275,42.8626,43.1321,solved,0
0.0035558969,0.0035558969,6.6685635796e-04,0.0258235621,6,275,52.8937,53.1306,solved,0
0.0035578479,0.0035578479,6.6814097510e-04,0.0258484231,6,275,42.2136,42.4240,solved,0
0.0035597988,0.0035597988,6.6943657494e-04,0.0258734724,6,275,43.3634,43.5744,solved,0
0.0035617498,0.0035617498,6.7074329030e-04,0.0258987121,6,275,45.4831,45.6982,solved,0
0.0035637009,0.0035637009,6.7206112288e-04,0.0259241417,6,275,45.7330,46.0018,solved,0
0.0035656519,0.0035656519,6.7338993760e-04,0.0259497579,6,275,44.4178,44.6281,solved,0
0.0035676024,0.0035676024,6.7473030064e-04,0.0259755712,5,6100,921.2406,921.8889,solved,1
0.0035695517,0.0035695517,6.7608732403e-04,0.0260016793,5,450,68.0115,68.2675,solved,0
0.0035715011,0.0035715011,6.7746293115e-04,0.0260281181,5,450,65.5958,65.8150,solved,0
0.0035734506,0.0035734506,6.7885712484e-04,0.0260548868,5,450,69.9837,70.2206,solved,0
0.0035754001,0.0035754001,6.8026983502e-04,0.0260819830,5,450,92.9544,93.1848,solved,0
0.0035773493,0.0035773493,6.8170084001e-04,0.0261094014,5,450,66.8799,67.1344,solved,0
0.0035792987,0.0035792987,6.8315050546e-04,0.0261371480,5,450,70.3174,70.5759,solved,0
0.0035812482,0.0035812482,6.8461876129e-04,0.0261652205,5,450,67.7543,68.0354,solved,0
0.0035831976,0.0035831976,6.8610545687e-04,0.0261936148,5,450,66.4916,66.7016,solved,0
0.0035851471,0.0035851471,6.8761074472e-04,0.0262223329,5,450,67.1496,67.4181,solved,0
0.0035870963,0.0035870963,6.8913431313e-04,0.0262513678,5,450,81.5907,81.8636,solved,0
0.0035890458,0.0035890458,6.9067663110e-04,0.0262807274,5,450,86.3286,86.5722,solved,0
0.0035909952,0.0035909952,6.9223738501e-04,0.0263104045,5,450,87.2424,87.5124,solved,0
0.0035929447,0.0035929447,6.9381673500e-04,0.0263404012,5,450,80.3449,80.6131,solved,0
0.0035948939,0.0035948939,6.9541435416e-04,0.0263707102,5,450,84.7065,84.9691,solved,0
0.0035968434,0.0035968434,6.9703073426e-04,0.0264013396,5,450,83.5171,83.7533,solved,0
0.0035987928,0.0035987928,6.9866554651e-04,0.0264322823,5,450,86.0753,86.3310,solved,0
0.0036007423,0.0036007423,7.0031895864e-04,0.0264635402,5,450,77.7114,77.9347,solved,0
0.0036026917,0.0036026917,7.0199080101e-04,0.0264951090,5,450,76.7613,77.0366,solved,0
0.0036046409,0.0036046409,7.0368098359e-04,0.0265269860,5,450,68.5592,68.8345,solved,0
0.0036065904,0.0036065904,7.0538994137e-04,0.0265591781,5,450,84.9883,85.2454,solved,0
0.0036085399,0.0036085399,7.0711741563e-04,0.0265916794,5,450,96.0372,96.3136,solved,0
0.0036104893,0.0036104893,7.0886331634e-04,0.0266244872,5,450,92.6236,92.8610,solved,0
0.0036124386,0.0036124386,7.1062764065e-04,0.0266576001,5,450,67.2491,67.4587,solved,0
0.0036143880,0.0036143880,7.1241056958e-04,0.0266910204,5,450,67.1233,67.3712,solved,0
0.0036163374,0.0036163374,7.1421201309e-04,0.0267247453,5,475,70.9662,71.1782,solved,0
0.0036182870,0.0036182870,7.1603215886e-04,0.0267587772,5,475,74.4776,74.7484,solved,0
0.0036202364,0.0036202364,7.1787063344e-04,0.0267931079,5,475,73.5061,73.7540,solved,0
0.0036221856,0.0036221856,7.1972743114e-04,0.0268277362,5,500,72.4967,72.6973,solved,0
0.0036241351,0.0036241351,7.2160302968e-04,0.0268626698,5,500,75.5009,75.7050,solved,0
0.0036260845,0.0036260845,7.2349704706e-04,0.0268979004,5,525,82.2870,82.5306,solved,0
0.0036280340,0.0036280340,7.2540967762e-04,0.0269334305,5,525,92.6631,92.9344,solved,0
0.0036299832,0.0036299832,7.2734052606e-04,0.0269692515,5,525,81.8523,82.1058,solved,0
0.0036319327,0.0036319327,7.2929018673e-04,0.0270053733,5,550,92.7174,92.9332,solved,0
0.0036338821,0.0036338821,7.3125826245e-04,0.0270417873,5,550,87.1263,87.3260,solved,0
0.0036358316,0.0036358316,7.3324495515e-04,0.0270784962,5,550,85.3988,85.6097,solved,0
0.0036377811,0.0036377811,7.3525016432e-04,0.0271154968,5,575,96.6146,96.8511,solved,0
0.0036397302,0.0036397302,7.3727347286e-04,0.0271527802,5,575,86.3278,86.6734,solved,0
0.0036416797,0.0036416797,7.3931571120e-04,0.0271903606,5,575,95.3875,95.6839,solved,0
0.0036436292,0.0036436292,7.4137646603e-04,0.0272282292,5,600,105.4528,105.7321,solved,0
0.0036455786,0.0036455786,7.4345563021e-04,0.0272663828,5,600,89.4288,89.6607,solved,0
0.0036475279,0.0036475279,7.4555320090e-04,0.0273048201,5,600,88.9108,89.1891,solved,0
0.0036494773,0.0036494773,7.4766939330e-04,0.0273435439,5,625,88.4014,88.6427,solved,0
0.0036514267,0.0036514267,7.4980410029e-04,0.0273825510,5,625,102.6378,102.8756,solved,0
0.0036533763,0.0036533763,7.5195754372e-04,0.0274218443,5,625,91.8001,92.0068,solved,0
0.0036553257,0.0036553257,7.5412928178e-04,0.0274614144,5,650,98.9910,99.2246,solved,0
0.0036572749,0.0036572749,7.5631930876e-04,0.0275012601,5,650,97.8222,98.0307,solved,0
0.0036592244,0.0036592244,7.5852818786e-04,0.0275413904,5,650,93.3127,93.5723,solved,0
0.0036611738,0.0036611738,7.6075546872e-04,0.0275817960,5,650,111.8137,112.0970,solved,0
0.0036631233,0.0036631233,7.6300137984e-04,0.0276224796,5,675,137.8994,138.1932,solved,0
0.0036650727,0.0036650727,7.6526569082e-04,0.0276634360,5,675,112.0414,112.3021,solved,0
0.0036670220,0.0036670220,7.6754839881e-04,0.0277046638,5,675,96.0340,96.2899,solved,0
0.0036689714,0.0036689714,7.6984973801e-04,0.0277461662,5,700,101.0991,101.3648,solved,0
0.0036709209,0.0036709209,7.7216971127e-04,0.0277879418,5,700,99.5289,99.7650,solved,0
0.0036728703,0.0036728703,7.7450808058e-04,0.0278299853,5,700,103.3548,103.5665,solved,0
0.0036748195,0.0036748195,7.7686472173e-04,0.0278722931,5,725,115.9289,116.1680,solved,0
0.0036767691,0.0036767691,7.7924036297e-04,0.0279148771,5,725,127.6227,128.0077,solved,0
0.0036787185,0.0036787185,7.8163427604e-04,0.0279577230,5,725,133.7174,134.1326,solved,0
0.0036806679,0.0036806679,7.8404670370e-04,0.0280008340,5,725,136.0357,136.3230,solved,0
0.0036826174,0.0036826174,7.8647777112e-04,0.0280442110,5,750,110.8367,111.0842,solved,0
0.0036845666,0.0036845666,7.8892697664e-04,0.0280878439,5,750,121.8867,122.2038,solved,0
0.0036865161,0.0036865161,7.9139507417e-04,0.0281317450,5,750,201.6462,202.0133,solved,0
0.0036884655,0.0036884655,7.9388156017e-04,0.0281759039,5,750,132.5391,132.8917,solved,0
0.0036904150,0.0036904150,7.9638668972e-04,0.0282203241,5,775,132.9255,133.1882,solved,0
0.0036923642,0.0036923642,7.9890994598e-04,0.0282649951,5,775,130.0052,130.2504,solved,0
0.0036943137,0.0036943137,8.0145210566e-04,0.0283099295,5,775,118.3210,118.6838,solved,0
0.0036962631,0.0036962631,8.0401264999e-04,0.0283551168,5,800,178.0814,178.3764,solved,0
0.0036982126,0.0036982126,8.0659184168e-04,0.0284005606,5,800,141.8857,142.2811,solved,0
0.0037001620,0.0037001620,8.0918941613e-04,0.0284462549,5,800,198.8425,199.1567,solved,0
0.0037021113,0.0037021113,8.1180537050e-04,0.0284921984,5,800,136.4111,136.7154,solved,0
0.0037040607,0.0037040607,8.1443997317e-04,0.0285383947,5,825,147.3468,147.6714,solved,0
0.0037060102,0.0037060102,8.1709322700e-04,0.0285848426,5,825,144.4211,144.8127,solved,0
0.0037079596,0.0037079596,8.1976485979e-04,0.0286315361,5,825,135.2633,135.5493,solved,0
0.0037099088,0.0037099088,8.2245473022e-04,0.0286784715,5,825,160.1559,160.4358,solved,0
0.0037118583,0.0037118583,8.2516352970e-04,0.0287256598,5,850,155.4613,155.7431,solved,0
0.0037138078,0.0037138078,8.2789084567e-04,0.0287730924,5,850,149.8046,150.0953,solved,0
0.0037157572,0.0037157572,8.3063653680e-04,0.0288207657,5,850,140.5063,140.7816,solved,0
0.0037177067,0.0037177067,8.3340088478e-04,0.0288686835,5,850,131.0202,131.3431,solved,0
0.0037196559,0.0037196559,8.3618331958e-04,0.0289168345,5,875,157.5716,157.8240,solved,0
0.0037216054,0.0037216054,8.3898469769e-04,0.0289652326,5,875,129.0793,129.3962,solved,0
0.0037235548,0.0037235548,8.4180444716e-04,0.0290138665,5,875,166.4279,166.6992,solved,0
0.0037255043,0.0037255043,8.4464285728e-04,0.0290627400,5,875,159.1951,159.4865,solved,0
0.0037274535,0.0037274535,8.4749934282e-04,0.0291118420,5,875,137.4418,137.8534,solved,0
0.0037294034,0.0037294034,8.5037640119e-04,0.0291612140,4,1025,201.5726,202.0865,solved,0
0.0037313534,0.0037313534,8.5327581601e-04,0.0292108852,4,1075,182.5664,182.8524,solved,0
0.0037333034,0.0037333034,8.5619757635e-04,0.0292608540,4,1100,191.9549,192.3226,solved,0
0.0037352534,0.0037352534,8.5914168223e-04,0.0293111187,4,1100,181.8728,182.2739,solved,0
0.0037372032,0.0037372032,8.6210782823e-04,0.0293616728,4,1100,190.9184,191.1745,solved,0
0.0037391532,0.0037391532,8.6509662287e-04,0.0294125249,4,1125,189.9704,190.3022,solved,0
0.0037411031,0.0037411031,8.6810760805e-04,0.0294636659,4,1125,208.4382,208.8705,solved,0
0.0037430532,0.0037430532,8.7114124873e-04,0.0295151020,4,1125,190.0534,190.3201,solved,0
0.0037450031,0.0037450031,8.7419692267e-04,0.0295668213,4,1150,183.0075,183.3558,solved,0
0.0037469529,0.0037469529,8.7727478142e-04,0.0296188248,4,1150,213.5348,213.8567,solved,0
0.0037489029,0.0037489029,8.8037530026e-04,0.0296711190,4,1150,197.6115,197.8849,solved,0
0.0037508529,0.0037508529,8.8349816462e-04,0.0297236970,4,1175,233.5123,233.7693,solved,0
0.0037528028,0.0037528028,8.8664321265e-04,0.0297765547,4,1175,183.8331,184.1968,solved,0
0.0037547526,0.0037547526,8.8981044091e-04,0.0298296906,4,1175,204.3124,204.5860,solved,0
0.0037567026,0.0037567026,8.9300033842e-04,0.0298831113,4,1200,184.1195,184.4872,solved,0
0.0037586526,0.0037586526,8.9621258146e-04,0.0299368098,4,1200,205.2200,205.5262,solved,0
0.0037606026,0.0037606026,8.9944717003e-04,0.0299907848,4,1200,208.0537,208.4267,solved,0
0.0037625526,0.0037625526,9.0270410412e-04,0.0300450346,4,1225,181.8012,182.0164,solved,0
0.0037645023,0.0037645023,9.0598287752e-04,0.0300995495,4,1225,189.1210,189.3902,solved,0
0.0037664523,0.0037664523,9.0928449923e-04,0.0301543446,4,1225,193.2277,193.5095,solved,0
0.0037684023,0.0037684023,9.1260846648e-04,0.0302094102,4,1225,196.2849,196.5138,solved,0
0.0037703523,0.0037703523,9.1595477924e-04,0.0302647448,4,1250,200.2400,200.5332,solved,0
0.0037723021,0.0037723021,9.1932309089e-04,0.0303203412,4,1250,195.7854,196.0229,solved,0
0.0037742520,0.0037742520,9.2271391795e-04,0.0303762064,4,1250,191.8430,192.1146,solved,0
0.0037762020,0.0037762020,9.2612726387e-04,0.0304323391,4,1275,209.6763,209.9730,solved,0
0.0037781520,0.0037781520,9.2956295531e-04,0.0304887349,4,1275,230.0717,230.3649,solved,0
0.0037801020,0.0037801020,9.3302099228e-04,0.0305453923,4,1275,207.4908,207.7690,solved,0
0.0037820517,0.0037820517,9.3650083761e-04,0.0306023012,4,1275,204.6397,204.8679,solved,0
0.0037840017,0.0037840017,9.4000356220e-04,0.0306594775,4,1300,192.4525,192.7020,solved,0
0.0037859517,0.0037859517,9.4352863232e-04,0.0307169112,4,1300,199.2006,199.5253,solved,0
0.0037879017,0.0037879017,9.4707604796e-04,0.0307746007,4,1300,187.8200,188.1285,solved,0
0.0037898515,0.0037898515,9.5064544186e-04,0.0308325387,4,1325,191.3791,191.6178,solved,0
0.0037918015,0.0037918015,9.5423754626e-04,0.0308907356,4,1325,188.4536,188.6766,solved,0
0.0037937514,0.0037937514,9.5785181027e-04,0.0309491811,4,1325,184.2659,184.4749,solved,0
0.0037957014,0.0037957014,9.6148860458e-04,0.0310078797,4,1325,192.5401,192.7642,solved,0
0.0037976514,0.0037976514,9.6514774443e-04,0.0310668271,4,1350,231.4456,231.7010,solved,0
0.0037996012,0.0037996012,9.6882885107e-04,0.0311260157,4,1350,204.2666,204.5095,solved,0
0.0038015512,0.0038015512,9.7253267967e-04,0.0311854562,4,1350,246.5324,246.7661,solved,0
0.0038035011,0.0038035011,9.7625866215e-04,0.0312451382,4,1350,197.4217,197.6221,solved,0
0.0038054511,0.0038054511,9.8000718067e-04,0.0313050664,4,1375,193.6414,193.9196,solved,0
0.0038074009,0.0038074009,9.8377765681e-04,0.0313652301,4,1375,216.3031,216.6344,solved,0
0.0038093509,0.0038093509,9.8757086409e-04,0.0314256402,4,1375,209.0816,209.3282,solved,0
0.0038113009,0.0038113009,9.9138641690e-04,0.0314862893,4,1375,225.3784,225.6294,solved,0
0.0038132509,0.0038132509,9.9522431524e-04,0.0315471760,4,1400,241.6576,241.9331,solved,0
0.0038152008,0.0038152008,9.9908436057e-04,0.0316082958,4,1400,217.4450,217.7136,solved,0
0.0038171506,0.0038171506,1.0029665495e-03,0.0316696471,4,1400,220.7097,220.9652,solved,0
0.0038191006,0.0038191006,1.0068714809e-03,0.0317312383,4,1400,220.6200,220.9639,solved,0
0.0038210506,0.0038210506,1.0107987579e-03,0.0317930615,4,1425,226.3891,226.6192,solved,0
0.0038230006,0.0038230006,1.0147483805e-03,0.0318551155,4,1425,244.7182,244.9541,solved,0
0.0038249503,0.0038249503,1.0187197358e-03,0.0319173892,4,1425,259.5661,259.9910,solved,0
0.0038269003,0.0038269003,1.0227140459e-03,0.0319799007,4,1425,258.8330,259.1560,solved,0
0.0038288503,0.0038288503,1.0267307016e-03,0.0320426388,4,1450,239.5981,239.9067,solved,0
0.0038308003,0.0038308003,1.0307697028e-03,0.0321056024,4,1450,226.1260,226.4217,solved,0
0.0038327503,0.0038327503,1.0348310495e-03,0.0321687900,4,1450,240.2537,240.4875,solved,0
0.0038347000,0.0038347000,1.0389141118e-03,0.0322321906,4,1450,265.7270,266.2233,solved,0
0.0038366500,0.0038366500,1.0430201462e-03,0.0322958224,4,1475,253.1510,256.5660,solved,0
0.0038386000,0.0038386000,1.0471485261e-03,0.0323596744,4,1475,249.0466,249.3305,solved,0
0.0038405500,0.0038405500,1.0512992515e-03,0.0324237452,4,1475,244.6917,244.9847,solved,0
0.0038425000,0.0038425000,1.0554723224e-03,0.0324880335,4,1475,225.2363,225.5890,solved,0
0.0038444497,0.0038444497,1.0596670917e-03,0.0325525282,4,1475,202.6852,202.9160,solved,0
0.0038463997,0.0038463997,1.0638848503e-03,0.0326172477,4,1500,205.5530,205.7955,solved,0
0.0038483497,0.0038483497,1.0681249544e-03,0.0326821810,4,1500,234.9655,235.2313,solved,0
0.0038502997,0.0038502997,1.0723874040e-03,0.0327473267,4,1500,250.8295,251.0698,solved,0
0.0038522494,0.0038522494,1.0766715382e-03,0.0328126734,4,1500,247.5079,247.7448,solved,0
0.0038541986,0.0038541986,1.0809829966e-03,0.0328783059,3,3275,550.9400,551.5830,solved,0
0.0038561466,0.0038561466,1.0853591091e-03,0.0329447888,3,5225,836.1429,836.4004,solved,0
0.0038580946,0.0038580946,1.0898094116e-03,0.0330122615,3,5300,801.9095,802.1750,solved,0
0.0038600426,0.0038600426,1.0943339042e-03,0.0330807180,3,5375,864.6923,864.9565,solved,0
0.0038619904,0.0038619904,1.0989321107e-03,0.0331501450,3,5425,783.4758,783.7281,solved,0
0.0038639371,0.0038639371,1.1036526617e-03,0.0332212682,2,13775,2092.5673,2092.8375,solved,0
0.0038658838,0.0038658838,1.1085583588e-03,0.0332950200,2,14425,2208.5794,2208.8683,solved,0
0.0038678304,0.0038678304,1.1136490418e-03,0.0333713806,2,14775,2198.7910,2199.0798,solved,0
0.0038697768,0.0038697768,1.1189244065e-03,0.0334503274,2,15125,2222.5589,2222.8511,solved,0
0.0038717235,0.0038717235,1.1243858222e-03,0.0335318628,2,15475,2326.7617,2327.0254,solved,0
0.0038736701,0.0038736701,1.1300321953e-03,0.0336159515,2,15800,2283.6847,2283.9121,solved,0
0.0038756168,0.0038756168,1.1358641059e-03,0.0337025831,2,16125,2481.9315,2482.2732,solved,0
0.0038775634,0.0038775634,1.1418809549e-03,0.0337917291,2,16425,2591.0279,2591.4253,solved,0
0.0038795098,0.0038795098,1.1480823904e-03,0.0338833645,2,16700,2382.7862,2383.0474,solved,0
0.0038814565,0.0038814565,1.1544700196e-03,0.0339774928,2,17000,2302.3513,2302.5815,solved,0
0.0038834031,0.0038834031,1.1610425587e-03,0.0340740746,2,17275,2362.0099,2362.2240,solved,0
0.0038853498,0.0038853498,1.1678006829e-03,0.0341730988,2,17550,2530.8894,2531.1255,solved,0
0.0038872962,0.0038872962,1.1747429750e-03,0.0342745237,2,17800,2613.9692,2614.2206,solved,0
0.0038892428,0.0038892428,1.1818712042e-03,0.0343783537,2,18050,2414.5245,2414.7549,solved,0
0.0038911895,0.0038911895,1.1891850470e-03,0.0344845624,2,18300,2466.8957,2467.1078,solved,0
0.0038931362,0.0038931362,1.1966841420e-03,0.0345931228,2,18550,2528.8152,2529.0208,solved,0
0.0038950828,0.0038950828,1.2043680898e-03,0.0347040068,2,18775,2637.2698,2637.4789,solved,0
0.0038970292,0.0038970292,1.2122364527e-03,0.0348171862,2,19000,2652.5163,2652.7743,solved,0
0.0038989759,0.0038989759,1.2202912664e-03,0.0349326676,2,19225,2723.0765,2723.3083,solved,0
0.0039009225,0.0039009225,1.2285309042e-03,0.0350504052,2,19450,2646.3801,2646.6246,solved,0
0.0039028692,0.0039028692,1.2369562128e-03,0.0351703883,2,19675,2660.4466,2660.7255,solved,0
0.0039048156,0.0039048156,1.2455654324e-03,0.0352925691,2,19875,2905.9203,2906.1602,solved,0
0.0039067622,0.0039067622,1.2543607603e-03,0.0354169558,2,84575,12392.7521,12393.2693,solved,1
0.0039087091,0.0039087091,1.2633427197e-03,0.0355435327,2,84775,12850.8413,12851.6002,solved,1
0.0039106555,0.0039106555,1.2725075913e-03,0.0356722244,2,84950,10671.4696,10671.8889,solved,1
0.0039126019,0.0039126019,1.2818576581e-03,0.0358030398,2,85150,11905.5253,11905.9826,solved,1
0.0039145488,0.0039145488,1.2913953932e-03,0.0359359902,2,85350,11649.2792,11649.6965,solved,1
0.0039164952,0.0039164952,1.3011158978e-03,0.0360709842,2,85525,11702.9712,11703.4930,solved,1
0.0039184417,0.0039184417,1.3110221112e-03,0.0362080393,2,85700,10875.8862,10876.3084,solved,1
0.0039203885,0.0039203885,1.3211151083e-03,0.0363471472,2,85875,11664.1548,11664.5797,solved,1
0.0039223349,0.0039223349,1.3313912459e-03,0.0364882343,2,86050,11942.9343,11943.4733,solved,1
0.0039242818,0.0039242818,1.3418552898e-03,0.0366313430,2,86225,11058.0508,11058.5949,solved,1
0.0039262282,0.0039262282,1.3525018652e-03,0.0367763765,2,86375,11206.2846,11206.7033,solved,1
0.0039281747,0.0039281747,1.3633341970e-03,0.0369233557,2,86550,11154.9196,11155.3568,solved,1
0.0039301216,0.0039301216,1.3743540260e-03,0.0370722811,2,86700,11051.6450,11052.2006,solved,1
0.0039320680,0.0039320680,1.3855562439e-03,0.0372230606,2,86875,11197.6706,11198.2082,solved,1
0.0039340148,0.0039340148,1.3969460162e-03,0.0373757410,2,87025,11404.5633,11405.2186,solved,1
0.0039359613,0.0039359613,1.4085192617e-03,0.0375302446,2,87175,11249.0561,11249.6538,solved,1
0.0039379077,0.0039379077,1.4202771126e-03,0.0376865641,2,87325,11533.4297,11533.9600,solved,1
0.0039398546,0.0039398546,1.4322232504e-03,0.0378447255,2,87475,11725.6999,11726.1580,solved,1
0.0039418010,0.0039418010,1.4443515391e-03,0.0380046252,2,87625,11184.8497,11185.2602,solved,1
0.0039437478,0.0039437478,1.4566675725e-03,0.0381663146,2,87750,11200.9414,11201.3584,solved,1
0.0039456943,0.0039456943,1.4691669365e-03,0.0383297135,2,87900,11184.4200,11184.8996,solved,1
0.0039476407,0.0039476407,1.4818508582e-03,0.0384948160,2,88050,11426.3487,11426.7939,solved,1
0.0039495876,0.0039495876,1.4947233046e-03,0.0386616516,2,88175,11374.9676,11375.4140,solved,1
0.0039515340,0.0039515340,1.5077776642e-03,0.0388301129,2,88300,11564.9746,11565.3941,solved,1
0.0039534804,0.0039534804,1.5210172189e-03,0.0390002208,2,88450,11337.5979,11338.0146,solved,1
0.0039554273,0.0039554273,1.5344454411e-03,0.0391719982,2,88575,11329.3427,11329.7715,solved,1
0.0039573737,0.0039573737,1.5480554336e-03,0.0393453356,2,88700,11347.0188,11347.4332,solved,1
0.0039593206,0.0039593206,1.5618541888e-03,0.0395203010,2,88825,11356.6751,11357.1001,solved,1
0.0039612670,0.0039612670,1.5758346191e-03,0.0396967835,2,88950,11362.7673,11363.2069,solved,1
0.0039632134,0.0039632134,1.5900002446e-03,0.0398748071,2,89075,11355.7072,11356.1723,solved,1
0.0039651603,0.0039651603,1.6043547756e-03,0.0400543977,2,89200,11365.2179,11365.6259,solved,1
0.0039671067,0.0039671067,1.6188908389e-03,0.0402354426,2,89325,11401.2291,11401.6484,solved,1
0.0039690536,0.0039690536,1.6336159028e-03,0.0404180146,2,89450,11446.1606,11446.6088,solved,1
0.0039710000,0.0039710000,1.6485224040e-03,0.0406020000,1,89575,11385.1835,11385.5961,solved,1
