target_return,return,variance,std_dev,n_held,iterations,osqp_time_ms,wall_time_ms,status,refined
0.0019368822,0.0019368822,1.2141308269e-04,0.0110187605,38,25,2.0122,2.1439,solved,0
0.0019405133,0.0019405133,1.2141323671e-04,0.0110187675,38,25,1.6576,1.7965,solved,0
0.0019441444,0.0019441444,1.2141370162e-04,0.0110187886,37,25,1.6344,1.7890,solved,0
0.0019477755,0.0019477755,1.2141448354e-04,0.0110188241,37,25,1.6295,1.7342,solved,0
0.0019514066,0.0019514066,1.2141558251e-04,0.0110188739,37,25,1.6290,1.7144,solved,0
0.0019550378,0.0019550378,1.2141699858e-04,0.0110189382,37,25,1.6341,1.7565,solved,0
0.0019586690,0.0019586690,1.2141873170e-04,0.0110190168,37,25,1.6591,1.7926,solved,0
0.0019623002,0.0019623002,1.2142078190e-04,0.0110191099,37,25,1.6401,1.7751,solved,0
0.0019659311,0.0019659311,1.2142314895e-04,0.0110192173,37,25,1.6232,1.7411,solved,0
0.0019695622,0.0019695622,1.2142583316e-04,0.0110193391,37,25,1.6238,1.7355,solved,0
0.0019731934,0.0019731934,1.2142883452e-04,0.0110194752,37,25,1.9927,2.1923,solved,0
0.0019768245,0.0019768245,1.2143215284e-04,0.0110196258,37,25,1.8801,2.1674,solved,0
0.0019804557,0.0019804557,1.2143578831e-04,0.0110197908,37,25,1.6504,1.8063,solved,0
0.0019840868,0.0019840868,1.2143974073e-04,0.0110199701,37,25,1.6923,1.8659,solved,0
0.0019877180,0.0019877180,1.2144401033e-04,0.0110201638,37,25,1.6423,1.7860,solved,0
0.0019913492,0.0019913492,1.2144859621e-04,0.0110203719,38,25,1.8464,2.1227,solved,0
0.0019949803,0.0019949803,1.2145348493e-04,0.0110205937,38,25,1.6469,1.7963,solved,0
0.0019986115,0.0019986115,1.2145867193e-04,0.0110208290,38,25,1.6597,1.8657,solved,0
0.0020022426,0.0020022426,1.2146415694e-04,0.0110210778,38,25,1.6966,1.8894,solved,0
0.0020058738,0.0020058738,1.2146994025e-04,0.0110213402,38,25,1.7091,1.8874,solved,0
0.0020095050,0.0020095050,1.2147602171e-04,0.0110216161,38,25,1.7223,1.8884,solved,0
0.0020131361,0.0020131361,1.2148240115e-04,0.0110219055,38,25,1.7517,1.9198,solved,0
0.0020167671,0.0020167671,1.2148907854e-04,0.0110222084,38,25,1.6559,1.8147,solved,0
0.0020203983,0.0020203983,1.2149605444e-04,0.0110225249,38,25,1.7979,1.9878,solved,0
0.0020240295,0.0020240295,1.2150332746e-04,0.0110228548,39,25,1.6849,1.8374,solved,0
0.0020276605,0.0020276605,1.2151088386e-04,0.0110231975,39,25,1.7465,1.9442,solved,0
0.0020312918,0.0020312918,1.2151872061e-04,0.0110235530,39,25,1.7433,1.9323,solved,0
0.0020349230,0.0020349230,1.2152683687e-04,0.0110239211,39,25,1.6935,1.8302,solved,0
0.0020385542,0.0020385542,1.2153523286e-04,0.0110243019,39,25,1.6243,1.7347,solved,0
0.0020421854,0.0020421854,1.2154390857e-04,0.0110246954,39,25,1.6596,1.7812,solved,0
0.0020458166,0.0020458166,1.2155286401e-04,0.0110251015,39,25,1.6319,1.7474,solved,0
0.0020494479,0.0020494479,1.2156209943e-04,0.0110255204,39,25,1.7783,1.9434,solved,0
0.0020530791,0.0020530791,1.2157161432e-04,0.0110259519,39,25,1.6565,1.8198,solved,0
0.0020567102,0.0020567102,1.2158140866e-04,0.0110263960,39,25,1.6561,1.8065,solved,0
0.0020603415,0.0020603415,1.2159148328e-04,0.0110268528,39,25,2.0553,2.3385,solved,0
0.0020639726,0.0020639726,1.2160183706e-04,0.0110273223,39,25,1.9029,2.1643,solved,0
0.0020676036,0.0020676036,1.2161247025e-04,0.0110278044,39,25,2.0331,2.2561,solved,0
0.0020712349,0.0020712349,1.2162338405e-04,0.0110282992,39,25,1.6660,1.8239,solved,0
0.0020748659,0.0020748659,1.2163457665e-04,0.0110288067,39,25,1.6559,1.7770,solved,0
0.0020784972,0.0020784972,1.2164604990e-04,0.0110293268,39,25,1.6205,1.7125,solved,0
0.0020821285,0.0020821285,1.2165780290e-04,0.0110298596,39,25,1.6243,1.7103,solved,0
0.0020857597,0.0020857597,1.2166983542e-04,0.0110304050,38,25,1.6284,1.7306,solved,0
0.0020893910,0.0020893910,1.2168216360e-04,0.0110309639,38,25,1.6111,1.7030,solved,0
0.0020930221,0.0020930221,1.2169479704e-04,0.0110315365,38,25,1.6193,1.7084,solved,0
0.0020966534,0.0020966534,1.2170773713e-04,0.0110321230,38,25,1.6821,1.8261,solved,0
0.0021002846,0.0021002846,1.2172098282e-04,0.0110327233,38,25,1.7024,1.8704,solved,0
0.0021039158,0.0021039158,1.2173453445e-04,0.0110333374,38,25,1.6618,1.8118,solved,0
0.0021075470,0.0021075470,1.2174839203e-04,0.0110339654,38,25,1.6220,1.7264,solved,0
0.0021111782,0.0021111782,1.2176255762e-04,0.0110346073,37,25,1.7288,1.8582,solved,0
0.0021148094,0.0021148094,1.2177704573e-04,0.0110352637,37,25,1.6312,1.7594,solved,0
0.0021184404,0.0021184404,1.2179185835e-04,0.0110359349,37,25,1.6441,1.7736,solved,0
0.0021220716,0.0021220716,1.2180699711e-04,0.0110366207,37,25,1.6321,1.7398,solved,0
0.0021257027,0.0021257027,1.2182246077e-04,0.0110373213,37,25,1.7078,1.8404,solved,0
0.0021293338,0.0021293338,1.2183824974e-04,0.0110380365,37,25,1.6186,1.7220,solved,0
0.0021329650,0.0021329650,1.2185436448e-04,0.0110387664,37,25,1.6219,1.7394,solved,0
0.0021365962,0.0021365962,1.2187080455e-04,0.0110395111,37,25,1.6707,1.8189,solved,0
0.0021402274,0.0021402274,1.2188756995e-04,0.0110402704,37,25,1.6613,1.8438,solved,0
0.0021438586,0.0021438586,1.2190466068e-04,0.0110410444,37,25,1.6616,1.8163,solved,0
0.0021474898,0.0021474898,1.2192207675e-04,0.0110418330,37,25,1.7384,1.8974,solved,0
0.0021511209,0.0021511209,1.2193981765e-04,0.0110426364,37,25,1.6725,1.7983,solved,0
0.0021547520,0.0021547520,1.2195790426e-04,0.0110434553,36,25,1.6981,1.7919,solved,0
0.0021583832,0.0021583832,1.2197635775e-04,0.0110442907,37,25,1.6093,1.7111,solved,0
0.0021620142,0.0021620142,1.2199516735e-04,0.0110451423,37,25,1.6004,1.6852,solved,0
0.0021656453,0.0021656453,1.2201433457e-04,0.0110460099,37,25,1.7752,1.9821,solved,0
0.0021692761,0.0021692761,1.2203385542e-04,0.0110468935,38,25,1.7640,1.9800,solved,0
0.0021729073,0.0021729073,1.2205373121e-04,0.0110477930,38,25,1.6978,1.8848,solved,0
0.0021765383,0.0021765383,1.2207395868e-04,0.0110487085,39,25,1.6291,1.7393,solved,0
0.0021801695,0.0021801695,1.2209454005e-04,0.0110496398,39,25,1.7435,1.8744,solved,0
0.0021838005,0.0021838005,1.2211547305e-04,0.0110505870,39,25,1.6508,1.7677,solved,0
0.0021874316,0.0021874316,1.2213675940e-04,0.0110515501,39,25,1.6286,1.7310,solved,0
0.0021910627,0.0021910627,1.2215839852e-04,0.0110525291,39,25,1.6598,1.7442,solved,0
0.0021946939,0.0021946939,1.2218039103e-04,0.0110535239,39,25,1.6089,1.6824,solved,0
0.0021983249,0.0021983249,1.2220273509e-04,0.0110545346,39,25,1.6323,1.7247,solved,0
0.0022019559,0.0022019559,1.2222543190e-04,0.0110555611,39,25,1.7177,1.9367,solved,0
0.0022055870,0.0022055870,1.2224848211e-04,0.0110566036,39,25,1.7200,1.9187,solved,0
0.0022092182,0.0022092182,1.2227188574e-04,0.0110576619,39,25,1.8635,2.0567,solved,0
0.0022128493,0.0022128493,1.2229564151e-04,0.0110587360,39,25,1.7187,1.8777,solved,0
0.0022164803,0.0022164803,1.2231973917e-04,0.0110598255,40,25,1.6730,1.8089,solved,0
0.0022201112,0.0022201112,1.2234415157e-04,0.0110609291,39,25,1.6969,1.8885,solved,0
0.0022237424,0.0022237424,1.2236888005e-04,0.0110620468,39,25,1.7180,1.8976,solved,0
0.0022273735,0.0022273735,1.2239392194e-04,0.0110631787,39,25,1.6327,1.7801,solved,0
0.0022310047,0.0022310047,1.2241927861e-04,0.0110643246,39,25,1.6075,1.7008,solved,0
0.0022346358,0.0022346358,1.2244494866e-04,0.0110654846,39,25,1.6332,1.7626,solved,0
0.0022382669,0.0022382669,1.2247093279e-04,0.0110666586,39,25,1.9475,2.3470,solved,0
0.0022418981,0.0022418981,1.2249723173e-04,0.0110678468,39,25,2.1174,2.3627,solved,0
0.0022455291,0.0022455291,1.2252384329e-04,0.0110690489,39,25,1.7151,1.9175,solved,0
0.0022491603,0.0022491603,1.2255077040e-04,0.0110702651,39,25,1.8051,2.0136,solved,0
0.0022527914,0.0022527914,1.2257801085e-04,0.0110714954,39,25,1.6678,1.8352,solved,0
0.0022564226,0.0022564226,1.2260556615e-04,0.0110727398,39,25,1.7288,1.9446,solved,0
0.0022600536,0.0022600536,1.2263343399e-04,0.0110739981,39,25,1.6692,1.8268,solved,0
0.0022636847,0.0022636847,1.2266161668e-04,0.0110752705,39,25,1.6245,1.7172,solved,0
0.0022673160,0.0022673160,1.2269011502e-04,0.0110765570,39,25,1.6159,1.7179,solved,0
0.0022709472,0.0022709472,1.2271892619e-04,0.0110778575,40,25,1.6168,1.6953,solved,0
0.0022745779,0.0022745779,1.2274803714e-04,0.0110791713,40,25,1.7611,1.9968,solved,0
0.0022782091,0.0022782091,1.2277745215e-04,0.0110804987,39,25,1.9172,2.1703,solved,0
0.0022818402,0.0022818402,1.2280716671e-04,0.0110818395,39,25,1.6773,1.8232,solved,0
0.0022854714,0.0022854714,1.2283718249e-04,0.0110831937,39,25,1.6823,1.8466,solved,0
0.0022891025,0.0022891025,1.2286749783e-04,0.0110845612,39,25,1.6666,1.7694,solved,0
0.0022927337,0.0022927337,1.2289811441e-04,0.0110859422,39,25,1.6690,1.8526,solved,0
0.0022963648,0.0022963648,1.2292903053e-04,0.0110873365,39,25,1.7042,1.8874,solved,0
0.0022999960,0.0022999960,1.2296024789e-04,0.0110887442,39,25,1.6441,1.7802,solved,0
0.0023036271,0.0023036271,1.2299176479e-04,0.0110901652,39,25,1.6494,1.7710,solved,0
0.0023072582,0.0023072582,1.2302358208e-04,0.0110915996,39,25,1.6853,1.8319,solved,0
0.0023108894,0.0023108894,1.2305570064e-04,0.0110930474,39,25,1.9029,2.1608,solved,0
0.0023145206,0.0023145206,1.2308811960e-04,0.0110945085,39,25,1.9997,2.2569,solved,0
0.0023181516,0.0023181516,1.2312083715e-04,0.0110959829,39,25,1.7793,2.0163,solved,0
0.0023217828,0.0023217828,1.2315385690e-04,0.0110974707,39,25,1.8404,2.0461,solved,0
0.0023254137,0.0023254137,1.2318717428e-04,0.0110989718,39,25,1.9297,2.2057,solved,0
0.0023290450,0.0023290450,1.2322079574e-04,0.0111004863,39,25,1.7521,1.9507,solved,0
0.0023326761,0.0023326761,1.2325471574e-04,0.0111020140,39,25,1.6749,1.8319,solved,0
0.0023363072,0.0023363072,1.2328893613e-04,0.0111035551,39,25,1.6557,1.7659,solved,0
0.0023399383,0.0023399383,1.2332345690e-04,0.0111051095,39,25,1.6393,1.7776,solved,0
0.0023435695,0.0023435695,1.2335827924e-04,0.0111066772,38,25,2.1540,2.3903,solved,0
0.0023472006,0.0023472006,1.2339340236e-04,0.0111082583,38,25,2.6071,2.8728,solved,0
0.0023508318,0.0023508318,1.2342882833e-04,0.0111098528,38,25,1.6918,1.8707,solved,0
0.0023544629,0.0023544629,1.2346455521e-04,0.0111114605,38,25,1.6963,1.8511,solved,0
0.0023580941,0.0023580941,1.2350058496e-04,0.0111130817,38,25,1.6696,1.8303,solved,0
0.0023617252,0.0023617252,1.2353691561e-04,0.0111147162,38,25,1.8983,2.2541,solved,0
0.0023653562,0.0023653562,1.2357354711e-04,0.0111163639,38,25,2.4114,2.7632,solved,0
0.0023689874,0.0023689874,1.2361048253e-04,0.0111180251,38,25,2.1890,2.5068,solved,0
0.0023726186,0.0023726186,1.2364771983e-04,0.0111196996,38,25,2.2065,2.4612,solved,0
0.0023762496,0.0023762496,1.2368525696e-04,0.0111213874,38,25,1.7446,1.9450,solved,0
0.0023798807,0.0023798807,1.2372309699e-04,0.0111230885,38,25,2.0400,2.2650,solved,0
0.0023835118,0.0023835118,1.2376123890e-04,0.0111248029,38,25,1.7164,1.9222,solved,0
0.0023871429,0.0023871429,1.2379968269e-04,0.0111265306,38,25,1.7342,1.9329,solved,0
0.0023907740,0.0023907740,1.2383842835e-04,0.0111282716,38,25,1.6579,1.7957,solved,0
0.0023944051,0.0023944051,1.2387747590e-04,0.0111300259,38,25,1.6644,1.8159,solved,0
0.0023980363,0.0023980363,1.2391682640e-04,0.0111317935,38,25,1.6847,1.8357,solved,0
0.0024016676,0.0024016676,1.2395647990e-04,0.0111335744,38,25,1.6662,1.7831,solved,0
0.0024052987,0.0024052987,1.2399643311e-04,0.0111353686,38,25,1.6148,1.7016,solved,0
0.0024089297,0.0024089297,1.2403668707e-04,0.0111371759,38,25,1.6161,1.6888,solved,0
0.0024125609,0.0024125609,1.2407724514e-04,0.0111389966,38,25,1.6393,1.7404,solved,0
0.0024161920,0.0024161920,1.2411810398e-04,0.0111408305,38,25,1.7678,1.9557,solved,0
0.0024198232,0.0024198232,1.2415926583e-04,0.0111426777,38,25,1.7558,1.9664,solved,0
0.0024234543,0.0024234543,1.2420072843e-04,0.0111445381,38,25,1.7725,1.9781,solved,0
0.0024270853,0.0024270853,1.2424249175e-04,0.0111464116,38,25,1.6721,1.8334,solved,0
0.0024307163,0.0024307163,1.2428455693e-04,0.0111482984,38,25,1.9590,2.2214,solved,0
0.0024343475,0.0024343475,1.2432692632e-04,0.0111501985,38,25,2.1609,2.4862,solved,0
0.0024379786,0.0024379786,1.2436959642e-04,0.0111521117,38,25,2.1858,2.3338,solved,0
0.0024416099,0.0024416099,1.2441257078e-04,0.0111540383,38,25,2.1446,2.2841,solved,0
0.0024452410,0.0024452410,1.2445584465e-04,0.0111559780,38,25,2.1686,2.3125,solved,0
0.0024488721,0.0024488721,1.2449942040e-04,0.0111579308,38,25,2.3113,2.5213,solved,0
0.0024525032,0.0024525032,1.2454329803e-04,0.0111598969,38,25,2.3361,2.5688,solved,0
0.0024561343,0.0024561343,1.2458747754e-04,0.0111618761,38,25,2.2566,2.4975,solved,0
0.0024597655,0.0024597655,1.2463196015e-04,0.0111638685,38,25,2.2065,2.5078,solved,0
0.0024633966,0.0024633966,1.2467674342e-04,0.0111658741,38,25,1.7594,1.9910,solved,0
0.0024670278,0.0024670278,1.2472182982e-04,0.0111678928,38,25,1.7524,1.9566,solved,0
0.0024706589,0.0024706589,1.2476721685e-04,0.0111699247,38,25,1.7216,1.9243,solved,0
0.0024742900,0.0024742900,1.2481290577e-04,0.0111719696,38,25,1.6372,1.7770,solved,0
0.0024779210,0.0024779210,1.2485889529e-04,0.0111740277,38,25,1.9080,2.2244,solved,0
0.0024815522,0.0024815522,1.2490518923e-04,0.0111760990,38,25,2.1787,2.4572,solved,0
0.0024851834,0.0024851834,1.2495178506e-04,0.0111781834,38,25,2.1160,2.4070,solved,0
0.0024888144,0.0024888144,1.2499868020e-04,0.0111802809,38,25,1.9672,2.2280,solved,0
0.0024924456,0.0024924456,1.2504587980e-04,0.0111823915,38,25,2.5749,3.0222,solved,0
0.0024960766,0.0024960766,1.2509337868e-04,0.0111845151,38,25,2.4874,2.7553,solved,0
0.0024997078,0.0024997078,1.2514118206e-04,0.0111866520,38,25,2.5153,2.7323,solved,0
0.0025033389,0.0025033389,1.2518928600e-04,0.0111888018,38,25,2.4740,2.6568,solved,0
0.0025069701,0.0025069701,1.2523769316e-04,0.0111909648,37,25,2.4967,2.6981,solved,0
0.0025106011,0.0025106011,1.2528641104e-04,0.0111931412,36,50,3.6291,3.8522,solved,0
0.0025142323,0.0025142323,1.2533546511e-04,0.0111953323,36,50,3.0667,3.2993,solved,0
0.0025178635,0.0025178635,1.2538485357e-04,0.0111975378,36,50,2.7151,2.9433,solved,0
0.0025214945,0.0025214945,1.2543457368e-04,0.0111997578,35,50,2.4132,2.5767,solved,0
0.0025251256,0.0025251256,1.2548462913e-04,0.0112019922,35,50,2.3838,2.5287,solved,0
0.0025287568,0.0025287568,1.2553501198e-04,0.0112042408,35,50,2.5391,2.8621,solved,0
0.0025323876,0.0025323876,1.2558571379e-04,0.0112065032,35,50,2.4603,2.6508,solved,0
0.0025360187,0.0025360187,1.2563674432e-04,0.0112087798,35,50,2.3598,2.4997,solved,0
0.0025396497,0.0025396497,1.2568809797e-04,0.0112110703,35,50,2.5263,2.6997,solved,0
0.0025432808,0.0025432808,1.2573977758e-04,0.0112133749,35,50,2.7212,2.9232,solved,0
0.0025469118,0.0025469118,1.2579178029e-04,0.0112156935,35,50,2.3982,2.5531,solved,0
0.0025505429,0.0025505429,1.2584410897e-04,0.0112180261,35,50,2.6312,2.8415,solved,0
0.0025541740,0.0025541740,1.2589676220e-04,0.0112203726,35,50,2.6687,2.9177,solved,0
0.0025578050,0.0025578050,1.2594973851e-04,0.0112227331,35,50,2.4476,2.6346,solved,0
0.0025614361,0.0025614361,1.2600304081e-04,0.0112251076,35,50,2.3773,2.5095,solved,0
0.0025650672,0.0025650672,1.2605666766e-04,0.0112274961,35,50,2.3846,2.5519,solved,0
0.0025686983,0.0025686983,1.2611061905e-04,0.0112298984,35,50,2.3828,2.5337,solved,0
0.0025723292,0.0025723292,1.2616489199e-04,0.0112323146,35,50,2.4533,2.6487,solved,0
0.0025759604,0.0025759604,1.2621949395e-04,0.0112347449,35,50,2.4576,2.6354,solved,0
0.0025795915,0.0025795915,1.2627441896e-04,0.0112371891,35,50,2.3679,2.5081,solved,0
0.0025832222,0.0025832222,1.2632966242e-04,0.0112396469,35,50,2.5528,2.7369,solved,0
0.0025868534,0.0025868534,1.2638523801e-04,0.0112421189,35,50,2.4102,2.5207,solved,0
0.0025904844,0.0025904844,1.2644113508e-04,0.0112446047,35,50,2.3810,2.4574,solved,0
0.0025941156,0.0025941156,1.2649735978e-04,0.0112471045,35,50,2.4083,2.5755,solved,0
0.0025977465,0.0025977465,1.2655390436e-04,0.0112496180,35,50,2.4854,2.6722,solved,0
0.0026013777,0.0026013777,1.2661077816e-04,0.0112521455,35,50,2.3616,2.5094,solved,0
0.0026050086,0.0026050086,1.2666797178e-04,0.0112546867,35,50,2.4438,2.6096,solved,0
0.0026086398,0.0026086398,1.2672549467e-04,0.0112572419,35,50,2.5929,2.7731,solved,0
0.0026122709,0.0026122709,1.2678334053e-04,0.0112598109,35,50,2.4811,2.6773,solved,0
0.0026159019,0.0026159019,1.2684150932e-04,0.0112623936,35,50,2.4138,2.6057,solved,0
0.0026195331,0.0026195331,1.2690000587e-04,0.0112649903,35,50,2.3696,2.5233,solved,0
0.0026231640,0.0026231640,1.2695882210e-04,0.0112676005,35,50,3.2232,3.4894,solved,0
0.0026267951,0.0026267951,1.2701796611e-04,0.0112702248,35,50,3.6235,3.8616,solved,0
0.0026304261,0.0026304261,1.2707743303e-04,0.0112728627,35,50,3.5506,3.8752,solved,0
0.0026340571,0.0026340571,1.2713722446e-04,0.0112755144,35,50,3.5448,3.9241,solved,0
0.0026376881,0.0026376881,1.2719734043e-04,0.0112781798,35,50,2.9467,3.1423,solved,0
0.0026413192,0.0026413192,1.2725778258e-04,0.0112808591,35,50,2.5343,2.7459,solved,0
0.0026449503,0.0026449503,1.2731854928e-04,0.0112835522,35,50,2.4177,2.5928,solved,0
0.0026485813,0.0026485813,1.2737963884e-04,0.0112862589,35,50,2.4016,2.5515,solved,0
0.0026522124,0.0026522124,1.2744105462e-04,0.0112889793,35,50,2.5249,2.7175,solved,0
0.0026558435,0.0026558435,1.2750279494e-04,0.0112917136,35,50,2.5008,2.6998,solved,0
0.0026594746,0.0026594746,1.2756485980e-04,0.0112944615,35,50,2.3489,2.5050,solved,0
0.0026631055,0.0026631055,1.2762724576e-04,0.0112972229,35,50,2.5037,2.7293,solved,0
0.0026667366,0.0026667366,1.2768995970e-04,0.0112999982,35,50,2.4533,2.6442,solved,0
0.0026703678,0.0026703678,1.2775299991e-04,0.0113027873,35,50,2.4828,2.7281,solved,0
0.0026739988,0.0026739988,1.2781636119e-04,0.0113055898,35,50,2.4663,2.7179,solved,0
0.0026776299,0.0026776299,1.2788004788e-04,0.0113084061,36,50,2.3807,2.4743,solved,0
0.0026812609,0.0026812609,1.2794404775e-04,0.0113112355,36,50,2.4102,2.6290,solved,0
0.0026848917,0.0026848917,1.2800835677e-04,0.0113140778,36,50,2.3777,2.5333,solved,0
0.0026885227,0.0026885227,1.2807298201e-04,0.0113169334,36,50,2.3474,2.4742,solved,0
0.0026921537,0.0026921537,1.2813791995e-04,0.0113198021,36,50,2.5080,2.7315,solved,0
0.0026957848,0.0026957848,1.2820317450e-04,0.0113226841,35,50,2.7399,2.9696,solved,0
0.0026994158,0.0026994158,1.2826874464e-04,0.0113255792,35,50,2.3887,2.5495,solved,0
0.0027030469,0.0027030469,1.2833463396e-04,0.0113284877,35,50,2.4214,2.5794,solved,0
0.0027066778,0.0027066778,1.2840083702e-04,0.0113314093,35,50,2.4994,2.6977,solved,0
0.0027103088,0.0027103088,1.2846736019e-04,0.0113343443,34,50,2.4042,2.5492,solved,0
0.0027139399,0.0027139399,1.2853420898e-04,0.0113372928,34,50,2.5730,2.7876,solved,0
0.0027175710,0.0027175710,1.2860138246e-04,0.0113402550,34,50,2.8236,3.1514,solved,0
0.0027212021,0.0027212021,1.2866888064e-04,0.0113432306,34,50,3.1543,3.4467,solved,0
0.0027248332,0.0027248332,1.2873670352e-04,0.0113462198,34,50,3.3141,3.6087,solved,0
0.0027284641,0.0027284641,1.2880484733e-04,0.0113492223,34,50,3.3819,4.2994,solved,0
0.0027320953,0.0027320953,1.2887332148e-04,0.0113522386,34,50,3.2875,3.6125,solved,0
0.0027357260,0.0027357260,1.2894210484e-04,0.0113552677,34,25,2.4478,2.7774,solved,0
0.0027393570,0.0027393570,1.2901120400e-04,0.0113583099,34,25,2.4609,2.7949,solved,0
0.0027429881,0.0027429881,1.2908061538e-04,0.0113613650,34,25,2.2280,2.4993,solved,0
0.0027466191,0.0027466191,1.2915033515e-04,0.0113644329,34,25,2.1559,2.3683,solved,0
0.0027502502,0.0027502502,1.2922036716e-04,0.0113675137,34,25,2.2501,2.5522,solved,0
0.0027538812,0.0027538812,1.2929070756e-04,0.0113706072,34,25,1.8443,2.1603,solved,0
0.0027575123,0.0027575123,1.2936136020e-04,0.0113737136,34,25,1.8992,2.1658,solved,0
0.0027611433,0.0027611433,1.2943232121e-04,0.0113768327,34,25,2.2081,2.4808,solved,0
0.0027647743,0.0027647743,1.2950359253e-04,0.0113799645,34,25,2.2055,2.4691,solved,0
0.0027684054,0.0027684054,1.2957517612e-04,0.0113831092,34,25,1.6926,1.8667,solved,0
0.0027720364,0.0027720364,1.2964706805e-04,0.0113862666,34,25,1.7554,1.9780,solved,0
0.0027756675,0.0027756675,1.2971927228e-04,0.0113894369,34,25,1.8943,2.1133,solved,0
0.0027792984,0.0027792984,1.2979178283e-04,0.0113926197,34,25,1.6483,1.7603,solved,0
0.0027829296,0.0027829296,1.2986460969e-04,0.0113958154,34,25,1.6886,1.7679,solved,0
0.0027865603,0.0027865603,1.2993773680e-04,0.0113990235,34,25,1.6222,1.7012,solved,0
0.0027901914,0.0027901914,1.3001118228e-04,0.0114022446,34,25,2.5983,2.8195,solved,0
0.0027938224,0.0027938224,1.3008493603e-04,0.0114054783,34,25,2.5174,2.7577,solved,0
0.0027974535,0.0027974535,1.3015900214e-04,0.0114087248,34,25,2.4960,2.7132,solved,0
0.0028010846,0.0028010846,1.3023337857e-04,0.0114119840,34,25,2.5815,2.8440,solved,0
0.0028047156,0.0028047156,1.3030806326e-04,0.0114152557,34,25,2.4887,2.6801,solved,0
0.0028083467,0.0028083467,1.3038306024e-04,0.0114185402,35,25,2.8194,3.0814,solved,0
0.0028119777,0.0028119777,1.3045836356e-04,0.0114218371,35,25,1.9947,2.4391,solved,0
0.0028156087,0.0028156087,1.3053397455e-04,0.0114251466,35,25,1.8073,2.0172,solved,0
0.0028192399,0.0028192399,1.3060989739e-04,0.0114284687,35,25,1.8299,2.0838,solved,0
0.0028228709,0.0028228709,1.3068612374e-04,0.0114318032,35,25,1.8197,2.0090,solved,0
0.0028265020,0.0028265020,1.3076265986e-04,0.0114351502,35,25,1.8192,1.9961,solved,0
0.0028301330,0.0028301330,1.3083950155e-04,0.0114385096,35,25,1.6757,1.8041,solved,0
0.0028337641,0.0028337641,1.3091665304e-04,0.0114418815,35,25,1.7479,1.9315,solved,0
0.0028373951,0.0028373951,1.3099411007e-04,0.0114452658,35,25,1.7726,1.9878,solved,0
0.0028410260,0.0028410260,1.3107187794e-04,0.0114486627,34,50,2.3930,2.5336,solved,0
0.0028446569,0.0028446569,1.3114995345e-04,0.0114520720,35,50,2.4906,2.6750,solved,0
0.0028482881,0.0028482881,1.3122832491e-04,0.0114554932,35,50,3.3445,3.6072,solved,0
0.0028519192,0.0028519192,1.3130698349e-04,0.0114589259,35,50,2.6110,2.7764,solved,0
0.0028555504,0.0028555504,1.3138593351e-04,0.0114623703,35,50,2.4834,2.6185,solved,0
0.0028591815,0.0028591815,1.3146517064e-04,0.0114658262,35,50,2.6734,2.8738,solved,0
0.0028628125,0.0028628125,1.3154469484e-04,0.0114692936,35,50,2.6580,2.8179,solved,0
0.0028664436,0.0028664436,1.3162451049e-04,0.0114727726,35,50,2.7063,2.8927,solved,0
0.0028700747,0.0028700747,1.3170461542e-04,0.0114762631,35,50,3.0776,3.3365,solved,0
0.0028737060,0.0028737060,1.3178501404e-04,0.0114797654,35,50,2.4643,2.6625,solved,0
0.0028773370,0.0028773370,1.3186569529e-04,0.0114832789,35,50,2.6246,2.9367,solved,0
0.0028809681,0.0028809681,1.3194666803e-04,0.0114868041,35,50,2.5029,2.6913,solved,0
0.0028845992,0.0028845992,1.3202793004e-04,0.0114903407,35,50,2.7002,3.0160,solved,0
0.0028882303,0.0028882303,1.3210948132e-04,0.0114938889,35,50,2.7352,2.9716,solved,0
0.0028918612,0.0028918612,1.3219131735e-04,0.0114974483,35,50,2.4566,2.6516,solved,0
0.0028954922,0.0028954922,1.3227344488e-04,0.0115010193,35,50,2.7533,3.0178,solved,0
0.0028991235,0.0028991235,1.3235586849e-04,0.0115046021,35,50,3.1563,3.5161,solved,0
0.0029027545,0.0029027545,1.3243857455e-04,0.0115081960,35,50,2.6932,2.9593,solved,0
0.0029063857,0.0029063857,1.3252157445e-04,0.0115118015,35,50,2.4233,2.5754,solved,0
0.0029100168,0.0029100168,1.3260486133e-04,0.0115154184,35,50,2.3606,2.4955,solved,0
0.0029136479,0.0029136479,1.3268843748e-04,0.0115190467,35,50,2.3433,2.4870,solved,0
0.0029172790,0.0029172790,1.3277230290e-04,0.0115226864,35,50,2.3659,2.5249,solved,0
0.0029209102,0.0029209102,1.3285645991e-04,0.0115263377,35,50,2.6284,2.8279,solved,0
0.0029245412,0.0029245412,1.3294090155e-04,0.0115300001,35,50,2.4546,2.7085,solved,0
0.0029281724,0.0029281724,1.3302563711e-04,0.0115336741,35,50,2.3983,2.5678,solved,0
0.0029318034,0.0029318034,1.3311065727e-04,0.0115373592,35,50,2.3989,2.5779,solved,0
0.0029354345,0.0029354345,1.3319596904e-04,0.0115410558,35,50,2.5227,2.7226,solved,0
0.0029390656,0.0029390656,1.3328157008e-04,0.0115447638,35,50,2.3666,2.5080,solved,0
0.0029426965,0.0029426965,1.3336745564e-04,0.0115484828,35,50,2.3877,2.5576,solved,0
0.0029463276,0.0029463276,1.3345363520e-04,0.0115522134,35,50,2.8801,3.1358,solved,0
0.0029499588,0.0029499588,1.3354010641e-04,0.0115559555,35,50,2.4903,2.7260,solved,0
0.0029535900,0.0029535900,1.3362686691e-04,0.0115597088,35,50,2.4275,2.5691,solved,0
0.0029572210,0.0029572210,1.3371391189e-04,0.0115634732,35,50,3.1435,3.4221,solved,0
0.0029608520,0.0029608520,1.3380124612e-04,0.0115672489,35,50,2.6618,2.8482,solved,0
0.0029644831,0.0029644831,1.3388887202e-04,0.0115710359,35,50,2.5740,2.7737,solved,0
0.0029681143,0.0029681143,1.3397678962e-04,0.0115748343,35,50,2.5340,2.7172,solved,0
0.0029717453,0.0029717453,1.3406499163e-04,0.0115786438,35,50,2.6586,2.8464,solved,0
0.0029753766,0.0029753766,1.3415349022e-04,0.0115824648,35,50,2.5472,2.7406,solved,0
0.0029790076,0.0029790076,1.3424227077e-04,0.0115862967,35,50,2.9148,3.1116,solved,0
0.0029826387,0.0029826387,1.3433134303e-04,0.0115901399,35,50,2.8535,3.0307,solved,0
0.0029862698,0.0029862698,1.3442070455e-04,0.0115939943,35,50,2.4555,2.6129,solved,0
0.0029899009,0.0029899009,1.3451035534e-04,0.0115978599,35,50,2.3571,2.4614,solved,0
0.0029935317,0.0029935317,1.3460028796e-04,0.0116017364,35,50,2.4129,2.5581,solved,0
0.0029971630,0.0029971630,1.3469052225e-04,0.0116056246,35,50,3.1375,3.3263,solved,0
0.0030007941,0.0030007941,1.3478104084e-04,0.0116095237,35,50,2.3961,2.5525,solved,0
0.0030044252,0.0030044252,1.3487184870e-04,0.0116134340,35,50,2.3426,2.4627,solved,0
0.0030080563,0.0030080563,1.3496294584e-04,0.0116173554,35,50,2.4819,2.6614,solved,0
0.0030116874,0.0030116874,1.3505433224e-04,0.0116212879,35,50,2.4270,2.6239,solved,0
0.0030153184,0.0030153184,1.3514600538e-04,0.0116252314,35,50,2.3855,2.5384,solved,0
0.0030189496,0.0030189496,1.3523797316e-04,0.0116291863,34,50,2.7559,3.0041,solved,0
0.0030225807,0.0030225807,1.3533023970e-04,0.0116331526,34,50,2.4980,2.7054,solved,0
0.0030262118,0.0030262118,1.3542281338e-04,0.0116371308,34,50,2.4091,2.5922,solved,0
0.0030298430,0.0030298430,1.3551569678e-04,0.0116411209,34,50,2.4570,2.6557,solved,0
0.0030334739,0.0030334739,1.3560887962e-04,0.0116451226,34,50,2.4701,2.6590,solved,0
0.0030371051,0.0030371051,1.3570237732e-04,0.0116491363,34,50,2.4471,2.7651,solved,0
0.0030407362,0.0030407362,1.3579617960e-04,0.0116531618,34,50,2.4220,2.6299,solved,0
0.0030443670,0.0030443670,1.3589028124e-04,0.0116571987,34,50,2.4058,2.5720,solved,0
0.0030479980,0.0030479980,1.3598469662e-04,0.0116612476,33,50,2.8206,3.0252,solved,0
0.0030516292,0.0030516292,1.3607942962e-04,0.0116653088,33,50,2.4035,2.5639,solved,0
0.0030552603,0.0030552603,1.3617447263e-04,0.0116693818,33,50,2.4088,2.5757,solved,0
0.0030588913,0.0030588913,1.3626982563e-04,0.0116734667,33,50,2.4989,2.7338,solved,0
0.0030625224,0.0030625224,1.3636549387e-04,0.0116775637,33,50,2.4596,2.6931,solved,0
0.0030661535,0.0030661535,1.3646147473e-04,0.0116816726,33,50,2.4763,2.7120,solved,0
0.0030697846,0.0030697846,1.3655776821e-04,0.0116857934,33,50,2.4706,2.6601,solved,0
0.0030734157,0.0030734157,1.3665437431e-04,0.0116899262,33,50,2.4858,2.6823,solved,0
0.0030770468,0.0030770468,1.3675129396e-04,0.0116940709,32,50,2.4728,2.6728,solved,0
0.0030806777,0.0030806777,1.3684855094e-04,0.0116982285,32,50,2.4405,2.6703,solved,0
0.0030843088,0.0030843088,1.3694616979e-04,0.0117024002,32,50,2.7332,2.9438,solved,0
0.0030879397,0.0030879397,1.3704413975e-04,0.0117065853,32,50,2.4599,2.6598,solved,0
0.0030915709,0.0030915709,1.3714247432e-04,0.0117107845,32,50,2.4335,2.6151,solved,0
0.0030952017,0.0030952017,1.3724115455e-04,0.0117149970,32,50,2.4425,2.6430,solved,0
0.0030988328,0.0030988328,1.3734019942e-04,0.0117192235,32,50,2.3530,2.4890,solved,0
0.0031024638,0.0031024638,1.3743959807e-04,0.0117234636,32,50,2.6120,2.8533,solved,0
0.0031060948,0.0031060948,1.3753935322e-04,0.0117277173,32,50,2.4412,2.6495,solved,0
0.0031097260,0.0031097260,1.3763947039e-04,0.0117319849,32,50,2.4201,2.6304,solved,0
0.0031133569,0.0031133569,1.3773993579e-04,0.0117362658,32,50,2.5190,2.7212,solved,0
0.0031169880,0.0031169880,1.3784076322e-04,0.0117405606,32,50,2.3896,2.5526,solved,0
0.0031206191,0.0031206191,1.3794194717e-04,0.0117448690,32,50,2.5522,3.0365,solved,0
0.0031242501,0.0031242501,1.3804348483e-04,0.0117491908,32,50,2.4729,2.6777,solved,0
0.0031278812,0.0031278812,1.3814538181e-04,0.0117535264,32,50,2.5274,2.7643,solved,0
0.0031315122,0.0031315122,1.3824763248e-04,0.0117578753,32,50,2.3974,2.5371,solved,0
0.0031351433,0.0031351433,1.3835024248e-04,0.0117622380,32,50,2.3668,2.5034,solved,0
0.0031387742,0.0031387742,1.3845320331e-04,0.0117666139,32,50,2.5095,2.6961,solved,0
0.0031424053,0.0031424053,1.3855652633e-04,0.0117710036,32,50,2.4107,2.5726,solved,0
0.0031460365,0.0031460365,1.3866020872e-04,0.0117754069,32,50,2.4115,2.5786,solved,0
0.0031496672,0.0031496672,1.3876423329e-04,0.0117798231,32,50,2.3243,2.4142,solved,0
0.0031532982,0.0031532982,1.3886862295e-04,0.0117842532,32,50,2.6380,2.8419,solved,0
0.0031569293,0.0031569293,1.3897337199e-04,0.0117886968,32,50,2.3915,2.5358,solved,0
0.0031605604,0.0031605604,1.3907847755e-04,0.0117931538,32,50,2.3482,2.4527,solved,0
0.0031641913,0.0031641913,1.3918393381e-04,0.0117976241,32,50,2.3823,2.5309,solved,0
0.0031678225,0.0031678225,1.3928975530e-04,0.0118021081,32,50,3.3691,3.5736,solved,0
0.0031714534,0.0031714534,1.3939592455e-04,0.0118066051,32,50,3.6402,3.8802,solved,0
0.0031750845,0.0031750845,1.3950245615e-04,0.0118111158,32,50,3.6311,3.8891,solved,0
0.0031787156,0.0031787156,1.3960934426e-04,0.0118156398,32,50,3.5764,3.7969,solved,0
0.0031823466,0.0031823466,1.3971658594e-04,0.0118201771,32,50,3.6043,3.8226,solved,0
0.0031859777,0.0031859777,1.3982418708e-04,0.0118247278,32,50,3.5841,3.8300,solved,0
0.0031896086,0.0031896086,1.3993213878e-04,0.0118292916,32,50,3.6681,3.8701,solved,0
0.0031932398,0.0031932398,1.4004045592e-04,0.0118338690,32,50,3.5807,3.8434,solved,0
0.0031968707,0.0031968707,1.4014912060e-04,0.0118384594,32,50,3.5874,3.8274,solved,0
0.0032005016,0.0032005016,1.4025814177e-04,0.0118430630,32,50,2.5403,2.7637,solved,0
0.0032041326,0.0032041326,1.4036752243e-04,0.0118476800,32,50,2.5020,2.6775,solved,0
0.0032077637,0.0032077637,1.4047726261e-04,0.0118523104,32,50,2.3646,2.5379,solved,0
0.0032113947,0.0032113947,1.4058735628e-04,0.0118569539,32,50,2.8219,3.0732,solved,0
0.0032150258,0.0032150258,1.4069780948e-04,0.0118616107,32,50,2.8082,3.0268,solved,0
0.0032186569,0.0032186569,1.4080861921e-04,0.0118662808,32,50,2.5751,2.8113,solved,0
0.0032222879,0.0032222879,1.4091978239e-04,0.0118709638,32,50,2.3767,2.5323,solved,0
0.0032259190,0.0032259190,1.4103130513e-04,0.0118756602,32,50,2.3738,2.5218,solved,0
0.0032295499,0.0032295499,1.4114317823e-04,0.0118803694,32,50,2.8726,3.1269,solved,0
0.0032331811,0.0032331811,1.4125541709e-04,0.0118850922,32,50,2.4538,2.7197,solved,0
0.0032368122,0.0032368122,1.4136800938e-04,0.0118898280,32,50,2.5739,2.8784,solved,0
0.0032404430,0.0032404430,1.4148094884e-04,0.0118945764,32,50,2.3874,2.5377,solved,0
0.0032440741,0.0032440741,1.4159425414e-04,0.0118993384,32,50,2.5819,2.7581,solved,0
0.0032477051,0.0032477051,1.4170791282e-04,0.0119041133,32,50,2.4911,2.7159,solved,0
0.0032513361,0.0032513361,1.4182192799e-04,0.0119089012,32,50,2.5506,2.7749,solved,0
0.0032549670,0.0032549670,1.4193629651e-04,0.0119137020,32,50,2.6120,2.8904,solved,0
0.0032585981,0.0032585981,1.4205102783e-04,0.0119185162,32,50,2.4849,2.6556,solved,0
0.0032622292,0.0032622292,1.4216611568e-04,0.0119233433,32,50,2.3466,2.4551,solved,0
0.0032658602,0.0032658602,1.4228155685e-04,0.0119281833,32,50,2.4189,2.6185,solved,0
0.0032694913,0.0032694913,1.4239735772e-04,0.0119330364,32,50,2.5384,2.7430,solved,0
0.0032731222,0.0032731222,1.4251350869e-04,0.0119379022,32,50,2.5087,2.8171,solved,0
0.0032767533,0.0032767533,1.4263002257e-04,0.0119427812,32,50,2.5131,2.6915,solved,0
0.0032803843,0.0032803843,1.4274688975e-04,0.0119476730,32,50,2.3371,2.4388,solved,0
0.0032840154,0.0032840154,1.4286411665e-04,0.0119525778,32,50,2.4189,2.5537,solved,0
0.0032876463,0.0032876463,1.4298169359e-04,0.0119574953,32,50,2.6392,2.8666,solved,0
0.0032912775,0.0032912775,1.4309963676e-04,0.0119624260,32,50,2.6538,2.8793,solved,0
0.0032949087,0.0032949087,1.4321793647e-04,0.0119673697,32,50,2.5557,2.8133,solved,0
0.0032985396,0.0032985396,1.4333658290e-04,0.0119723257,32,50,2.4935,2.6908,solved,0
0.0033021705,0.0033021705,1.4345558581e-04,0.0119772946,32,50,2.4796,2.6702,solved,0
0.0033058014,0.0033058014,1.4357494519e-04,0.0119822763,32,50,2.6277,2.8732,solved,0
0.0033094325,0.0033094325,1.4369466766e-04,0.0119872711,32,50,2.4966,2.6952,solved,0
0.0033130635,0.0033130635,1.4381474333e-04,0.0119922785,32,50,2.4212,2.5817,solved,0
0.0033166946,0.0033166946,1.4393517882e-04,0.0119972988,32,50,2.4199,2.5528,solved,0
0.0033203257,0.0033203257,1.4405597083e-04,0.0120023319,32,50,2.4337,2.6170,solved,0
0.0033239566,0.0033239566,1.4417711267e-04,0.0120073774,32,50,2.5876,2.7913,solved,0
0.0033275878,0.0033275878,1.4429862105e-04,0.0120124361,32,50,2.5668,2.7552,solved,0
0.0033312187,0.0033312187,1.4442047587e-04,0.0120175071,32,50,2.3493,2.4628,solved,0
0.0033348498,0.0033348498,1.4454269392e-04,0.0120225910,32,50,2.5021,2.6758,solved,0
0.0033384807,0.0033384807,1.4466526172e-04,0.0120276873,32,50,2.6177,2.8294,solved,0
0.0033421119,0.0033421119,1.4478819617e-04,0.0120327967,32,50,2.4939,2.6880,solved,0
0.0033457429,0.0033457429,1.4491148036e-04,0.0120379184,32,50,2.8513,3.1911,solved,0
0.0033493740,0.0033493740,1.4503512446e-04,0.0120430530,32,50,2.5800,2.7580,solved,0
0.0033530048,0.0033530048,1.4515911520e-04,0.0120481997,31,50,2.5287,2.7583,solved,0
0.0033566358,0.0033566358,1.4528347385e-04,0.0120533594,31,50,3.1479,3.4739,solved,0
0.0033602668,0.0033602668,1.4540819674e-04,0.0120585321,30,50,2.6303,2.9798,solved,0
0.0033638978,0.0033638978,1.4553332630e-04,0.0120637194,30,50,2.4159,2.5934,solved,0
0.0033675287,0.0033675287,1.4565887615e-04,0.0120689219,30,50,2.3738,2.5144,solved,0
0.0033711597,0.0033711597,1.4578485322e-04,0.0120741399,30,50,2.4137,2.5912,solved,0
0.0033747905,0.0033747905,1.4591124708e-04,0.0120793728,30,50,2.4924,2.6487,solved,0
0.0033784215,0.0033784215,1.4603807165e-04,0.0120846213,30,50,2.3755,2.5145,solved,0
0.0033820524,0.0033820524,1.4616531647e-04,0.0120898849,30,50,2.4017,2.5512,solved,0
0.0033856832,0.0033856832,1.4629298151e-04,0.0120951636,30,50,2.4938,2.6702,solved,0
0.0033893142,0.0033893142,1.4642107733e-04,0.0121004577,30,50,2.4774,2.7439,solved,0
0.0033929452,0.0033929452,1.4654959692e-04,0.0121057671,30,50,2.3676,2.4683,solved,0
0.0033965760,0.0033965760,1.4667853315e-04,0.0121110913,30,50,2.5993,2.8345,solved,0
0.0034002071,0.0034002071,1.4680790212e-04,0.0121164311,31,50,2.8033,3.0198,solved,0
0.0034038380,0.0034038380,1.4693767823e-04,0.0121217853,31,50,2.4839,2.6778,solved,0
0.0034074687,0.0034074687,1.4706786041e-04,0.0121271538,31,50,2.5094,2.6934,solved,0
0.0034110996,0.0034110996,1.4719846300e-04,0.0121325374,31,50,2.7301,2.9875,solved,0
0.0034147307,0.0034147307,1.4732948606e-04,0.0121379358,31,50,2.6247,2.8281,solved,0
0.0034183616,0.0034183616,1.4746091517e-04,0.0121433486,31,50,2.4447,2.6304,solved,0
0.0034219925,0.0034219925,1.4759275753e-04,0.0121487760,31,50,2.5209,2.7329,solved,0
0.0034256234,0.0034256234,1.4772501314e-04,0.0121542179,31,50,2.4580,2.6957,solved,0
0.0034292545,0.0034292545,1.4785768932e-04,0.0121596747,31,50,2.6548,2.8585,solved,0
0.0034328855,0.0034328855,1.4799077512e-04,0.0121651459,31,50,2.4170,2.5850,solved,0
0.0034365164,0.0034365164,1.4812427052e-04,0.0121706315,31,50,2.7020,3.0157,solved,0
0.0034401473,0.0034401473,1.4825818335e-04,0.0121761317,30,50,3.1291,3.3857,solved,0
0.0034437783,0.0034437783,1.4839253839e-04,0.0121816476,30,50,3.0848,3.3862,solved,0
0.0034474094,0.0034474094,1.4852733858e-04,0.0121871793,30,50,3.2462,3.5118,solved,0
0.0034510404,0.0034510404,1.4866257649e-04,0.0121927264,30,50,2.9971,3.2264,solved,0
0.0034546715,0.0034546715,1.4879825958e-04,0.0121982892,30,50,2.4854,2.6816,solved,0
0.0034583024,0.0034583024,1.4893437661e-04,0.0122038673,30,50,2.7031,2.9962,solved,0
0.0034619333,0.0034619333,1.4907093504e-04,0.0122094609,30,50,2.4970,2.6991,solved,0
0.0034655642,0.0034655642,1.4920793489e-04,0.0122150700,30,50,2.5062,2.7109,solved,0
0.0034691953,0.0034691953,1.4934538372e-04,0.0122206949,30,50,2.8285,3.1197,solved,0
0.0034728264,0.0034728264,1.4948327401e-04,0.0122263353,30,50,3.7164,4.0641,solved,0
0.0034764574,0.0034764574,1.4962160193e-04,0.0122319909,30,50,2.4407,2.6305,solved,0
0.0034800885,0.0034800885,1.4976037512e-04,0.0122376622,30,50,2.5283,2.7526,solved,0
0.0034837195,0.0034837195,1.4989958592e-04,0.0122433486,30,50,2.8470,3.1124,solved,0
0.0034873504,0.0034873504,1.5003923430e-04,0.0122490503,30,50,3.1090,3.5113,solved,0
0.0034909815,0.0034909815,1.5017933181e-04,0.0122547677,30,50,2.7207,2.9417,solved,0
0.0034946125,0.0034946125,1.5031986690e-04,0.0122605003,30,50,2.7972,3.0601,solved,0
0.0034982436,0.0034982436,1.5046084731e-04,0.0122662483,30,50,2.4362,2.6147,solved,0
0.0035018746,0.0035018746,1.5060226528e-04,0.0122720115,30,50,2.4380,2.6281,solved,0
0.0035055057,0.0035055057,1.5074412858e-04,0.0122777901,30,50,3.0771,3.3791,solved,0
0.0035091363,0.0035091363,1.5088641372e-04,0.0122835831,30,50,3.6696,4.0569,solved,0
0.0035127674,0.0035127674,1.5102915988e-04,0.0122893922,30,50,3.8336,4.5702,solved,0
0.0035163985,0.0035163985,1.5117234749e-04,0.0122952164,30,50,3.3982,3.7208,solved,0
0.0035200295,0.0035200295,1.5131597260e-04,0.0123010558,30,50,2.8993,3.1745,solved,0
0.0035236606,0.0035236606,1.5146004311e-04,0.0123069104,30,50,2.6949,2.9431,solved,0
0.0035272916,0.0035272916,1.5160455108e-04,0.0123127800,30,50,2.9589,3.3000,solved,0
0.0035309226,0.0035309226,1.5174950049e-04,0.0123186647,30,50,3.1773,3.7055,solved,0
0.0035345535,0.0035345535,1.5189488732e-04,0.0123245644,30,50,3.2722,3.5844,solved,0
0.0035381845,0.0035381845,1.5204071958e-04,0.0123304793,30,50,3.8236,4.0232,solved,0
0.0035418156,0.0035418156,1.5218699731e-04,0.0123364094,30,50,3.9095,4.1628,solved,0
0.0035454466,0.0035454466,1.5233371244e-04,0.0123423544,30,50,3.0468,3.3740,solved,0
0.0035490777,0.0035490777,1.5248087306e-04,0.0123483146,30,50,2.6746,2.9240,solved,0
0.0035527088,0.0035527088,1.5262847513e-04,0.0123542897,30,50,3.0585,3.3060,solved,0
0.0035563398,0.0035563398,1.5277651458e-04,0.0123602797,30,50,2.5812,2.8344,solved,0
0.0035599704,0.0035599704,1.5292497908e-04,0.0123662840,30,50,3.1255,3.3745,solved,0
0.0035636015,0.0035636015,1.5307390545e-04,0.0123723040,30,50,2.4474,2.7093,solved,0
0.0035672326,0.0035672326,1.5322327327e-04,0.0123783389,30,50,2.4402,2.6584,solved,0
0.0035708636,0.0035708636,1.5337307842e-04,0.0123843885,30,50,2.9151,3.2274,solved,0
0.0035744947,0.0035744947,1.5352332914e-04,0.0123904531,30,50,2.7135,2.9552,solved,0
0.0035781257,0.0035781257,1.5367401716e-04,0.0123965325,30,50,2.7185,2.9368,solved,0
0.0035817567,0.0035817567,1.5382513852e-04,0.0124026263,31,50,2.4312,2.6664,solved,0
0.0035853876,0.0035853876,1.5397667218e-04,0.0124087337,31,50,2.9041,3.2232,solved,0
0.0035890185,0.0035890185,1.5412862175e-04,0.0124148549,31,50,2.6408,2.8480,solved,0
0.0035926497,0.0035926497,1.5428099985e-04,0.0124209903,31,50,2.4857,2.6569,solved,0
0.0035962807,0.0035962807,1.5443378550e-04,0.0124271391,31,50,2.4268,2.5643,solved,0
0.0035999115,0.0035999115,1.5458697864e-04,0.0124333012,31,50,2.4012,2.5575,solved,0
0.0036035425,0.0036035425,1.5474059614e-04,0.0124394773,31,50,2.5753,2.7726,solved,0
0.0036071734,0.0036071734,1.5489462533e-04,0.0124456669,31,50,2.5096,2.7957,solved,0
0.0036108041,0.0036108041,1.5504906192e-04,0.0124518698,31,50,2.4697,2.6093,solved,0
0.0036144353,0.0036144353,1.5520393574e-04,0.0124580872,31,50,2.5473,2.7672,solved,0
0.0036180663,0.0036180663,1.5535921697e-04,0.0124643177,31,50,2.8269,3.0510,solved,0
0.0036216971,0.0036216971,1.5551490555e-04,0.0124705616,31,50,2.4317,2.6401,solved,0
0.0036253281,0.0036253281,1.5567101864e-04,0.0124768193,31,50,2.4404,2.5836,solved,0
0.0036289590,0.0036289590,1.5582754334e-04,0.0124830903,31,50,2.6486,2.8869,solved,0
0.0036325901,0.0036325901,1.5598449262e-04,0.0124893752,31,50,2.4765,2.7167,solved,0
0.0036362211,0.0036362211,1.5614185352e-04,0.0124956734,31,50,2.4866,2.6664,solved,0
0.0036398520,0.0036398520,1.5629962601e-04,0.0125019849,31,50,2.5687,2.8088,solved,0
0.0036434829,0.0036434829,1.5645781441e-04,0.0125083098,31,50,2.6420,2.9319,solved,0
0.0036471141,0.0036471141,1.5661643185e-04,0.0125146487,31,50,2.6243,2.8940,solved,0
0.0036507450,0.0036507450,1.5677545211e-04,0.0125210004,31,50,2.7802,3.0701,solved,0
0.0036543760,0.0036543760,1.5693489269e-04,0.0125273658,31,50,2.6840,2.9244,solved,0
0.0036580069,0.0036580069,1.5709474480e-04,0.0125337442,31,50,2.4174,2.6204,solved,0
0.0036616376,0.0036616376,1.5725500398e-04,0.0125401357,31,50,2.3457,2.4567,solved,0
0.0036652688,0.0036652688,1.5741570119e-04,0.0125465414,31,50,3.2133,3.5610,solved,0
0.0036688997,0.0036688997,1.5757680113e-04,0.0125529599,30,50,2.7764,3.0150,solved,0
0.0036725304,0.0036725304,1.5773831060e-04,0.0125593913,30,50,2.4445,2.5770,solved,0
0.0036761615,0.0036761615,1.5790025748e-04,0.0125658369,30,50,3.2669,3.5721,solved,0
0.0036797926,0.0036797926,1.5806262401e-04,0.0125722959,30,50,2.6826,2.9452,solved,0
0.0036834235,0.0036834235,1.5822540120e-04,0.0125787679,30,50,2.4311,2.6015,solved,0
0.0036870543,0.0036870543,1.5838859350e-04,0.0125852530,30,50,2.4293,2.6359,solved,0
0.0036906853,0.0036906853,1.5855221439e-04,0.0125917518,30,50,2.5854,2.7842,solved,0
0.0036943164,0.0036943164,1.5871625943e-04,0.0125982641,30,50,2.3655,2.4824,solved,0
0.0036979474,0.0036979474,1.5888071958e-04,0.0126047895,30,50,2.3358,2.4153,solved,0
0.0037015782,0.0037015782,1.5904559025e-04,0.0126113279,30,50,2.3897,2.5351,solved,0
0.0037052091,0.0037052091,1.5921088506e-04,0.0126178796,30,50,2.6832,2.8854,solved,0
0.0037088401,0.0037088401,1.5937660404e-04,0.0126244447,30,50,2.4194,2.6419,solved,0
0.0037124711,0.0037124711,1.5954274263e-04,0.0126310230,30,50,2.3675,2.4855,solved,0
0.0037161018,0.0037161018,1.5970928707e-04,0.0126376140,30,50,2.3647,2.4841,solved,0
0.0037197328,0.0037197328,1.5987626488e-04,0.0126442186,30,50,2.4800,2.6620,solved,0
0.0037233638,0.0037233638,1.6004366231e-04,0.0126508364,30,50,2.4149,2.5940,solved,0
0.0037269946,0.0037269946,1.6021147010e-04,0.0126574670,30,50,3.5026,3.7194,solved,0
0.0037306256,0.0037306256,1.6037970675e-04,0.0126641110,30,50,3.4459,3.6613,solved,0
0.0037342567,0.0037342567,1.6054836767e-04,0.0126707682,30,50,2.5565,2.7103,solved,0
0.0037378876,0.0037378876,1.6071743891e-04,0.0126774382,30,50,2.3788,2.5134,solved,0
0.0037415184,0.0037415184,1.6088692507e-04,0.0126841210,30,50,2.3923,2.5421,solved,0
0.0037451494,0.0037451494,1.6105684019e-04,0.0126908172,30,50,2.4212,2.5898,solved,0
0.0037487804,0.0037487804,1.6122717492e-04,0.0126975263,30,50,2.4439,2.5602,solved,0
0.0037524115,0.0037524115,1.6139793398e-04,0.0127042487,30,50,2.3455,2.4384,solved,0
0.0037560422,0.0037560422,1.6156909380e-04,0.0127109832,30,50,2.3577,2.4463,solved,0
0.0037596733,0.0037596733,1.6174069211e-04,0.0127177314,30,50,2.3366,2.4309,solved,0
0.0037633043,0.0037633043,1.6191270532e-04,0.0127244923,30,50,2.3441,2.4298,solved,0
0.0037669351,0.0037669351,1.6208512863e-04,0.0127312658,30,50,2.3913,2.4958,solved,0
0.0037705659,0.0037705659,1.6225797153e-04,0.0127380521,30,50,2.3978,2.5455,solved,0
0.0037741969,0.0037741969,1.6243124355e-04,0.0127448516,30,50,2.3694,2.5236,solved,0
0.0037778278,0.0037778278,1.6260493041e-04,0.0127516638,30,50,2.3213,2.4139,solved,0
0.0037814589,0.0037814589,1.6277904646e-04,0.0127584892,30,50,2.3454,2.4490,solved,0
0.0037850896,0.0037850896,1.6295356292e-04,0.0127653266,30,50,2.3548,2.4620,solved,0
0.0037887207,0.0037887207,1.6312851821e-04,0.0127721775,30,50,2.4139,2.5394,solved,0
0.0037923519,0.0037923519,1.6330389798e-04,0.0127790414,31,50,2.3910,2.4914,solved,0
0.0037959825,0.0037959825,1.6347966596e-04,0.0127859167,31,50,2.3217,2.4139,solved,0
0.0037996135,0.0037996135,1.6365586876e-04,0.0127928054,31,50,2.3648,2.4859,solved,0
0.0038032445,0.0038032445,1.6383248704e-04,0.0127997065,31,50,2.3676,2.4983,solved,0
0.0038068754,0.0038068754,1.6400951592e-04,0.0128066200,31,50,2.3382,2.4334,solved,0
0.0038105064,0.0038105064,1.6418696515e-04,0.0128135462,31,50,2.3488,2.4904,solved,0
0.0038141374,0.0038141374,1.6436482987e-04,0.0128204848,31,50,2.5216,2.6834,solved,0
0.0038177682,0.0038177682,1.6454310023e-04,0.0128274355,31,50,2.3191,2.4140,solved,0
0.0038213990,0.0038213990,1.6472178604e-04,0.0128343985,31,50,2.3134,2.3886,solved,0
0.0038250299,0.0038250299,1.6490089221e-04,0.0128413742,31,50,2.3228,2.4041,solved,0
0.0038286609,0.0038286609,1.6508041880e-04,0.0128483625,31,50,2.3208,2.4078,solved,0
0.0038322918,0.0038322918,1.6526035590e-04,0.0128553629,31,50,2.3144,2.3868,solved,0
0.0038359228,0.0038359228,1.6544071344e-04,0.0128623759,31,50,2.3807,2.5028,solved,0
0.0038395538,0.0038395538,1.6562148646e-04,0.0128694012,31,50,2.3778,2.5275,solved,0
0.0038431847,0.0038431847,1.6580266997e-04,0.0128764386,31,50,2.3255,2.4327,solved,0
0.0038468157,0.0038468157,1.6598427458e-04,0.0128834884,30,50,2.3198,2.3950,solved,0
0.0038504467,0.0038504467,1.6616629992e-04,0.0128905508,30,50,2.3203,2.3934,solved,0
0.0038540776,0.0038540776,1.6634874189e-04,0.0128976254,30,50,2.3341,2.4078,solved,0
0.0038577086,0.0038577086,1.6653161055e-04,0.0129047127,30,50,2.3854,2.4602,solved,0
0.0038613396,0.0038613396,1.6671490086e-04,0.0129118125,30,50,2.3456,2.4203,solved,0
0.0038649705,0.0038649705,1.6689860777e-04,0.0129189244,30,50,2.3079,2.3802,solved,0
0.0038686012,0.0038686012,1.6708272616e-04,0.0129260484,30,50,2.3170,2.3948,solved,0
0.0038722322,0.0038722322,1.6726728141e-04,0.0129331853,30,50,2.3182,2.3918,solved,0
0.0038758632,0.0038758632,1.6745225832e-04,0.0129403346,30,50,2.3213,2.3935,solved,0
0.0038794942,0.0038794942,1.6763765689e-04,0.0129474962,30,50,2.3595,2.4339,solved,0
0.0038831251,0.0038831251,1.6782347200e-04,0.0129546699,30,50,2.3900,2.5011,solved,0
0.0038867560,0.0038867560,1.6800970874e-04,0.0129618559,30,50,2.3425,2.4381,solved,0
0.0038903871,0.0038903871,1.6819637741e-04,0.0129690546,30,50,2.3285,2.4030,solved,0
0.0038940181,0.0038940181,1.6838346261e-04,0.0129762654,30,50,2.3274,2.4003,solved,0
0.0038976489,0.0038976489,1.6857095913e-04,0.0129834879,30,50,2.3252,2.4014,solved,0
0.0039012800,0.0039012800,1.6875889281e-04,0.0129907233,30,50,2.3733,2.4486,solved,0
0.0039049110,0.0039049110,1.6894724298e-04,0.0129979707,30,50,2.3903,2.4941,solved,0
0.0039085416,0.0039085416,1.6913599399e-04,0.0130052295,30,50,2.3523,2.4451,solved,0
0.0039121729,0.0039121729,1.6932520309e-04,0.0130125018,30,50,2.3124,2.3877,solved,0
0.0039158036,0.0039158036,1.6951480254e-04,0.0130197850,30,50,2.3305,2.4043,solved,0
0.0039194348,0.0039194348,1.6970485402e-04,0.0130270816,29,50,2.3176,2.3899,solved,0
0.0039230654,0.0039230654,1.6989530600e-04,0.0130343894,29,50,2.3578,2.4324,solved,0
0.0039266966,0.0039266966,1.7008622148e-04,0.0130417108,29,50,2.3617,2.4633,solved,0
0.0039303273,0.0039303273,1.7027754264e-04,0.0130490437,29,50,2.3449,2.4403,solved,0
0.0039339585,0.0039339585,1.7046932217e-04,0.0130563901,29,50,2.3271,2.4022,solved,0
0.0039375892,0.0039375892,1.7066150727e-04,0.0130637478,29,50,2.3163,2.3887,solved,0
0.0039412204,0.0039412204,1.7085415086e-04,0.0130711190,29,50,2.3132,2.3956,solved,0
0.0039448511,0.0039448511,1.7104719989e-04,0.0130785014,29,50,2.3561,2.4317,solved,0
0.0039484819,0.0039484819,1.7124068619e-04,0.0130858965,29,50,2.3200,2.3940,solved,0
0.0039521131,0.0039521131,1.7143462585e-04,0.0130933046,29,50,2.3718,2.4599,solved,0
0.0039557437,0.0039557437,1.7162896540e-04,0.0131007239,29,50,2.3246,2.4073,solved,0
0.0039593749,0.0039593749,1.7182376910e-04,0.0131081566,29,50,2.3340,2.4084,solved,0
0.0039630056,0.0039630056,1.7201897795e-04,0.0131156006,29,50,2.3228,2.3969,solved,0
0.0039666368,0.0039666368,1.7221464570e-04,0.0131230578,29,50,2.4090,2.4860,solved,0
0.0039702675,0.0039702675,1.7241071848e-04,0.0131305262,29,50,2.3173,2.3949,solved,0
0.0039738987,0.0039738987,1.7260725029e-04,0.0131380079,29,50,2.3132,2.3952,solved,0
0.0039775293,0.0039775293,1.7280418157e-04,0.0131455004,29,50,2.3778,2.5210,solved,0
0.0039811605,0.0039811605,1.7300157743e-04,0.0131530064,29,50,2.3282,2.4093,solved,0
0.0039847912,0.0039847912,1.7319937807e-04,0.0131605235,29,50,2.3241,2.3968,solved,0
0.0039884224,0.0039884224,1.7339763798e-04,0.0131680537,29,50,2.4101,2.5517,solved,0
0.0039920531,0.0039920531,1.7359630255e-04,0.0131755950,29,50,2.3540,2.4832,solved,0
0.0039956843,0.0039956843,1.7379542652e-04,0.0131831493,29,50,2.3134,2.3975,solved,0
0.0039993150,0.0039993150,1.7399495503e-04,0.0131907147,29,50,2.3736,2.4742,solved,0
0.0040029457,0.0040029457,1.7419491548e-04,0.0131982921,29,50,2.3421,2.4370,solved,0
0.0040065768,0.0040065768,1.7439532998e-04,0.0132058824,29,50,2.3185,2.4048,solved,0
0.0040102075,0.0040102075,1.7459615435e-04,0.0132134838,29,50,2.3302,2.4038,solved,0
0.0040138388,0.0040138388,1.7479744396e-04,0.0132210984,29,50,2.3671,2.4412,solved,0
0.0040174695,0.0040174695,1.7499913229e-04,0.0132287238,29,50,2.3252,2.4136,solved,0
0.0040211006,0.0040211006,1.7520127485e-04,0.0132363618,29,50,2.3206,2.3944,solved,0
0.0040247314,0.0040247314,1.7540383268e-04,0.0132440112,29,50,2.3406,2.4275,solved,0
0.0040283626,0.0040283626,1.7560684487e-04,0.0132516733,29,50,2.3283,2.4108,solved,0
0.0040319932,0.0040319932,1.7581025546e-04,0.0132593460,29,50,2.3535,2.4319,solved,0
0.0040356245,0.0040356245,1.7601413731e-04,0.0132670320,29,50,2.3137,2.3890,solved,0
0.0040392551,0.0040392551,1.7621841181e-04,0.0132747283,29,50,2.3275,2.4001,solved,0
0.0040428863,0.0040428863,1.7642315209e-04,0.0132824377,29,50,2.3064,2.3800,solved,0
0.0040465170,0.0040465170,1.7662829615e-04,0.0132901579,29,50,2.6658,2.8345,solved,0
0.0040501477,0.0040501477,1.7683387215e-04,0.0132978898,29,50,3.1004,3.2862,solved,0
0.0040537789,0.0040537789,1.7703990849e-04,0.0133056345,29,50,3.0460,3.1962,solved,0
0.0040574096,0.0040574096,1.7724634843e-04,0.0133133898,29,50,2.3466,2.4545,solved,0
0.0040610408,0.0040610408,1.7745324882e-04,0.0133211579,29,50,2.3362,2.4170,solved,0
0.0040646715,0.0040646715,1.7766055269e-04,0.0133289367,29,50,2.3351,2.4391,solved,0
0.0040683026,0.0040683026,1.7786831141e-04,0.0133367279,29,50,2.3751,2.4822,solved,0
0.0040719333,0.0040719333,1.7807647921e-04,0.0133445299,29,50,2.3189,2.4049,solved,0
0.0040755645,0.0040755645,1.7828510770e-04,0.0133523447,29,50,2.3696,2.4468,solved,0
0.0040791952,0.0040791952,1.7849413944e-04,0.0133601699,29,50,2.3263,2.4015,solved,0
0.0040828264,0.0040828264,1.7870363198e-04,0.0133680078,29,50,2.3090,2.3808,solved,0
0.0040864571,0.0040864571,1.7891352765e-04,0.0133758561,29,50,2.3208,2.3992,solved,0
0.0040900883,0.0040900883,1.7912388426e-04,0.0133837171,29,50,2.3754,2.4853,solved,0
0.0040937190,0.0040937190,1.7933464387e-04,0.0133915885,29,50,2.3289,2.4200,solved,0
0.0040973502,0.0040973502,1.7954586452e-04,0.0133994725,29,50,2.3567,2.4435,solved,0
0.0041009809,0.0041009809,1.7975748807e-04,0.0134073669,29,50,2.3130,2.3903,solved,0
0.0041046116,0.0041046116,1.7996954355e-04,0.0134152728,29,50,2.3132,2.3875,solved,0
0.0041082428,0.0041082428,1.8018206026e-04,0.0134231911,29,50,2.3090,2.3822,solved,0
0.0041118735,0.0041118735,1.8039497968e-04,0.0134311198,29,50,2.3264,2.4125,solved,0
0.0041155047,0.0041155047,1.8060836045e-04,0.0134390610,29,50,3.1354,3.3249,solved,0
0.0041191354,0.0041191354,1.8082214381e-04,0.0134470124,29,50,2.9074,3.0938,solved,0
0.0041227666,0.0041227666,1.8103638863e-04,0.0134549764,29,50,2.3230,2.4494,solved,0
0.0041263972,0.0041263972,1.8125103001e-04,0.0134629503,29,50,2.3108,2.3881,solved,0
0.0041300284,0.0041300284,1.8146613887e-04,0.0134709368,29,50,2.3075,2.3815,solved,0
0.0041336591,0.0041336591,1.8168165009e-04,0.0134789336,29,50,2.3645,2.4699,solved,0
0.0041372903,0.0041372903,1.8189762301e-04,0.0134869427,29,50,2.3729,2.5150,solved,0
0.0041409210,0.0041409210,1.8211399817e-04,0.0134949620,29,50,2.5877,2.7999,solved,0
0.0041445522,0.0041445522,1.8233083515e-04,0.0135029936,29,50,2.3897,2.5325,solved,0
0.0041481828,0.0041481828,1.8254806825e-04,0.0135110351,29,50,2.3422,2.4359,solved,0
0.0041518136,0.0041518136,1.8276574526e-04,0.0135190882,29,50,2.3105,2.3844,solved,0
0.0041554447,0.0041554447,1.8298387228e-04,0.0135271531,29,50,2.9088,3.0670,solved,0
0.0041590754,0.0041590754,1.8320240724e-04,0.0135352284,29,50,2.9687,3.2113,solved,0
0.0041627066,0.0041627066,1.8342140431e-04,0.0135433159,29,50,2.9682,3.2120,solved,0
0.0041663374,0.0041663374,1.8364080925e-04,0.0135514136,29,50,2.3987,2.5727,solved,0
0.0041699685,0.0041699685,1.8386066434e-04,0.0135595230,29,50,2.5308,2.7412,solved,0
0.0041735993,0.0041735993,1.8408093324e-04,0.0135676429,29,50,2.8438,3.0594,solved,0
0.0041772305,0.0041772305,1.8430165844e-04,0.0135757747,29,50,2.5119,2.7098,solved,0
0.0041808611,0.0041808611,1.8452277911e-04,0.0135839162,29,50,2.4046,2.5636,solved,0
0.0041844923,0.0041844923,1.8474436836e-04,0.0135920701,28,50,2.3547,2.4719,solved,0
0.0041881230,0.0041881230,1.8496635924e-04,0.0136002338,28,50,2.3443,2.4296,solved,0
0.0041917543,0.0041917543,1.8518881923e-04,0.0136084099,28,50,2.3339,2.4098,solved,0
0.0041953849,0.0041953849,1.8541166865e-04,0.0136165953,28,50,2.3575,2.4717,solved,0
0.0041990161,0.0041990161,1.8563498729e-04,0.0136247931,28,50,2.3813,2.4846,solved,0
0.0042026467,0.0042026467,1.8585870135e-04,0.0136330005,28,50,2.3251,2.4173,solved,0
0.0042062774,0.0042062774,1.8608285107e-04,0.0136412188,29,50,2.3280,2.4120,solved,0
0.0042099087,0.0042099087,1.8630746030e-04,0.0136494491,29,50,2.3330,2.4213,solved,0
0.0042135393,0.0042135393,1.8653244824e-04,0.0136576882,29,50,2.3307,2.4202,solved,0
0.0042171704,0.0042171704,1.8675788924e-04,0.0136659390,29,50,2.3619,2.4692,solved,0
0.0042208011,0.0042208011,1.8698372742e-04,0.0136741993,29,50,2.3864,2.4809,solved,0
0.0042244323,0.0042244323,1.8721001879e-04,0.0136824712,29,50,2.3227,2.4052,solved,0
0.0042280630,0.0042280630,1.8743670102e-04,0.0136907524,29,50,2.3337,2.4152,solved,0
0.0042316941,0.0042316941,1.8766383030e-04,0.0136990449,29,50,2.3205,2.3961,solved,0
0.0042353248,0.0042353248,1.8789135659e-04,0.0137073468,29,50,2.3274,2.4023,solved,0
0.0042389561,0.0042389561,1.8811934257e-04,0.0137156605,29,50,2.3564,2.4763,solved,0
0.0042425867,0.0042425867,1.8834770663e-04,0.0137239829,29,50,2.3930,2.5111,solved,0
0.0042462179,0.0042462179,1.8857653050e-04,0.0137323170,29,50,2.3279,2.4142,solved,0
0.0042498486,0.0042498486,1.8880574489e-04,0.0137406603,29,50,2.3129,2.3912,solved,0
0.0042534793,0.0042534793,1.8903538129e-04,0.0137490138,29,50,2.3098,2.3894,solved,0
0.0042571104,0.0042571104,1.8926546505e-04,0.0137573786,29,50,2.3136,2.3936,solved,0
0.0042607411,0.0042607411,1.8949594549e-04,0.0137657526,29,50,2.3341,2.4406,solved,0
0.0042643722,0.0042643722,1.8972687339e-04,0.0137741378,29,50,3.0708,3.2558,solved,0
0.0042680030,0.0042680030,1.8995820425e-04,0.0137825326,29,50,2.3808,2.5445,solved,0
0.0042716342,0.0042716342,1.9018998268e-04,0.0137909384,29,50,2.3707,2.5739,solved,0
0.0042752647,0.0042752647,1.9042213843e-04,0.0137993528,29,50,2.3255,2.4083,solved,0
0.0042788959,0.0042788959,1.9065476102e-04,0.0138077790,29,50,2.3117,2.3869,solved,0
0.0042825267,0.0042825267,1.9088778003e-04,0.0138162144,29,50,2.3498,2.4660,solved,0
0.0042861578,0.0042861578,1.9112124036e-04,0.0138246606,29,50,2.3765,2.4773,solved,0
0.0042897885,0.0042897885,1.9135509700e-04,0.0138331160,29,50,2.3261,2.4126,solved,0
0.0042934196,0.0042934196,1.9158940147e-04,0.0138415823,29,50,2.3174,2.3934,solved,0
0.0042970503,0.0042970503,1.9182410216e-04,0.0138500578,29,50,2.3251,2.4232,solved,0
0.0043006815,0.0043006815,1.9205925725e-04,0.0138585446,29,50,2.3313,2.4211,solved,0
0.0043043122,0.0043043122,1.9229480199e-04,0.0138670401,29,50,2.3241,2.4047,solved,0
0.0043079428,0.0043079428,1.9253076223e-04,0.0138755455,29,50,2.4487,2.5998,solved,0
0.0043115741,0.0043115741,1.9276719005e-04,0.0138840624,29,50,2.5612,2.7796,solved,0
0.0043152047,0.0043152047,1.9300399432e-04,0.0138925877,29,50,2.3956,2.5761,solved,0
0.0043188359,0.0043188359,1.9324125980e-04,0.0139011244,29,50,2.3410,2.4699,solved,0
0.0043224667,0.0043224667,1.9347892120e-04,0.0139096701,29,50,2.3232,2.4416,solved,0
0.0043260978,0.0043260978,1.9371702430e-04,0.0139182263,29,50,2.3460,2.4621,solved,0
0.0043297284,0.0043297284,1.9395551662e-04,0.0139267913,29,50,2.3368,2.4395,solved,0
0.0043333596,0.0043333596,1.9419447044e-04,0.0139353676,29,50,2.3078,2.3933,solved,0
0.0043369903,0.0043369903,1.9443381338e-04,0.0139439526,29,50,2.3072,2.3840,solved,0
0.0043406215,0.0043406215,1.9467361137e-04,0.0139525486,29,50,2.3294,2.4306,solved,0
0.0043442522,0.0043442522,1.9491379837e-04,0.0139611532,29,50,2.3163,2.4060,solved,0
0.0043478832,0.0043478832,1.9515442726e-04,0.0139697683,29,50,2.3643,2.4411,solved,0
0.0043515139,0.0043515139,1.9539545829e-04,0.0139783926,29,50,2.3358,2.4480,solved,0
0.0043551452,0.0043551452,1.9563695140e-04,0.0139870280,28,50,2.3836,2.5267,solved,0
0.0043587758,0.0043587758,1.9587882675e-04,0.0139956717,28,50,2.3557,2.4649,solved,0
0.0043624065,0.0043624065,1.9612114111e-04,0.0140043258,28,50,2.3143,2.4114,solved,0
0.0043660377,0.0043660377,1.9636392128e-04,0.0140129912,28,50,2.3277,2.4059,solved,0
0.0043696684,0.0043696684,1.9660710041e-04,0.0140216654,28,50,2.3467,2.4416,solved,0
0.0043732993,0.0043732993,1.9685072532e-04,0.0140303501,28,50,2.3465,2.4334,solved,0
0.0043769300,0.0043769300,1.9709476918e-04,0.0140390445,28,50,2.3578,2.4368,solved,0
0.0043805612,0.0043805612,1.9733927918e-04,0.0140477500,27,50,2.3222,2.3993,solved,0
0.0043841919,0.0043841919,1.9758418893e-04,0.0140564643,27,50,2.3543,2.4565,solved,0
0.0043878229,0.0043878229,1.9782955259e-04,0.0140651894,27,50,2.3367,2.4275,solved,0
0.0043914537,0.0043914537,1.9807533639e-04,0.0140739240,27,50,2.3296,2.4145,solved,0
0.0043950848,0.0043950848,1.9832157421e-04,0.0140826693,27,50,2.4810,2.6159,solved,0
0.0043987153,0.0043987153,1.9856820496e-04,0.0140914231,27,50,2.3955,2.5371,solved,0
0.0044023465,0.0044023465,1.9881531696e-04,0.0141001885,27,50,2.3398,2.4367,solved,0
0.0044059771,0.0044059771,1.9906282176e-04,0.0141089625,27,50,2.3396,2.4165,solved,0
0.0044096079,0.0044096079,1.9931077384e-04,0.0141177468,27,50,2.3213,2.4000,solved,0
0.0044132388,0.0044132388,1.9955916641e-04,0.0141265412,27,50,2.3906,2.4988,solved,0
0.0044168695,0.0044168695,1.9980797894e-04,0.0141353450,27,50,2.3352,2.4254,solved,0
0.0044205007,0.0044205007,2.0005725945e-04,0.0141441599,27,50,2.3928,2.5041,solved,0
0.0044241312,0.0044241312,2.0030692552e-04,0.0141529829,27,50,2.3429,2.4426,solved,0
0.0044277625,0.0044277625,2.0055708033e-04,0.0141618177,27,50,2.3285,2.4267,solved,0
0.0044313931,0.0044313931,2.0080762056e-04,0.0141706606,27,50,2.3361,2.4222,solved,0
0.0044350241,0.0044350241,2.0105862207e-04,0.0141795142,27,50,2.3469,2.4332,solved,0
0.0044386548,0.0044386548,2.0131003648e-04,0.0141883768,27,50,2.3359,2.4197,solved,0
0.0044422858,0.0044422858,2.0156190535e-04,0.0141972499,27,50,2.3399,2.4373,solved,0
0.0044459166,0.0044459166,2.0181419400e-04,0.0142061323,27,50,2.3319,2.4192,solved,0
0.0044495477,0.0044495477,2.0206693721e-04,0.0142150251,27,50,2.3257,2.4008,solved,0
0.0044531783,0.0044531783,2.0232007924e-04,0.0142239263,27,50,2.3395,2.4135,solved,0
0.0044568094,0.0044568094,2.0257368982e-04,0.0142328384,27,50,2.3422,2.4862,solved,0
0.0044604401,0.0044604401,2.0282770612e-04,0.0142417592,27,50,2.3384,2.4332,solved,0
0.0044640708,0.0044640708,2.0308215604e-04,0.0142506897,27,50,2.3620,2.4594,solved,0
0.0044677018,0.0044677018,2.0333706067e-04,0.0142596305,27,50,2.3399,2.4244,solved,0
0.0044713324,0.0044713324,2.0359237084e-04,0.0142685798,27,50,2.3410,2.4383,solved,0
0.0044749636,0.0044749636,2.0384815691e-04,0.0142775403,27,50,2.3351,2.4237,solved,0
0.0044785942,0.0044785942,2.0410433436e-04,0.0142865088,27,50,2.3266,2.4013,solved,0
0.0044822254,0.0044822254,2.0436098785e-04,0.0142954884,27,50,2.3720,2.4589,solved,0
0.0044858560,0.0044858560,2.0461803257e-04,0.0143044760,27,50,2.4487,2.6468,solved,0
0.0044894871,0.0044894871,2.0487554638e-04,0.0143134743,27,50,3.0588,3.3122,solved,0
0.0044931178,0.0044931178,2.0513346547e-04,0.0143224811,27,50,2.3712,2.5040,solved,0
0.0044967488,0.0044967488,2.0539183955e-04,0.0143314982,27,50,2.3404,2.4545,solved,0
0.0045003796,0.0045003796,2.0565063307e-04,0.0143405242,27,50,2.3881,2.4955,solved,0
0.0045040107,0.0045040107,2.0590988167e-04,0.0143495603,27,50,2.3425,2.4345,solved,0
0.0045076412,0.0045076412,2.0616952104e-04,0.0143586044,27,50,2.3565,2.4623,solved,0
0.0045112720,0.0045112720,2.0642961550e-04,0.0143676587,27,50,2.3370,2.4433,solved,0
0.0045149031,0.0045149031,2.0669016516e-04,0.0143767230,27,50,2.3488,2.4549,solved,0
0.0045185337,0.0045185337,2.0695111257e-04,0.0143857955,27,50,2.3381,2.4292,solved,0
0.0045221648,0.0045221648,2.0721252960e-04,0.0143948786,27,50,2.3768,2.4633,solved,0
0.0045257954,0.0045257954,2.0747434428e-04,0.0144039697,27,50,2.3293,2.4129,solved,0
0.0045294266,0.0045294266,2.0773663592e-04,0.0144130717,27,50,2.7203,2.9040,solved,0
0.0045330571,0.0045330571,2.0799931063e-04,0.0144221812,27,50,3.0612,3.2916,solved,0
0.0045366883,0.0045366883,2.0826246968e-04,0.0144313017,27,50,2.5357,2.6892,solved,0
0.0045403189,0.0045403189,2.0852601889e-04,0.0144404300,27,50,2.3359,2.4499,solved,0
0.0045439500,0.0045439500,2.0879003809e-04,0.0144495688,27,50,2.3580,2.4423,solved,0
0.0045475807,0.0045475807,2.0905446185e-04,0.0144587158,27,50,2.3206,2.3952,solved,0
0.0045512117,0.0045512117,2.0931934114e-04,0.0144678727,27,50,2.3561,2.4552,solved,0
0.0045548425,0.0045548425,2.0958463950e-04,0.0144770384,27,50,2.3326,2.4342,solved,0
0.0045584736,0.0045584736,2.0985039348e-04,0.0144862139,27,50,2.3258,2.4076,solved,0
0.0045621041,0.0045621041,2.1011653717e-04,0.0144953971,27,50,2.3167,2.3897,solved,0
0.0045657349,0.0045657349,2.1038313648e-04,0.0145045902,27,50,2.3248,2.3989,solved,0
0.0045693660,0.0045693660,2.1065019152e-04,0.0145137931,27,50,2.3307,2.4285,solved,0
0.0045729966,0.0045729966,2.1091764341e-04,0.0145230039,27,50,2.3358,2.4237,solved,0
0.0045766277,0.0045766277,2.1118556584e-04,0.0145322251,27,50,2.3279,2.4021,solved,0
0.0045802583,0.0045802583,2.1145388500e-04,0.0145414540,27,50,2.3506,2.4368,solved,0
0.0045838895,0.0045838895,2.1172268221e-04,0.0145506935,27,50,2.3333,2.4422,solved,0
0.0045875201,0.0045875201,2.1199186864e-04,0.0145599405,27,50,2.3450,2.4289,solved,0
0.0045911512,0.0045911512,2.1226152584e-04,0.0145691978,27,50,2.3301,2.4030,solved,0
0.0045947819,0.0045947819,2.1253158698e-04,0.0145784631,27,50,2.4441,2.5907,solved,0
0.0045984129,0.0045984129,2.1280210412e-04,0.0145877381,27,50,2.4309,2.6004,solved,0
0.0046020436,0.0046020436,2.1307303255e-04,0.0145970214,27,50,2.3601,2.4915,solved,0
0.0046056747,0.0046056747,2.1334442452e-04,0.0146063145,27,50,2.3601,2.4791,solved,0
0.0046093055,0.0046093055,2.1361622774e-04,0.0146156159,27,50,2.3752,2.5001,solved,0
0.0046129365,0.0046129365,2.1388847962e-04,0.0146249267,27,50,2.3927,2.5362,solved,0
0.0046165671,0.0046165671,2.1416113513e-04,0.0146342453,27,50,2.6565,2.8594,solved,0
0.0046201978,0.0046201978,2.1443423177e-04,0.0146435731,27,50,3.1462,3.3701,solved,0
0.0046238288,0.0046238288,2.1470778466e-04,0.0146529104,27,50,2.6984,2.9024,solved,0
0.0046274595,0.0046274595,2.1498174858e-04,0.0146622559,27,50,2.3979,2.5232,solved,0
0.0046310907,0.0046310907,2.1525619286e-04,0.0146716118,26,50,2.3390,2.4425,solved,0
0.0046347214,0.0046347214,2.1553106178e-04,0.0146809762,26,50,2.3214,2.4078,solved,0
0.0046383524,0.0046383524,2.1580641660e-04,0.0146903511,26,50,2.3827,2.5144,solved,0
0.0046419831,0.0046419831,2.1608221183e-04,0.0146997351,26,50,2.3742,2.5120,solved,0
0.0046456143,0.0046456143,2.1635850826e-04,0.0147091301,26,50,2.3627,2.4979,solved,0
0.0046492449,0.0046492449,2.1663522218e-04,0.0147185333,26,50,2.3995,2.5489,solved,0
0.0046528761,0.0046528761,2.1691244506e-04,0.0147279478,26,50,2.4085,2.5428,solved,0
0.0046565068,0.0046565068,2.1719009293e-04,0.0147373706,26,50,2.3517,2.4738,solved,0
0.0046601379,0.0046601379,2.1746823460e-04,0.0147468042,26,50,2.4118,2.5383,solved,0
0.0046637686,0.0046637686,2.1774680879e-04,0.0147562464,26,50,2.3516,2.4573,solved,0
0.0046673994,0.0046673994,2.1802585380e-04,0.0147656986,26,50,2.3364,2.4363,solved,0
0.0046710304,0.0046710304,2.1830537739e-04,0.0147751608,26,50,2.3506,2.4407,solved,0
0.0046746611,0.0046746611,2.1858534102e-04,0.0147846319,26,50,2.3304,2.4043,solved,0
0.0046782923,0.0046782923,2.1886580645e-04,0.0147941139,26,50,2.3322,2.4066,solved,0
0.0046819228,0.0046819228,2.1914668093e-04,0.0148036036,26,50,2.3670,2.4756,solved,0
0.0046855541,0.0046855541,2.1942808054e-04,0.0148131050,26,50,2.3321,2.4272,solved,0
0.0046891848,0.0046891848,2.1970989682e-04,0.0148226144,27,50,2.3315,2.4042,solved,0
0.0046928158,0.0046928158,2.1999219834e-04,0.0148321340,27,50,2.3414,2.4151,solved,0
0.0046964465,0.0046964465,2.2027493734e-04,0.0148416622,27,50,2.3344,2.4284,solved,0
0.0047000776,0.0047000776,2.2055816835e-04,0.0148512009,27,50,2.3439,2.4288,solved,0
0.0047037083,0.0047037083,2.2084182897e-04,0.0148607479,27,50,2.3279,2.4050,solved,0
0.0047073394,0.0047073394,2.2112598170e-04,0.0148703054,27,50,2.3402,2.4383,solved,0
0.0047109700,0.0047109700,2.2141055610e-04,0.0148798708,27,50,2.3191,2.4062,solved,0
0.0047146011,0.0047146011,2.2169563055e-04,0.0148894470,27,50,2.3444,2.4268,solved,0
0.0047182318,0.0047182318,2.2198113440e-04,0.0148990313,27,50,2.3166,2.3925,solved,0
0.0047218625,0.0047218625,2.2226709904e-04,0.0149086250,27,50,2.3217,2.3929,solved,0
0.0047254935,0.0047254935,2.2255354815e-04,0.0149182287,27,50,2.3158,2.4126,solved,0
0.0047291242,0.0047291242,2.2284043439e-04,0.0149278409,27,50,2.3294,2.4167,solved,0
0.0047327552,0.0047327552,2.2312780519e-04,0.0149374631,27,50,2.3228,2.3989,solved,0
0.0047363860,0.0047363860,2.2341562098e-04,0.0149470941,27,50,2.3506,2.4318,solved,0
0.0047400171,0.0047400171,2.2370392142e-04,0.0149567350,27,50,2.3574,2.4324,solved,0
0.0047436477,0.0047436477,2.2399264295e-04,0.0149663838,27,50,2.3330,2.4136,solved,0
0.0047472788,0.0047472788,2.2428186510e-04,0.0149760430,27,50,2.3228,2.3981,solved,0
0.0047509095,0.0047509095,2.2457151620e-04,0.0149857104,27,50,2.3337,2.4174,solved,0
0.0047545406,0.0047545406,2.2486166008e-04,0.0149953880,27,50,2.3313,2.4123,solved,0
0.0047581713,0.0047581713,2.2515223280e-04,0.0150050736,27,50,2.3557,2.4414,solved,0
0.0047618025,0.0047618025,2.2544330642e-04,0.0150147696,27,50,2.3269,2.4045,solved,0
0.0047654330,0.0047654330,2.2573478471e-04,0.0150244729,27,50,2.3402,2.4147,solved,0
0.0047690637,0.0047690637,2.2602673982e-04,0.0150341857,27,50,2.3388,2.4135,solved,0
0.0047726949,0.0047726949,2.2631919603e-04,0.0150439089,27,50,2.8389,3.0331,solved,0
0.0047763255,0.0047763255,2.2661206471e-04,0.0150536396,27,50,2.5700,2.7079,solved,0
0.0047799566,0.0047799566,2.2690543458e-04,0.0150633806,27,50,2.3986,2.4803,solved,0
0.0047835873,0.0047835873,2.2719923294e-04,0.0150731295,27,50,2.3296,2.4093,solved,0
0.0047872183,0.0047872183,2.2749351642e-04,0.0150828882,27,50,2.3393,2.4143,solved,0
0.0047908490,0.0047908490,2.2778823639e-04,0.0150926550,27,50,2.3279,2.4017,solved,0
0.0047944803,0.0047944803,2.2808346597e-04,0.0151024325,27,50,2.3597,2.4552,solved,0
0.0047981107,0.0047981107,2.2837908314e-04,0.0151122164,27,50,2.3812,2.5097,solved,0
0.0048017419,0.0048017419,2.2867522631e-04,0.0151220113,27,50,2.3447,2.4941,solved,0
0.0048053726,0.0048053726,2.2897178953e-04,0.0151318138,27,50,2.3390,2.4137,solved,0
0.0048090037,0.0048090037,2.2926884628e-04,0.0151416263,27,50,2.3309,2.4038,solved,0
0.0048126343,0.0048126343,2.2956632291e-04,0.0151514462,27,50,2.3299,2.4040,solved,0
0.0048162656,0.0048162656,2.2986431780e-04,0.0151612769,27,50,2.3269,2.3999,solved,0
0.0048198960,0.0048198960,2.3016269960e-04,0.0151711140,27,50,2.3678,2.4553,solved,0
0.0048235268,0.0048235268,2.3046157505e-04,0.0151809609,27,50,2.3869,2.4702,solved,0
0.0048271579,0.0048271579,2.3076093608e-04,0.0151908175,27,50,2.3133,2.3890,solved,0
0.0048307885,0.0048307885,2.3106071667e-04,0.0152006815,27,50,2.3268,2.3996,solved,0
0.0048344197,0.0048344197,2.3136100767e-04,0.0152105558,27,50,2.3244,2.3967,solved,0
0.0048380502,0.0048380502,2.3166170157e-04,0.0152204370,27,50,2.3251,2.4079,solved,0
0.0048416814,0.0048416814,2.3196291432e-04,0.0152303288,27,50,2.3788,2.4887,solved,0
0.0048453121,0.0048453121,2.3226454640e-04,0.0152402279,27,50,2.3481,2.4457,solved,0
0.0048489432,0.0048489432,2.3256667258e-04,0.0152501368,27,50,2.3246,2.3994,solved,0
0.0048525738,0.0048525738,2.3286921795e-04,0.0152600530,27,50,2.3106,2.3846,solved,0
0.0048562050,0.0048562050,2.3317227419e-04,0.0152699795,27,50,2.3402,2.4163,solved,0
0.0048598356,0.0048598356,2.3347574116e-04,0.0152799130,27,50,2.3283,2.4032,solved,0
0.0048634667,0.0048634667,2.3377971077e-04,0.0152898565,27,50,2.3858,2.4990,solved,0
0.0048670974,0.0048670974,2.3408410771e-04,0.0152998074,27,50,2.4625,2.6530,solved,0
0.0048707285,0.0048707285,2.3438899905e-04,0.0153097681,27,50,2.3285,2.4215,solved,0
0.0048743592,0.0048743592,2.3469431761e-04,0.0153197362,27,50,2.3144,2.3910,solved,0
0.0048779899,0.0048779899,2.3500009696e-04,0.0153297129,27,50,2.3095,2.3823,solved,0
0.0048816209,0.0048816209,2.3530636241e-04,0.0153396989,27,50,2.3260,2.3994,solved,0
0.0048852516,0.0048852516,2.3561306337e-04,0.0153496926,27,50,2.3897,2.5679,solved,0
0.0048888827,0.0048888827,2.3592025898e-04,0.0153596959,27,50,3.0644,3.2313,solved,0
0.0048925133,0.0048925133,2.3622787308e-04,0.0153697063,27,50,2.3649,2.4686,solved,0
0.0048961445,0.0048961445,2.3653599889e-04,0.0153797269,27,50,2.3251,2.4031,solved,0
0.0048997752,0.0048997752,2.3684454309e-04,0.0153897545,27,50,2.3430,2.4457,solved,0
0.0049034062,0.0049034062,2.3715357362e-04,0.0153997914,27,50,2.3354,2.4264,solved,0
0.0049070368,0.0049070368,2.3746303090e-04,0.0154098355,27,50,2.3863,2.4909,solved,0
0.0049106679,0.0049106679,2.3777299166e-04,0.0154198895,27,50,2.3978,2.4911,solved,0
0.0049142987,0.0049142987,2.3808338763e-04,0.0154299510,27,50,2.3272,2.4121,solved,0
0.0049179298,0.0049179298,2.3839427012e-04,0.0154400217,27,50,2.3793,2.5248,solved,0
0.0049215604,0.0049215604,2.3870557059e-04,0.0154500994,27,50,2.3714,2.4961,solved,0
0.0049251912,0.0049251912,2.3901738713e-04,0.0154601872,26,75,3.3935,3.4790,solved,0
0.0049288224,0.0049288224,2.3932984411e-04,0.0154702891,26,25,1.8211,2.0117,solved,0
0.0049324532,0.0049324532,2.3964287911e-04,0.0154804031,26,25,1.6661,1.7956,solved,0
0.0049360845,0.0049360845,2.3995656974e-04,0.0154905316,26,25,1.6267,1.7159,solved,0
0.0049397152,0.0049397152,2.4027082097e-04,0.0155006716,26,25,1.6187,1.6918,solved,0
0.0049433465,0.0049433465,2.4058573665e-04,0.0155108264,26,25,1.6177,1.6898,solved,0
0.0049469774,0.0049469774,2.4090123010e-04,0.0155209932,26,25,1.6207,1.6993,solved,0
0.0049506085,0.0049506085,2.4121735343e-04,0.0155311736,26,25,1.6261,1.7081,solved,0
0.0049542394,0.0049542394,2.4153407179e-04,0.0155413665,26,25,1.6134,1.6892,solved,0
0.0049578708,0.0049578708,2.4185144634e-04,0.0155515738,26,25,1.6106,1.6813,solved,0
0.0049615015,0.0049615015,2.4216937213e-04,0.0155617921,26,25,1.6558,1.7351,solved,0
0.0049651327,0.0049651327,2.4248795420e-04,0.0155720247,26,25,1.6208,1.7041,solved,0
0.0049687634,0.0049687634,2.4280710482e-04,0.0155822689,26,25,1.6151,1.6922,solved,0
0.0049723947,0.0049723947,2.4312692070e-04,0.0155925277,26,25,1.6237,1.6964,solved,0
0.0049760256,0.0049760256,2.4344731382e-04,0.0156027983,26,25,1.6137,1.6877,solved,0
0.0049796562,0.0049796562,2.4376829283e-04,0.0156130808,26,25,1.6125,1.6849,solved,0
0.0049832876,0.0049832876,2.4408995511e-04,0.0156233785,26,25,1.6012,1.6722,solved,0
0.0049869182,0.0049869182,2.4441215892e-04,0.0156336867,26,25,1.6072,1.6791,solved,0
0.0049905496,0.0049905496,2.4473505333e-04,0.0156440101,25,25,1.6251,1.7084,solved,0
0.0049941804,0.0049941804,2.4505857626e-04,0.0156543469,25,25,1.6370,1.7154,solved,0
0.0049978117,0.0049978117,2.4538284038e-04,0.0156647005,25,25,1.6224,1.6954,solved,0
0.0050014426,0.0050014426,2.4570776533e-04,0.0156750683,25,25,1.6187,1.6899,solved,0
0.0050050738,0.0050050738,2.4603341373e-04,0.0156854523,25,25,1.6208,1.6934,solved,0
0.0050087047,0.0050087047,2.4635973178e-04,0.0156958508,25,25,1.6066,1.6799,solved,0
0.0050123360,0.0050123360,2.4668679178e-04,0.0157062660,23,25,1.6404,1.7410,solved,0
0.0050159668,0.0050159668,2.4701453496e-04,0.0157166961,23,25,1.6496,1.7687,solved,0
0.0050195982,0.0050195982,2.4734306450e-04,0.0157271442,23,25,1.6337,1.7483,solved,0
0.0050232290,0.0050232290,2.4767227184e-04,0.0157376069,23,25,1.8040,2.0074,solved,0
0.0050268599,0.0050268599,2.4800222029e-04,0.0157480862,23,25,1.6787,1.8317,solved,0
0.0050304911,0.0050304911,2.4833292816e-04,0.0157585827,23,25,1.6301,1.7263,solved,0
0.0050341219,0.0050341219,2.4866433166e-04,0.0157690942,23,25,1.6284,1.7080,solved,0
0.0050377533,0.0050377533,2.4899652213e-04,0.0157796236,23,25,1.6139,1.6864,solved,0
0.0050413841,0.0050413841,2.4932938979e-04,0.0157901675,23,25,1.6053,1.6771,solved,0
0.0050450155,0.0050450155,2.4966304466e-04,0.0158007292,23,25,1.5964,1.6672,solved,0
0.0050486463,0.0050486463,2.4999737648e-04,0.0158113053,23,25,1.6112,1.6829,solved,0
0.0050522776,0.0050522776,2.5033248652e-04,0.0158218990,23,25,1.6375,1.7343,solved,0
0.0050559084,0.0050559084,2.5066828248e-04,0.0158325071,23,25,1.6553,1.7551,solved,0
0.0050595398,0.0050595398,2.5100486614e-04,0.0158431331,23,25,1.6127,1.6921,solved,0
0.0050631706,0.0050631706,2.5134212626e-04,0.0158537732,23,25,1.6193,1.6939,solved,0
0.0050668020,0.0050668020,2.5168017432e-04,0.0158644311,23,25,1.6157,1.6877,solved,0
0.0050704328,0.0050704328,2.5201889860e-04,0.0158751031,23,25,1.5991,1.6723,solved,0
0.0050740642,0.0050740642,2.5235841106e-04,0.0158857927,23,25,1.6142,1.6862,solved,0
0.0050776949,0.0050776949,2.5269859013e-04,0.0158964962,23,25,1.6193,1.6915,solved,0
0.0050813259,0.0050813259,2.5303952937e-04,0.0159072163,23,25,1.6148,1.6861,solved,0
0.0050849571,0.0050849571,2.5338121956e-04,0.0159179527,23,25,1.6640,1.7386,solved,0
0.0050885880,0.0050885880,2.5372361360e-04,0.0159287041,23,25,1.6682,1.7823,solved,0
0.0050922193,0.0050922193,2.5406677755e-04,0.0159394723,23,25,1.6399,1.7389,solved,0
0.0050958502,0.0050958502,2.5441063580e-04,0.0159502550,23,25,1.6148,1.6893,solved,0
0.0050994815,0.0050994815,2.5475526411e-04,0.0159610546,23,25,1.6039,1.6748,solved,0
0.0051031124,0.0051031124,2.5510058656e-04,0.0159718686,23,25,1.6184,1.6891,solved,0
0.0051067436,0.0051067436,2.5544666969e-04,0.0159826991,23,25,1.6156,1.6997,solved,0
0.0051103746,0.0051103746,2.5579346588e-04,0.0159935445,23,25,1.6295,1.7174,solved,0
0.0051140058,0.0051140058,2.5614101333e-04,0.0160044061,23,25,1.6230,1.7019,solved,0
0.0051176368,0.0051176368,2.5648927376e-04,0.0160152825,23,25,1.7826,2.2181,solved,0
0.0051212680,0.0051212680,2.5683828554e-04,0.0160261750,23,25,1.6921,1.8383,solved,0
0.0051248989,0.0051248989,2.5718800078e-04,0.0160370821,22,25,1.6467,1.7351,solved,0
0.0051285298,0.0051285298,2.5753847595e-04,0.0160480054,22,25,1.6281,1.7067,solved,0
0.0051321610,0.0051321610,2.5788975960e-04,0.0160589464,22,25,1.6091,1.6821,solved,0
0.0051357917,0.0051357917,2.5824177425e-04,0.0160699027,22,25,1.6049,1.6832,solved,0
0.0051394231,0.0051394231,2.5859463633e-04,0.0160808780,22,25,1.6062,1.6788,solved,0
0.0051430539,0.0051430539,2.5894821954e-04,0.0160918681,22,25,1.6118,1.6841,solved,0
0.0051466853,0.0051466853,2.5930264075e-04,0.0161028768,22,25,1.6855,1.7608,solved,0
0.0051503162,0.0051503162,2.5965779262e-04,0.0161139006,22,25,1.6628,1.7528,solved,0
0.0051539474,0.0051539474,2.6001375335e-04,0.0161249420,22,25,1.6147,1.6972,solved,0
0.0051575780,0.0051575780,2.6037043462e-04,0.0161359981,22,25,1.6121,1.6867,solved,0
0.0051612094,0.0051612094,2.6072797402e-04,0.0161470732,22,25,1.5994,1.6712,solved,0
0.0051648403,0.0051648403,2.6108624366e-04,0.0161581634,22,25,1.6036,1.6751,solved,0
0.0051684715,0.0051684715,2.6144532241e-04,0.0161692709,22,25,1.6149,1.6868,solved,0
0.0051721025,0.0051721025,2.6180516086e-04,0.0161803943,22,25,1.6139,1.6875,solved,0
0.0051757338,0.0051757338,2.6216580860e-04,0.0161915351,22,25,1.6080,1.6805,solved,0
0.0051793643,0.0051793643,2.6252715621e-04,0.0162026898,22,25,1.6515,1.7252,solved,0
0.0051829953,0.0051829953,2.6288933299e-04,0.0162138624,22,25,1.6142,1.6888,solved,0
0.0051866266,0.0051866266,2.6325231924e-04,0.0162250522,22,25,1.5985,1.6712,solved,0
0.0051902575,0.0051902575,2.6361604498e-04,0.0162362571,22,25,1.6115,1.6830,solved,0
0.0051938887,0.0051938887,2.6398058027e-04,0.0162474792,22,25,1.6017,1.6753,solved,0
0.0051975196,0.0051975196,2.6434586489e-04,0.0162587166,22,25,1.6351,1.7087,solved,0
0.0052011508,0.0052011508,2.6471195921e-04,0.0162699711,22,25,1.6107,1.6824,solved,0
0.0052047816,0.0052047816,2.6507879261e-04,0.0162812405,22,25,1.6129,1.6845,solved,0
0.0052084130,0.0052084130,2.6544646620e-04,0.0162925279,22,25,1.6486,1.7227,solved,0
0.0052120439,0.0052120439,2.6581486863e-04,0.0163038299,22,25,1.5972,1.6693,solved,0
0.0052156753,0.0052156753,2.6618410174e-04,0.0163151495,21,25,1.6164,1.6930,solved,0
0.0052193060,0.0052193060,2.6655407232e-04,0.0163264838,20,25,1.6222,1.6971,solved,0
0.0052229371,0.0052229371,2.6692491581e-04,0.0163378369,20,25,1.6137,1.6857,solved,0
0.0052265679,0.0052265679,2.6729656231e-04,0.0163492068,20,25,1.6142,1.6868,solved,0
0.0052301990,0.0052301990,2.6766907324e-04,0.0163605951,20,25,1.6142,1.6859,solved,0
0.0052338298,0.0052338298,2.6804238704e-04,0.0163720001,20,25,1.5992,1.6817,solved,0
0.0052374604,0.0052374604,2.6841651382e-04,0.0163834219,20,25,1.6083,1.6852,solved,0
0.0052410917,0.0052410917,2.6879154650e-04,0.0163948634,20,25,1.6536,1.7282,solved,0
0.0052447225,0.0052447225,2.6916736121e-04,0.0164063208,20,25,1.6179,1.6924,solved,0
0.0052483537,0.0052483537,2.6954405107e-04,0.0164177968,20,25,1.6158,1.6888,solved,0
0.0052519842,0.0052519842,2.6992150188e-04,0.0164292879,20,25,1.6106,1.6849,solved,0
0.0052556155,0.0052556155,2.7029986962e-04,0.0164407989,20,25,1.6273,1.7044,solved,0
0.0052592461,0.0052592461,2.7067899802e-04,0.0164523250,20,25,1.6187,1.6971,solved,0
0.0052628775,0.0052628775,2.7105904375e-04,0.0164638709,20,25,1.6119,1.6868,solved,0
0.0052665083,0.0052665083,2.7143986038e-04,0.0164754320,20,25,1.6232,1.6967,solved,0
0.0052701393,0.0052701393,2.7182153167e-04,0.0164870110,20,25,1.6259,1.6989,solved,0
0.0052737700,0.0052737700,2.7220400438e-04,0.0164986061,21,25,1.6662,1.7394,solved,0
0.0052774013,0.0052774013,2.7258737143e-04,0.0165102202,21,25,1.6194,1.6968,solved,0
0.0052810320,0.0052810320,2.7297150601e-04,0.0165218494,21,25,1.6382,1.7392,solved,0
0.0052846627,0.0052846627,2.7335647137e-04,0.0165334954,21,25,1.6319,1.7511,solved,0
0.0052882940,0.0052882940,2.7374233136e-04,0.0165451604,21,25,1.6270,1.7358,solved,0
0.0052919245,0.0052919245,2.7412893713e-04,0.0165568396,21,25,1.6023,1.6806,solved,0
0.0052955560,0.0052955560,2.7451648044e-04,0.0165685389,21,25,1.6292,1.7060,solved,0
0.0052991864,0.0052991864,2.7490473715e-04,0.0165802514,21,25,1.6186,1.6924,solved,0
0.0053028177,0.0053028177,2.7529392107e-04,0.0165919836,21,25,1.6246,1.7518,solved,0
0.0053064484,0.0053064484,2.7568387155e-04,0.0166037307,21,25,1.6642,1.7975,solved,0
0.0053100797,0.0053100797,2.7607471747e-04,0.0166154963,21,25,1.6367,1.7467,solved,0
0.0053137104,0.0053137104,2.7646632967e-04,0.0166272767,21,25,1.6323,1.7202,solved,0
0.0053173416,0.0053173416,2.7685882677e-04,0.0166390753,21,25,1.6175,1.6997,solved,0
0.0053209724,0.0053209724,2.7725211153e-04,0.0166508892,21,25,1.6110,1.7088,solved,0
0.0053246035,0.0053246035,2.7764625972e-04,0.0166627207,21,25,1.6298,1.7252,solved,0
0.0053282340,0.0053282340,2.7804117355e-04,0.0166745667,21,25,1.6199,1.6943,solved,0
0.0053318650,0.0053318650,2.7843697265e-04,0.0166864308,21,25,1.6174,1.6896,solved,0
0.0053354960,0.0053354960,2.7883360268e-04,0.0166983114,21,25,1.6673,1.7411,solved,0
0.0053391268,0.0053391268,2.7923104173e-04,0.0167102077,21,25,1.6142,1.6875,solved,0
0.0053427579,0.0053427579,2.7962934455e-04,0.0167221214,21,25,1.6132,1.6934,solved,0
0.0053463887,0.0053463887,2.8002844535e-04,0.0167340505,21,25,1.6425,1.7371,solved,0
0.0053500199,0.0053500199,2.8042842109e-04,0.0167459972,21,25,1.6014,1.6760,solved,0
0.0053536504,0.0053536504,2.8082915051e-04,0.0167579578,21,25,1.6145,1.6858,solved,0
0.0053572816,0.0053572816,2.8123078814e-04,0.0167699370,21,25,1.6055,1.6763,solved,0
0.0053609123,0.0053609123,2.8163320132e-04,0.0167819308,21,25,1.6284,1.7020,solved,0
0.0053645436,0.0053645436,2.8203651200e-04,0.0167939427,21,25,1.6196,1.6922,solved,0
0.0053681743,0.0053681743,2.8244058690e-04,0.0168059688,21,25,1.6636,1.7369,solved,0
0.0053718056,0.0053718056,2.8284555958e-04,0.0168180129,21,25,1.6057,1.6883,solved,0
0.0053754362,0.0053754362,2.8325128502e-04,0.0168300709,21,25,1.6017,1.6726,solved,0
0.0053790675,0.0053790675,2.8365791968e-04,0.0168421471,21,25,1.6288,1.7134,solved,0
0.0053826980,0.0053826980,2.8406529555e-04,0.0168542367,21,25,1.6249,1.7088,solved,0
0.0053863287,0.0053863287,2.8447352463e-04,0.0168663430,21,25,1.6163,1.6907,solved,0
0.0053899600,0.0053899600,2.8488265218e-04,0.0168784671,21,25,1.6098,1.6820,solved,0
0.0053935906,0.0053935906,2.8529253168e-04,0.0168906048,21,25,1.6061,1.6778,solved,0
0.0053972219,0.0053972219,2.8570332121e-04,0.0169027608,21,25,1.6593,1.7335,solved,0
0.0054008525,0.0054008525,2.8611486237e-04,0.0169149302,21,25,1.6008,1.6734,solved,0
0.0054044838,0.0054044838,2.8652731388e-04,0.0169271177,21,25,1.6160,1.6870,solved,0
0.0054081144,0.0054081144,2.8694051670e-04,0.0169393187,21,25,1.6097,1.6817,solved,0
0.0054117455,0.0054117455,2.8735460735e-04,0.0169515370,21,25,1.6037,1.6774,solved,0
0.0054153762,0.0054153762,2.8776948322e-04,0.0169637697,21,25,1.6163,1.6922,solved,0
0.0054190075,0.0054190075,2.8818525866e-04,0.0169760201,21,25,1.6129,1.6839,solved,0
0.0054226382,0.0054226382,2.8860179626e-04,0.0169882841,21,25,1.6201,1.6918,solved,0
0.0054262694,0.0054262694,2.8901922219e-04,0.0170005653,21,25,1.6050,1.6758,solved,0
0.0054299002,0.0054299002,2.8943743303e-04,0.0170128608,21,25,1.6595,1.7344,solved,0
0.0054335313,0.0054335313,2.8985650936e-04,0.0170251728,21,25,1.6173,1.6908,solved,0
0.0054371619,0.0054371619,2.9027635879e-04,0.0170374986,21,25,1.6162,1.6882,solved,0
0.0054407926,0.0054407926,2.9069705057e-04,0.0170498402,21,25,1.6078,1.6810,solved,0
0.0054444238,0.0054444238,2.9111863125e-04,0.0170621989,21,25,1.6294,1.7077,solved,0
0.0054480546,0.0054480546,2.9154099638e-04,0.0170745716,21,25,1.6139,1.6918,solved,0
0.0054516859,0.0054516859,2.9196425068e-04,0.0170869614,21,25,1.6019,1.6737,solved,0
0.0054553165,0.0054553165,2.9238825423e-04,0.0170993641,21,25,1.6194,1.6911,solved,0
0.0054589478,0.0054589478,2.9281317051e-04,0.0171117846,21,25,1.6371,1.7091,solved,0
0.0054625782,0.0054625782,2.9323881224e-04,0.0171242171,21,25,1.7464,1.9306,solved,0
0.0054662095,0.0054662095,2.9366539045e-04,0.0171366680,21,25,1.6378,1.7163,solved,0
0.0054698402,0.0054698402,2.9409272905e-04,0.0171491320,21,25,1.6240,1.6994,solved,0
0.0054734714,0.0054734714,2.9452095746e-04,0.0171616129,21,25,1.6134,1.6860,solved,0
0.0054771022,0.0054771022,2.9494996959e-04,0.0171741075,21,25,1.6167,1.6895,solved,0
0.0054807332,0.0054807332,2.9537983625e-04,0.0171866179,21,25,1.6076,1.6783,solved,0
0.0054843641,0.0054843641,2.9581052198e-04,0.0171991431,21,25,1.6231,1.6936,solved,0
0.0054879951,0.0054879951,2.9624205049e-04,0.0172116835,21,25,1.6172,1.6897,solved,0
0.0054916258,0.0054916258,2.9667437417e-04,0.0172242380,21,25,1.6740,1.7498,solved,0
0.0054952566,0.0054952566,2.9710754059e-04,0.0172368077,21,25,1.6126,1.6868,solved,0
0.0054988878,0.0054988878,2.9754158571e-04,0.0172493938,21,25,1.6100,1.6809,solved,0
0.0055025185,0.0055025185,2.9797640191e-04,0.0172619930,21,25,1.6148,1.6851,solved,0
0.0055061497,0.0055061497,2.9841210896e-04,0.0172746088,21,25,1.6074,1.7013,solved,0
0.0055097803,0.0055097803,2.9884858711e-04,0.0172872377,20,25,1.6505,1.7360,solved,0
0.0055134115,0.0055134115,2.9928599380e-04,0.0172998842,20,25,1.6491,1.7247,solved,0
0.0055170424,0.0055170424,2.9972422073e-04,0.0173125452,20,25,1.6179,1.6891,solved,0
0.0055206734,0.0055206734,3.0016331611e-04,0.0173252220,20,25,1.6114,1.6827,solved,0
0.0055243042,0.0055243042,3.0060324363e-04,0.0173379135,20,25,1.6686,1.7417,solved,0
0.0055279354,0.0055279354,3.0104409359e-04,0.0173506223,19,25,1.6266,1.7003,solved,0
0.0055315660,0.0055315660,3.0148580843e-04,0.0173633467,19,25,1.6089,1.6806,solved,0
0.0055351973,0.0055351973,3.0192855224e-04,0.0173760914,19,25,1.6037,1.6908,solved,0
0.0055388280,0.0055388280,3.0237216653e-04,0.0173888518,19,25,1.6221,1.6932,solved,0
0.0055424589,0.0055424589,3.0281674891e-04,0.0174016306,19,25,1.6215,1.7030,solved,0
0.0055460897,0.0055460897,3.0326226268e-04,0.0174144269,19,25,1.6119,1.6874,solved,0
0.0055497206,0.0055497206,3.0370873239e-04,0.0174272411,19,25,1.6129,1.6930,solved,0
0.0055533518,0.0055533518,3.0415618277e-04,0.0174400740,19,25,1.6480,1.7600,solved,0
0.0055569825,0.0055569825,3.0460451517e-04,0.0174529228,19,25,1.7585,1.8957,solved,0
0.0055606137,0.0055606137,3.0505385309e-04,0.0174657909,19,25,1.6309,1.7292,solved,0
0.0055642443,0.0055642443,3.0550406035e-04,0.0174786744,19,25,1.6091,1.6829,solved,0
0.0055678754,0.0055678754,3.0595527333e-04,0.0174915772,19,25,1.6146,1.6856,solved,0
0.0055715063,0.0055715063,3.0640740515e-04,0.0175044967,19,25,1.6153,1.6872,solved,0
0.0055751373,0.0055751373,3.0686049314e-04,0.0175174340,19,25,1.6498,1.7449,solved,0
0.0055787681,0.0055787681,3.0731449982e-04,0.0175303879,19,25,1.6178,1.7038,solved,0
0.0055823992,0.0055823992,3.0776948775e-04,0.0175433602,19,25,1.6154,1.6871,solved,0
0.0055860299,0.0055860299,3.0822536918e-04,0.0175563484,19,25,1.6623,1.7372,solved,0
0.0055896611,0.0055896611,3.0868225716e-04,0.0175693556,19,25,1.6084,1.6804,solved,0
0.0055932918,0.0055932918,3.0914002587e-04,0.0175823783,19,25,1.6279,1.7032,solved,0
0.0055969225,0.0055969225,3.0959873814e-04,0.0175954181,19,25,1.6598,1.7373,solved,0
0.0056005537,0.0056005537,3.1005845735e-04,0.0176084769,19,25,1.6181,1.6918,solved,0
0.0056041844,0.0056041844,3.1051905689e-04,0.0176215509,19,25,1.6146,1.6859,solved,0
0.0056078156,0.0056078156,3.1098066363e-04,0.0176346438,19,25,1.6253,1.7021,solved,0
0.0056114463,0.0056114463,3.1144315044e-04,0.0176477520,19,25,1.6167,1.6997,solved,0
0.0056150775,0.0056150775,3.1190664471e-04,0.0176608789,19,25,1.6048,1.6793,solved,0
0.0056187082,0.0056187082,3.1237101879e-04,0.0176740210,19,25,1.6596,1.7349,solved,0
0.0056223394,0.0056223394,3.1283640059e-04,0.0176871818,19,25,1.6102,1.6850,solved,0
0.0056259700,0.0056259700,3.1330264909e-04,0.0177003573,19,25,1.6591,1.7307,solved,0
0.0056296011,0.0056296011,3.1376990551e-04,0.0177135515,19,25,1.6123,1.6854,solved,0
0.0056332320,0.0056332320,3.1423807989e-04,0.0177267617,19,25,1.6180,1.6895,solved,0
0.0056368630,0.0056368630,3.1470721088e-04,0.0177399890,19,25,1.6271,1.6980,solved,0
0.0056404937,0.0056404937,3.1517724672e-04,0.0177532320,19,25,1.6103,1.6815,solved,0
0.0056441244,0.0056441244,3.1564822613e-04,0.0177664917,19,25,1.6037,1.6740,solved,0
0.0056477557,0.0056477557,3.1612022718e-04,0.0177797702,19,25,1.6197,1.7039,solved,0
0.0056513865,0.0056513865,3.1659310692e-04,0.0177930634,19,25,1.6121,1.6839,solved,0
0.0056550178,0.0056550178,3.1706699560e-04,0.0178063751,19,25,1.6192,1.6922,solved,0
0.0056586482,0.0056586482,3.1754171036e-04,0.0178197001,19,25,1.6232,1.6951,solved,0
0.0056622795,0.0056622795,3.1801748657e-04,0.0178330448,19,25,1.6043,1.6749,solved,0
0.0056659101,0.0056659101,3.1849411467e-04,0.0178464034,19,25,1.5973,1.6823,solved,0
0.0056695413,0.0056695413,3.1897176529e-04,0.0178597807,19,25,1.6035,1.6738,solved,0
0.0056731721,0.0056731721,3.1945030698e-04,0.0178731728,19,25,1.6497,1.7532,solved,0
0.0056768032,0.0056768032,3.1992983194e-04,0.0178865825,19,25,1.6977,1.8814,solved,0
0.0056804339,0.0056804339,3.2041024769e-04,0.0179000069,19,25,1.6457,1.8089,solved,0
0.0056840652,0.0056840652,3.2089168665e-04,0.0179134499,19,25,1.6236,1.7160,solved,0
0.0056876957,0.0056876957,3.2137396311e-04,0.0179269061,19,25,1.6593,1.7686,solved,0
0.0056913270,0.0056913270,3.2185728962e-04,0.0179403815,19,25,1.6236,1.7177,solved,0
0.0056949575,0.0056949575,3.2234145322e-04,0.0179538701,19,25,1.6113,1.6862,solved,0
0.0056985884,0.0056985884,3.2282661378e-04,0.0179673764,19,25,1.6027,1.6860,solved,0
0.0057022195,0.0057022195,3.2331274483e-04,0.0179808994,19,25,1.6060,1.6770,solved,0
0.0057058503,0.0057058503,3.2379977936e-04,0.0179944375,19,25,1.7728,1.9285,solved,0
0.0057094814,0.0057094814,3.2428779788e-04,0.0180079926,19,25,1.6905,1.8456,solved,0
0.0057131122,0.0057131122,3.2477671974e-04,0.0180215626,19,25,1.6489,1.8203,solved,0
0.0057167433,0.0057167433,3.2526662574e-04,0.0180351497,19,25,1.6603,1.8119,solved,0
0.0057203741,0.0057203741,3.2575743492e-04,0.0180487516,19,25,1.6199,1.7174,solved,0
0.0057240052,0.0057240052,3.2624922840e-04,0.0180623705,19,25,1.7207,1.8807,solved,0
0.0057276359,0.0057276359,3.2674191132e-04,0.0180760037,19,25,1.6636,1.8171,solved,0
0.0057312671,0.0057312671,3.2723560585e-04,0.0180896547,19,25,1.7211,1.9067,solved,0
0.0057348977,0.0057348977,3.2773016241e-04,0.0181033191,19,25,1.7212,1.9530,solved,0
0.0057385289,0.0057385289,3.2822574445e-04,0.0181170015,19,25,2.0380,2.2689,solved,0
0.0057421597,0.0057421597,3.2872221557e-04,0.0181306982,19,25,1.6515,1.8074,solved,0
0.0057457907,0.0057457907,3.2921965774e-04,0.0181444112,19,25,1.6548,1.7904,solved,0
0.0057494216,0.0057494216,3.2971802990e-04,0.0181581395,19,25,1.8261,2.0254,solved,0
0.0057530521,0.0057530521,3.3021729067e-04,0.0181718819,19,25,1.6869,1.8565,solved,0
0.0057566834,0.0057566834,3.3071760523e-04,0.0181856428,19,25,1.7045,1.8480,solved,0
0.0057603141,0.0057603141,3.3121878077e-04,0.0181994170,19,25,1.7014,1.8959,solved,0
0.0057639453,0.0057639453,3.3172096910e-04,0.0182132086,19,25,1.6635,1.8332,solved,0
0.0057675760,0.0057675760,3.3222403191e-04,0.0182270138,19,25,1.6819,1.9032,solved,0
0.0057712072,0.0057712072,3.3272810777e-04,0.0182408363,19,25,1.7595,2.1229,solved,0
0.0057748378,0.0057748378,3.3323304394e-04,0.0182546718,19,25,1.9782,2.2883,solved,0
0.0057784689,0.0057784689,3.3373899335e-04,0.0182685247,19,25,1.7056,1.9033,solved,0
0.0057820998,0.0057820998,3.3424585860e-04,0.0182823920,19,25,1.7090,1.8889,solved,0
0.0057857308,0.0057857308,3.3475368152e-04,0.0182962751,19,25,1.6681,1.8034,solved,0
0.0057893616,0.0057893616,3.3526242011e-04,0.0183101726,19,25,2.1145,2.3453,solved,0
0.0057929928,0.0057929928,3.3577215853e-04,0.0183240868,19,25,2.1976,2.4969,solved,0
0.0057966235,0.0057966235,3.3628277040e-04,0.0183380144,19,25,2.2029,2.4668,solved,0
0.0058002542,0.0058002542,3.3679432584e-04,0.0183519570,19,25,2.1149,2.4366,solved,0
0.0058038854,0.0058038854,3.3730689549e-04,0.0183659167,19,25,2.2422,2.4803,solved,0
0.0058075160,0.0058075160,3.3782032404e-04,0.0183798891,19,25,1.7880,1.9883,solved,0
0.0058111473,0.0058111473,3.3833479537e-04,0.0183938793,19,25,1.9592,2.1505,solved,0
0.0058147778,0.0058147778,3.3885009694e-04,0.0184078814,19,25,1.9031,2.1143,solved,0
0.0058184091,0.0058184091,3.3936645583e-04,0.0184219015,19,25,1.9211,2.2197,solved,0
0.0058220399,0.0058220399,3.3988368731e-04,0.0184359347,19,25,2.0080,2.2314,solved,0
0.0058256710,0.0058256710,3.4040190526e-04,0.0184499839,19,25,1.9166,2.1140,solved,0
0.0058293016,0.0058293016,3.4092099544e-04,0.0184640460,19,25,1.7158,1.8820,solved,0
0.0058329330,0.0058329330,3.4144114383e-04,0.0184781261,19,25,1.7798,1.9805,solved,0
0.0058365635,0.0058365635,3.4196210689e-04,0.0184922175,19,25,1.9460,2.1306,solved,0
0.0058401948,0.0058401948,3.4248412853e-04,0.0185063267,19,25,2.1458,2.3537,solved,0
0.0058438254,0.0058438254,3.4300699314e-04,0.0185204480,19,25,2.0717,2.2640,solved,0
0.0058474567,0.0058474567,3.4353090236e-04,0.0185345867,19,25,1.6912,1.8409,solved,0
0.0058510873,0.0058510873,3.4405565419e-04,0.0185487373,19,25,1.6703,1.7968,solved,0
0.0058547181,0.0058547181,3.4458137853e-04,0.0185629033,19,25,1.9714,2.3117,solved,0
0.0058583492,0.0058583492,3.4510809004e-04,0.0185770851,19,25,1.7521,1.9156,solved,0
0.0058619800,0.0058619800,3.4563570170e-04,0.0185912803,19,25,1.7594,1.9129,solved,0
0.0058656110,0.0058656110,3.4616428612e-04,0.0186054908,19,25,1.6836,1.8253,solved,0
0.0058692419,0.0058692419,3.4669379967e-04,0.0186197153,19,25,1.7669,1.9488,solved,0
0.0058728730,0.0058728730,3.4722428614e-04,0.0186339552,19,25,1.6895,1.8006,solved,0
0.0058765037,0.0058765037,3.4775565779e-04,0.0186482079,19,25,1.6409,1.7282,solved,0
0.0058801349,0.0058801349,3.4828804639e-04,0.0186624770,19,25,1.6385,1.7240,solved,0
0.0058837657,0.0058837657,3.4882132001e-04,0.0186767588,19,25,1.6378,1.7792,solved,0
0.0058873967,0.0058873967,3.4935556671e-04,0.0186910558,19,25,1.6850,1.9307,solved,0
0.0058910276,0.0058910276,3.4989074238e-04,0.0187053667,19,25,1.9798,2.1524,solved,0
0.0058946587,0.0058946587,3.5042689128e-04,0.0187196926,19,25,1.6922,1.8474,solved,0
0.0058982894,0.0058982894,3.5096392474e-04,0.0187340312,19,25,2.1723,2.3618,solved,0
0.0059019201,0.0059019201,3.5150190178e-04,0.0187483840,19,25,1.7120,1.8848,solved,0
0.0059055512,0.0059055512,3.5204088180e-04,0.0187627525,19,25,1.7690,1.9567,solved,0
0.0059091819,0.0059091819,3.5258074608e-04,0.0187771336,19,25,1.7596,1.9302,solved,0
0.0059128131,0.0059128131,3.5312162847e-04,0.0187915308,19,25,1.6708,1.8147,solved,0
0.0059164438,0.0059164438,3.5366338001e-04,0.0188059400,19,25,1.6689,1.7911,solved,0
0.0059200751,0.0059200751,3.5420616489e-04,0.0188203657,19,25,1.6874,1.8306,solved,0
0.0059237057,0.0059237057,3.5474978875e-04,0.0188348026,19,25,1.8540,2.0288,solved,0
0.0059273368,0.0059273368,3.5529443118e-04,0.0188492555,19,25,1.8090,2.0131,solved,0
0.0059309676,0.0059309676,3.5583997228e-04,0.0188637211,19,25,1.6844,1.8624,solved,0
0.0059345987,0.0059345987,3.5638650347e-04,0.0188782018,18,25,1.7720,1.9786,solved,0
0.0059382295,0.0059382295,3.5693399681e-04,0.0188926969,18,25,1.6753,1.8188,solved,0
0.0059418605,0.0059418605,3.5748256219e-04,0.0189072093,18,25,1.6317,1.7260,solved,0
0.0059454911,0.0059454911,3.5803210887e-04,0.0189217364,18,25,1.6435,1.7336,solved,0
0.0059491223,0.0059491223,3.5858278832e-04,0.0189362823,18,25,1.7533,1.9163,solved,0
0.0059527529,0.0059527529,3.5913441855e-04,0.0189508422,18,25,1.6942,1.9077,solved,0
0.0059563837,0.0059563837,3.5968712093e-04,0.0189654191,18,25,1.6901,1.8424,solved,0
0.0059600148,0.0059600148,3.6024091090e-04,0.0189800135,18,25,1.8275,1.9809,solved,0
0.0059636454,0.0059636454,3.6079566637e-04,0.0189946220,18,25,1.7231,1.8804,solved,0
0.0059672764,0.0059672764,3.6135152482e-04,0.0190092484,18,25,1.6910,1.8618,solved,0
0.0059709071,0.0059709071,3.6190837912e-04,0.0190238897,18,25,1.6960,1.8512,solved,0
0.0059745383,0.0059745383,3.6246635207e-04,0.0190385491,18,25,1.7133,1.8464,solved,0
0.0059781690,0.0059781690,3.6302528999e-04,0.0190532226,18,25,1.9375,2.1390,solved,0
0.0059818000,0.0059818000,3.6358531597e-04,0.0190679133,18,25,1.7547,1.9621,solved,0
0.0059854307,0.0059854307,3.6414633746e-04,0.0190826187,18,25,1.7795,1.9834,solved,0
0.0059890619,0.0059890619,3.6470847817e-04,0.0190973422,18,25,2.2541,2.4753,solved,0
0.0059926923,0.0059926923,3.6527153671e-04,0.0191120783,18,25,1.9360,2.1625,solved,0
0.0059963235,0.0059963235,3.6583576124e-04,0.0191268335,18,25,1.8436,2.1515,solved,0
0.0059999543,0.0059999543,3.6640096547e-04,0.0191416030,18,25,1.7215,1.8931,solved,0
0.0060035853,0.0060035853,3.6696724272e-04,0.0191563891,18,25,1.7178,1.9025,solved,0
0.0060072161,0.0060072161,3.6753453060e-04,0.0191711901,18,25,1.6962,1.8628,solved,0
0.0060108467,0.0060108467,3.6810282895e-04,0.0191860061,18,25,1.6644,1.8193,solved,0
0.0060144778,0.0060144778,3.6867224745e-04,0.0192008398,18,25,1.7527,1.9836,solved,0
0.0060181084,0.0060181084,3.6924262931e-04,0.0192156871,18,25,1.7266,1.9250,solved,0
0.0060217395,0.0060217395,3.6981413161e-04,0.0192305520,18,25,1.6753,1.8789,solved,0
0.0060253702,0.0060253702,3.7038661275e-04,0.0192454310,18,25,1.7189,1.8714,solved,0
0.0060290014,0.0060290014,3.7096021555e-04,0.0192603275,17,25,1.6276,1.8149,solved,0
0.0060326321,0.0060326321,3.7153480162e-04,0.0192752380,17,25,1.6944,1.9011,solved,0
0.0060362633,0.0060362633,3.7211053736e-04,0.0192901669,17,25,1.6472,1.7834,solved,0
0.0060398939,0.0060398939,3.7268724831e-04,0.0193051094,17,25,1.7212,1.8920,solved,0
0.0060435252,0.0060435252,3.7326514102e-04,0.0193200709,17,25,1.6742,1.8376,solved,0
0.0060471558,0.0060471558,3.7384399270e-04,0.0193350457,17,25,1.6474,1.7865,solved,0
0.0060507870,0.0060507870,3.7442401057e-04,0.0193500390,17,25,1.6357,1.7578,solved,0
0.0060544176,0.0060544176,3.7500500294e-04,0.0193650459,17,25,1.6506,1.7792,solved,0
0.0060580483,0.0060580483,3.7558708161e-04,0.0193800692,17,25,1.6590,1.8244,solved,0
0.0060616796,0.0060616796,3.7617032707e-04,0.0193951109,17,25,1.6596,1.8067,solved,0
0.0060653102,0.0060653102,3.7675453045e-04,0.0194101656,17,25,1.6458,1.7793,solved,0
0.0060689414,0.0060689414,3.7733990091e-04,0.0194252388,17,25,1.8298,2.0319,solved,0
0.0060725720,0.0060725720,3.7792624498e-04,0.0194403252,17,25,2.1735,2.3897,solved,0
0.0060762032,0.0060762032,3.7851375648e-04,0.0194554300,17,25,2.4407,2.6329,solved,0
0.0060798341,0.0060798341,3.7910228993e-04,0.0194705493,17,25,1.6982,1.8272,solved,0
0.0060834652,0.0060834652,3.7969192631e-04,0.0194856852,17,25,1.7315,1.9195,solved,0
0.0060870958,0.0060870958,3.8028255184e-04,0.0195008346,17,25,2.1352,2.3744,solved,0
0.0060907270,0.0060907270,3.8087434550e-04,0.0195160023,17,25,1.7149,1.8967,solved,0
0.0060943577,0.0060943577,3.8146712806e-04,0.0195311835,17,25,1.6615,1.8049,solved,0
0.0060979889,0.0060979889,3.8206106279e-04,0.0195463823,17,25,1.6705,1.8129,solved,0
0.0061016196,0.0061016196,3.8265598613e-04,0.0195615947,17,25,1.9707,2.2020,solved,0
0.0061052506,0.0061052506,3.8325202909e-04,0.0195768238,17,25,1.9856,2.2130,solved,0
0.0061088814,0.0061088814,3.8384910961e-04,0.0195920675,17,25,1.6835,1.8245,solved,0
0.0061125121,0.0061125121,3.8444724403e-04,0.0196073263,17,25,1.6678,1.7894,solved,0
0.0061161433,0.0061161433,3.8504653135e-04,0.0196226026,17,25,1.6619,1.7871,solved,0
0.0061197739,0.0061197739,3.8564679000e-04,0.0196378917,17,25,1.6621,1.7896,solved,0
0.0061234051,0.0061234051,3.8624821837e-04,0.0196531987,17,25,1.6607,1.7829,solved,0
0.0061270357,0.0061270357,3.8685061772e-04,0.0196685184,17,25,1.6179,1.7257,solved,0
0.0061306670,0.0061306670,3.8745420377e-04,0.0196838564,17,25,1.6058,1.6963,solved,0
0.0061342977,0.0061342977,3.8805876051e-04,0.0196992071,17,25,1.6158,1.7243,solved,0
0.0061379287,0.0061379287,3.8866443764e-04,0.0197145742,17,25,1.6593,1.7835,solved,0
0.0061415595,0.0061415595,3.8927115182e-04,0.0197299557,17,25,1.6384,1.7630,solved,0
0.0061451906,0.0061451906,3.8987898664e-04,0.0197453535,17,25,1.6562,1.8080,solved,0
0.0061488216,0.0061488216,3.9048787523e-04,0.0197607661,17,25,1.6601,1.8102,solved,0
0.0061524524,0.0061524524,3.9109782110e-04,0.0197761933,16,25,1.6532,1.7795,solved,0
0.0061560830,0.0061560830,3.9170888548e-04,0.0197916368,16,25,1.6614,1.7911,solved,0
0.0061597139,0.0061597139,3.9232115673e-04,0.0198070986,16,25,1.6790,1.8246,solved,0
0.0061633450,0.0061633450,3.9293462462e-04,0.0198225787,15,25,1.7103,1.8616,solved,0
0.0061669756,0.0061669756,3.9354918246e-04,0.0198380741,15,25,1.6717,1.8059,solved,0
0.0061706066,0.0061706066,3.9416498277e-04,0.0198535887,15,25,1.6521,1.7936,solved,0
0.0061742373,0.0061742373,3.9478190691e-04,0.0198691194,15,25,2.0225,2.3559,solved,0
0.0061778685,0.0061778685,3.9540009088e-04,0.0198846697,15,25,1.7272,1.9588,solved,0
0.0061814990,0.0061814990,3.9601933032e-04,0.0199002344,15,25,2.1218,2.3787,solved,0
0.0061851302,0.0061851302,3.9663986401e-04,0.0199158194,15,25,2.1878,2.4332,solved,0
0.0061887609,0.0061887609,3.9726148698e-04,0.0199314196,15,25,2.4429,2.6983,solved,0
0.0061923918,0.0061923918,3.9788431893e-04,0.0199470378,15,25,1.7497,1.9442,solved,0
0.0061960226,0.0061960226,3.9850830845e-04,0.0199626729,15,25,1.7121,1.8845,solved,0
0.0061996537,0.0061996537,3.9913352439e-04,0.0199783264,15,25,1.7184,1.8908,solved,0
0.0062032843,0.0062032843,3.9975982890e-04,0.0199939948,15,25,1.6609,1.7743,solved,0
0.0062069153,0.0062069153,4.0038737718e-04,0.0200096821,15,25,1.6299,1.7063,solved,0
0.0062105462,0.0062105462,4.0101608297e-04,0.0200253860,15,25,1.6279,1.7020,solved,0
0.0062141765,0.0062141765,4.0164585935e-04,0.0200411042,15,25,1.6290,1.7042,solved,0
0.0062178078,0.0062178078,4.0227698407e-04,0.0200568438,15,25,1.6577,1.7812,solved,0
0.0062214385,0.0062214385,4.0290917926e-04,0.0200725977,15,25,1.6334,1.7548,solved,0
0.0062250694,0.0062250694,4.0354258402e-04,0.0200883694,15,25,1.6533,1.7801,solved,0
0.0062287002,0.0062287002,4.0417714605e-04,0.0201041574,15,25,1.6687,1.8156,solved,0
0.0062323313,0.0062323313,4.0481293537e-04,0.0201199636,15,25,1.9029,2.0794,solved,0
0.0062359618,0.0062359618,4.0544979425e-04,0.0201357839,15,25,1.7185,1.8739,solved,0
0.0062395929,0.0062395929,4.0608793318e-04,0.0201516236,15,25,1.6297,1.7296,solved,0
0.0062432237,0.0062432237,4.0672719415e-04,0.0201674786,15,25,1.6192,1.6928,solved,0
0.0062468546,0.0062468546,4.0736764749e-04,0.0201833507,15,25,1.6711,1.7465,solved,0
0.0062504853,0.0062504853,4.0800924022e-04,0.0201992386,15,25,1.6194,1.6942,solved,0
0.0062541164,0.0062541164,4.0865207847e-04,0.0202151448,15,25,1.6273,1.7049,solved,0
0.0062577469,0.0062577469,4.0929598512e-04,0.0202310649,15,25,1.6280,1.7061,solved,0
0.0062613777,0.0062613777,4.0994111963e-04,0.0202470027,15,25,1.6340,1.7547,solved,0
0.0062650090,0.0062650090,4.1058751794e-04,0.0202629593,15,25,1.6700,1.8012,solved,0
0.0062686396,0.0062686396,4.1123496634e-04,0.0202789291,15,25,1.6294,1.7210,solved,0
0.0062722707,0.0062722707,4.1188367872e-04,0.0202949176,15,25,1.6225,1.6987,solved,0
0.0062759014,0.0062759014,4.1253349435e-04,0.0203109206,15,25,1.6242,1.7149,solved,0
0.0062795323,0.0062795323,4.1318452052e-04,0.0203269408,15,25,1.6735,1.7613,solved,0
0.0062831631,0.0062831631,4.1383670349e-04,0.0203429768,15,25,1.6170,1.6933,solved,0
0.0062867942,0.0062867942,4.1449011519e-04,0.0203590303,15,25,1.6208,1.6946,solved,0
0.0062904248,0.0062904248,4.1514461158e-04,0.0203750978,15,25,1.6015,1.6725,solved,0
0.0062940560,0.0062940560,4.1580039101e-04,0.0203911841,15,25,1.6717,1.7561,solved,0
0.0062976867,0.0062976867,4.1645725486e-04,0.0204072844,15,25,1.6200,1.7041,solved,0
0.0063013176,0.0063013176,4.1711532964e-04,0.0204234015,15,25,1.6140,1.6883,solved,0
0.0063049482,0.0063049482,4.1777452468e-04,0.0204395334,15,25,1.6158,1.6889,solved,0
0.0063085795,0.0063085795,4.1843502173e-04,0.0204556843,15,25,1.6594,1.7349,solved,0
0.0063122099,0.0063122099,4.1909652967e-04,0.0204718472,15,25,1.6192,1.6930,solved,0
0.0063158407,0.0063158407,4.1975928515e-04,0.0204880278,15,25,1.6116,1.7033,solved,0
0.0063194718,0.0063194718,4.2042327024e-04,0.0205042257,15,25,1.6067,1.6823,solved,0
0.0063231023,0.0063231023,4.2108832022e-04,0.0205204366,15,25,1.6191,1.6904,solved,0
0.0063267336,0.0063267336,4.2175469166e-04,0.0205366670,15,25,1.6185,1.6923,solved,0
0.0063303642,0.0063303642,4.2242210934e-04,0.0205529100,15,25,1.6186,1.6921,solved,0
0.0063339952,0.0063339952,4.2309077532e-04,0.0205691705,15,25,1.6186,1.6915,solved,0
0.0063376258,0.0063376258,4.2376054228e-04,0.0205854449,15,25,1.7041,1.8553,solved,0
0.0063412571,0.0063412571,4.2443161330e-04,0.0206017381,15,25,1.6993,1.9090,solved,0
0.0063448874,0.0063448874,4.2510367406e-04,0.0206180424,15,25,1.6142,1.7074,solved,0
0.0063485187,0.0063485187,4.2577709482e-04,0.0206343668,15,25,1.6081,1.6840,solved,0
0.0063521493,0.0063521493,4.2645156046e-04,0.0206507036,15,25,1.6143,1.7647,solved,0
0.0063557804,0.0063557804,4.2712729381e-04,0.0206670582,15,25,1.6447,1.7240,solved,0
0.0063594110,0.0063594110,4.2780410877e-04,0.0206834259,15,25,1.6169,1.6976,solved,0
0.0063630423,0.0063630423,4.2848222914e-04,0.0206998123,15,25,1.6142,1.6885,solved,0
0.0063666729,0.0063666729,4.2916139348e-04,0.0207162109,15,25,1.6078,1.6801,solved,0
0.0063703036,0.0063703036,4.2984175116e-04,0.0207326253,15,25,1.6866,1.7625,solved,0
0.0063739348,0.0063739348,4.3052337743e-04,0.0207490573,15,25,1.6151,1.6934,solved,0
0.0063775652,0.0063775652,4.3120602810e-04,0.0207655009,15,25,1.5983,1.6853,solved,0
0.0063811964,0.0063811964,4.3189000404e-04,0.0207819634,15,25,1.6067,1.6822,solved,0
0.0063848272,0.0063848272,4.3257507941e-04,0.0207984394,15,25,1.6125,1.6866,solved,0
0.0063884581,0.0063884581,4.3326134840e-04,0.0208149309,15,25,1.6166,1.6898,solved,0
0.0063920888,0.0063920888,4.3394875427e-04,0.0208314367,15,25,1.6091,1.6893,solved,0
0.0063957199,0.0063957199,4.3463741071e-04,0.0208479594,15,25,1.6244,1.7126,solved,0
0.0063993506,0.0063993506,4.3532716600e-04,0.0208644953,15,25,1.6176,1.7005,solved,0
0.0064029816,0.0064029816,4.3601815307e-04,0.0208810477,15,25,1.6720,1.7765,solved,0
0.0064066124,0.0064066124,4.3671027683e-04,0.0208976141,15,25,1.6132,1.7303,solved,0
0.0064102433,0.0064102433,4.3740359440e-04,0.0209141960,15,25,1.6325,1.7549,solved,0
0.0064138741,0.0064138741,4.3809806760e-04,0.0209307923,15,25,1.6181,1.7047,solved,0
0.0064175047,0.0064175047,4.3879367716e-04,0.0209474026,15,25,1.6074,1.6857,solved,0
0.0064211357,0.0064211357,4.3949053814e-04,0.0209640296,15,25,1.6068,1.6877,solved,0
0.0064247663,0.0064247663,4.4018849699e-04,0.0209806696,15,25,1.6458,1.7478,solved,0
0.0064283976,0.0064283976,4.4088776533e-04,0.0209973276,15,25,1.6296,1.7202,solved,0
0.0064320280,0.0064320280,4.4158803495e-04,0.0210139962,15,25,1.6105,1.6863,solved,0
0.0064356592,0.0064356592,4.4228963373e-04,0.0210306831,15,25,1.6933,1.8258,solved,0
0.0064392900,0.0064392900,4.4299233000e-04,0.0210473830,15,25,1.6391,1.7692,solved,0
0.0064429209,0.0064429209,4.4369622037e-04,0.0210640979,15,25,1.6264,1.7308,solved,0
0.0064465516,0.0064465516,4.4440124665e-04,0.0210808265,15,25,1.6112,1.6948,solved,0
0.0064501827,0.0064501827,4.4510752545e-04,0.0210975716,15,25,1.6143,1.6881,solved,0
0.0064538133,0.0064538133,4.4581488164e-04,0.0211143288,15,25,1.6487,1.7629,solved,0
0.0064574444,0.0064574444,4.4652351008e-04,0.0211311029,15,25,1.6483,1.7471,solved,0
0.0064610751,0.0064610751,4.4723323517e-04,0.0211478896,15,25,1.6928,1.7991,solved,0
0.0064647060,0.0064647060,4.4794417409e-04,0.0211646917,15,25,1.6785,1.7702,solved,0
0.0064683368,0.0064683368,4.4865626816e-04,0.0211815077,15,25,1.6100,1.7240,solved,0
0.0064719676,0.0064719676,4.4936953693e-04,0.0211983381,15,25,1.6187,1.6985,solved,0
0.0064755987,0.0064755987,4.5008403950e-04,0.0212151842,15,25,1.6202,1.6959,solved,0
0.0064792295,0.0064792295,4.5079965779e-04,0.0212320432,15,25,1.6292,1.7139,solved,0
0.0064828605,0.0064828605,4.5151649031e-04,0.0212489174,15,25,1.6699,1.7484,solved,0
0.0064864910,0.0064864910,4.5223439871e-04,0.0212658035,15,25,1.6098,1.6844,solved,0
0.0064901221,0.0064901221,4.5295360057e-04,0.0212827066,15,25,1.6129,1.6862,solved,0
0.0064937529,0.0064937529,4.5367391776e-04,0.0212996225,15,25,1.6163,1.6881,solved,0
0.0064973838,0.0064973838,4.5439542955e-04,0.0213165529,15,25,1.6550,1.7294,solved,0
0.0065010145,0.0065010145,4.5511807627e-04,0.0213334966,15,25,1.6130,1.6922,solved,0
0.0065046457,0.0065046457,4.5584199740e-04,0.0213504566,15,25,1.6139,1.6910,solved,0
0.0065082762,0.0065082762,4.5656695360e-04,0.0213674274,15,25,1.6283,1.7040,solved,0
0.0065119075,0.0065119075,4.5729324446e-04,0.0213844159,15,25,1.6166,1.6897,solved,0
0.0065155381,0.0065155381,4.5802057042e-04,0.0214014151,14,25,1.6209,1.6938,solved,0
0.0065191686,0.0065191686,4.5874906678e-04,0.0214184282,14,25,1.6914,1.7682,solved,0
0.0065227997,0.0065227997,4.5947888208e-04,0.0214354585,14,25,1.8020,1.9348,solved,0
0.0065264302,0.0065264302,4.6020980885e-04,0.0214525012,13,25,1.6903,1.8033,solved,0
0.0065300615,0.0065300615,4.6094219490e-04,0.0214695644,13,25,1.6093,1.6880,solved,0
0.0065336921,0.0065336921,4.6167573947e-04,0.0214866410,13,25,1.6269,1.7014,solved,0
0.0065373233,0.0065373233,4.6241070517e-04,0.0215037370,13,25,1.6195,1.6966,solved,0
0.0065409541,0.0065409541,4.6314688970e-04,0.0215208478,13,25,1.6273,1.7021,solved,0
0.0065445851,0.0065445851,4.6388441461e-04,0.0215379761,13,25,1.6225,1.7016,solved,0
0.0065482155,0.0065482155,4.6462311719e-04,0.0215551181,13,25,1.6918,1.7708,solved,0
0.0065518467,0.0065518467,4.6536328241e-04,0.0215722804,13,25,1.6428,1.7312,solved,0
0.0065554773,0.0065554773,4.6610462502e-04,0.0215894563,13,25,1.6540,1.7461,solved,0
0.0065591085,0.0065591085,4.6684739004e-04,0.0216066515,13,25,1.6083,1.6826,solved,0
0.0065627391,0.0065627391,4.6759133201e-04,0.0216238602,13,25,1.6779,1.7535,solved,0
0.0065663704,0.0065663704,4.6833671738e-04,0.0216410886,13,25,1.6344,1.7104,solved,0
0.0065700010,0.0065700010,4.6908325876e-04,0.0216583300,13,25,1.6258,1.6990,solved,0
0.0065736316,0.0065736316,4.6983109971e-04,0.0216755876,13,25,1.6116,1.6851,solved,0
0.0065772628,0.0065772628,4.7058036416e-04,0.0216928644,13,25,1.6162,1.6890,solved,0
0.0065808936,0.0065808936,4.7133084586e-04,0.0217101554,13,25,1.6189,1.6923,solved,0
0.0065845246,0.0065845246,4.7208266873e-04,0.0217274635,13,25,1.6426,1.7548,solved,0
0.0065881552,0.0065881552,4.7283570842e-04,0.0217447858,13,25,1.6833,1.7843,solved,0
0.0065917864,0.0065917864,4.7359017246e-04,0.0217621270,13,25,1.6117,1.6879,solved,0
0.0065954173,0.0065954173,4.7434587402e-04,0.0217794829,13,25,1.7074,1.8416,solved,0
0.0065990481,0.0065990481,4.7510285450e-04,0.0217968542,13,25,1.8867,2.0742,solved,0
0.0066026786,0.0066026786,4.7586107199e-04,0.0218142401,13,25,1.6670,1.8030,solved,0
0.0066063099,0.0066063099,4.7662075650e-04,0.0218316458,13,25,1.6945,1.8569,solved,0
0.0066099405,0.0066099405,4.7738159426e-04,0.0218490639,13,25,1.6725,1.7883,solved,0
0.0066135717,0.0066135717,4.7814385766e-04,0.0218665008,13,25,1.6535,1.7680,solved,0
0.0066172025,0.0066172025,4.7890733689e-04,0.0218839516,13,25,2.1112,2.2884,solved,0
0.0066208335,0.0066208335,4.7967215800e-04,0.0219014191,13,25,1.8291,1.9892,solved,0
0.0066244641,0.0066244641,4.8043819450e-04,0.0219189004,13,25,1.6976,1.8299,solved,0
0.0066280947,0.0066280947,4.8120553057e-04,0.0219363974,13,25,1.6269,1.7211,solved,0
0.0066317259,0.0066317259,4.8197429336e-04,0.0219539129,13,25,1.6137,1.6920,solved,0
0.0066353567,0.0066353567,4.8274427126e-04,0.0219714422,13,25,1.6096,1.6843,solved,0
0.0066389877,0.0066389877,4.8351559140e-04,0.0219889880,13,25,1.6763,1.8233,solved,0
0.0066426183,0.0066426183,4.8428812621e-04,0.0220065473,13,25,1.7684,1.9206,solved,0
0.0066462496,0.0066462496,4.8506210993e-04,0.0220241256,13,25,1.7204,1.8351,solved,0
0.0066498799,0.0066498799,4.8583718005e-04,0.0220417145,13,25,1.6127,1.6957,solved,0
0.0066535112,0.0066535112,4.8661376356e-04,0.0220593237,13,25,2.0909,2.3049,solved,0
0.0066571420,0.0066571420,4.8739153996e-04,0.0220769459,13,25,1.7469,1.9665,solved,0
0.0066607730,0.0066607730,4.8817065903e-04,0.0220945844,13,25,1.9132,2.1611,solved,0
0.0066644035,0.0066644035,4.8895097040e-04,0.0221122358,13,25,2.1386,2.3998,solved,0
0.0066680349,0.0066680349,4.8973277520e-04,0.0221299068,13,25,1.7742,1.9556,solved,0
0.0066716654,0.0066716654,4.9051568591e-04,0.0221475887,13,25,2.1078,2.2993,solved,0
0.0066752962,0.0066752962,4.9129996098e-04,0.0221652873,13,25,1.7502,1.9374,solved,0
0.0066789273,0.0066789273,4.9208561709e-04,0.0221830029,12,25,1.7155,1.9065,solved,0
0.0066825584,0.0066825584,4.9287279969e-04,0.0222007387,12,25,1.8117,2.0598,solved,0
0.0066861897,0.0066861897,4.9366161645e-04,0.0222184972,12,25,1.6672,1.8117,solved,0
0.0066898207,0.0066898207,4.9445195869e-04,0.0222362757,12,25,1.6300,1.7172,solved,0
0.0066934520,0.0066934520,4.9524395703e-04,0.0222540773,12,25,1.6499,1.7378,solved,0
0.0066970830,0.0066970830,4.9603748059e-04,0.0222718989,12,25,1.7335,1.8862,solved,0
0.0067007144,0.0067007144,4.9683268241e-04,0.0222897439,12,25,1.7413,1.9294,solved,0
0.0067043453,0.0067043453,4.9762936536e-04,0.0223076078,12,25,1.8127,1.9875,solved,0
0.0067079766,0.0067079766,4.9842772684e-04,0.0223254950,12,25,1.7646,1.9448,solved,0
0.0067116076,0.0067116076,4.9922761301e-04,0.0223434020,12,25,1.6665,1.8135,solved,0
0.0067152388,0.0067152388,5.0002913397e-04,0.0223613312,12,25,2.3325,2.5494,solved,0
0.0067188699,0.0067188699,5.0083222355e-04,0.0223792811,12,25,2.5116,2.7220,solved,0
0.0067225014,0.0067225014,5.0163699254e-04,0.0223972541,12,25,2.6089,2.8712,solved,0
0.0067261324,0.0067261324,5.0244324400e-04,0.0224152458,11,25,2.2639,2.5046,solved,0
0.0067297634,0.0067297634,5.0325120730e-04,0.0224332612,11,25,1.8635,2.1363,solved,0
0.0067333950,0.0067333950,5.0406108094e-04,0.0224513047,11,25,1.7549,2.0175,solved,0
0.0067370262,0.0067370262,5.0487264207e-04,0.0224693712,11,25,2.2571,2.5284,solved,0
0.0067406577,0.0067406577,5.0568604705e-04,0.0224874642,11,25,2.2608,2.6472,solved,0
0.0067442889,0.0067442889,5.0650116150e-04,0.0225055807,11,25,2.1035,2.5531,solved,0
0.0067479205,0.0067479205,5.0731817930e-04,0.0225237248,10,50,3.4504,3.7201,solved,0
0.0067515514,0.0067515514,5.0813702734e-04,0.0225418949,10,50,2.7883,3.0843,solved,0
0.0067551831,0.0067551831,5.0895806662e-04,0.0225600990,10,50,2.4222,2.6009,solved,0
0.0067588142,0.0067588142,5.0978098081e-04,0.0225783299,10,50,2.4187,2.6040,solved,0
0.0067624458,0.0067624458,5.1060601910e-04,0.0225965931,10,50,2.9906,3.2084,solved,0
0.0067660766,0.0067660766,5.1143288591e-04,0.0226148820,10,50,3.1956,3.4429,solved,0
0.0067697085,0.0067697085,5.1226201420e-04,0.0226332060,10,50,2.6097,2.8230,solved,0
0.0067733393,0.0067733393,5.1309290172e-04,0.0226515541,10,50,2.4430,2.6170,solved,0
0.0067769707,0.0067769707,5.1392593710e-04,0.0226699347,10,50,2.4111,2.6010,solved,0
0.0067806020,0.0067806020,5.1476096016e-04,0.0226883441,10,50,3.0379,3.3423,solved,0
0.0067842331,0.0067842331,5.1559794767e-04,0.0227067820,10,50,3.6120,4.2294,solved,0
0.0067878647,0.0067878647,5.1643706123e-04,0.0227252516,10,50,5.4030,5.7447,solved,0
0.0067914958,0.0067914958,5.1727806978e-04,0.0227437479,10,50,3.6648,3.9639,solved,0
0.0067951272,0.0067951272,5.1812115844e-04,0.0227622749,10,50,3.5194,3.7996,solved,0
0.0067987585,0.0067987585,5.1896623452e-04,0.0227808304,10,50,2.9029,3.1852,solved,0
0.0068023901,0.0068023901,5.1981339126e-04,0.0227994165,10,50,2.4723,2.6456,solved,0
0.0068060210,0.0068060210,5.2066239507e-04,0.0228180279,10,50,2.4234,2.5638,solved,0
0.0068096528,0.0068096528,5.2151362022e-04,0.0228366727,10,50,2.3561,2.4849,solved,0
0.0068132837,0.0068132837,5.2236664484e-04,0.0228553417,10,50,2.3534,2.4878,solved,0
0.0068169155,0.0068169155,5.2322189181e-04,0.0228740441,10,50,2.3342,2.4375,solved,0
0.0068205464,0.0068205464,5.2407893725e-04,0.0228927704,10,50,2.3282,2.4222,solved,0
0.0068241780,0.0068241780,5.2493815866e-04,0.0229115289,10,50,2.3308,2.4339,solved,0
0.0068278091,0.0068278091,5.2579927229e-04,0.0229303134,10,50,2.3728,2.5070,solved,0
0.0068314402,0.0068314402,5.2666239629e-04,0.0229491263,10,50,2.3576,2.4911,solved,0
0.0068350716,0.0068350716,5.2752760224e-04,0.0229679690,10,50,2.5176,2.7384,solved,0
0.0068387029,0.0068387029,5.2839479500e-04,0.0229868396,10,50,2.5191,2.7240,solved,0
0.0068423343,0.0068423343,5.2926402232e-04,0.0230057389,10,50,2.4418,2.6686,solved,0
0.0068459653,0.0068459653,5.3013516427e-04,0.0230246643,10,50,2.5364,2.9716,solved,0
0.0068495970,0.0068495970,5.3100848502e-04,0.0230436214,10,50,2.8933,3.1895,solved,0
0.0068532281,0.0068532281,5.3188367204e-04,0.0230626033,10,50,3.0651,3.3715,solved,0
0.0068568597,0.0068568597,5.3276099036e-04,0.0230816159,10,50,2.5264,2.8106,solved,0
0.0068604907,0.0068604907,5.3364017417e-04,0.0231006531,10,50,2.5117,2.7145,solved,0
0.0068641219,0.0068641219,5.3452141684e-04,0.0231197192,10,50,2.4415,2.6114,solved,0
0.0068677532,0.0068677532,5.3540469436e-04,0.0231388136,10,50,2.4350,2.5975,solved,0
0.0068713846,0.0068713846,5.3629000688e-04,0.0231579362,10,50,2.4290,2.6106,solved,0
0.0068750159,0.0068750159,5.3717730566e-04,0.0231770858,10,50,2.4661,2.6290,solved,0
0.0068786473,0.0068786473,5.3806663955e-04,0.0231962635,10,50,2.3885,2.5446,solved,0
0.0068822786,0.0068822786,5.3895795959e-04,0.0232154681,10,50,2.4316,2.6220,solved,0
0.0068859095,0.0068859095,5.3985119171e-04,0.0232346980,10,50,2.4848,2.6648,solved,0
0.0068895413,0.0068895413,5.4074665615e-04,0.0232539600,10,50,2.4253,2.5808,solved,0
0.0068931722,0.0068931722,5.4164390909e-04,0.0232732445,10,50,2.3953,2.5603,solved,0
0.0068968036,0.0068968036,5.4254329616e-04,0.0232925588,10,50,2.5237,2.7291,solved,0
0.0069004349,0.0069004349,5.4344466909e-04,0.0233118997,10,50,2.4008,2.5835,solved,0
0.0069040663,0.0069040663,5.4434807753e-04,0.0233312682,10,50,2.3804,2.4935,solved,0
0.0069076974,0.0069076974,5.4525342181e-04,0.0233506621,10,50,2.4262,2.5214,solved,0
0.0069113290,0.0069113290,5.4616090154e-04,0.0233700856,10,50,2.4513,2.5638,solved,0
0.0069149603,0.0069149603,5.4707031700e-04,0.0233895343,10,50,2.3870,2.4988,solved,0
0.0069185917,0.0069185917,5.4798176818e-04,0.0234090104,10,50,2.4543,2.6089,solved,0
0.0069222228,0.0069222228,5.4889515453e-04,0.0234285116,10,50,2.3647,2.5009,solved,0
0.0069258542,0.0069258542,5.4981062697e-04,0.0234480410,10,50,2.3575,2.4764,solved,0
0.0069294854,0.0069294854,5.5072805954e-04,0.0234675959,10,50,2.4165,2.5315,solved,0
0.0069331166,0.0069331166,5.5164750260e-04,0.0234871774,10,50,2.3520,2.4396,solved,0
0.0069367479,0.0069367479,5.5256898156e-04,0.0235067859,10,50,2.3781,2.4798,solved,0
0.0069403792,0.0069403792,5.5349247111e-04,0.0235264207,10,50,2.6462,2.8153,solved,0
0.0069440106,0.0069440106,5.5441799679e-04,0.0235460824,10,50,2.3595,2.4993,solved,0
0.0069476417,0.0069476417,5.5534552290e-04,0.0235657702,9,50,2.3964,2.5449,solved,0
0.0069512733,0.0069512733,5.5627540131e-04,0.0235854913,9,50,2.3628,2.4599,solved,0
0.0069549046,0.0069549046,5.5720743271e-04,0.0236052416,9,50,2.4011,2.5251,solved,0
0.0069585362,0.0069585362,5.5814177110e-04,0.0236250243,9,50,2.3396,2.4367,solved,0
0.0069621673,0.0069621673,5.5907821047e-04,0.0236448348,9,50,2.3776,2.4905,solved,0
0.0069657991,0.0069657991,5.6001706049e-04,0.0236646796,9,50,2.3691,2.4802,solved,0
0.0069694300,0.0069694300,5.6095790735e-04,0.0236845500,9,50,2.4369,2.5610,solved,0
0.0069730618,0.0069730618,5.6190121748e-04,0.0237044556,9,50,2.3366,2.4442,solved,0
0.0069766930,0.0069766930,5.6284660154e-04,0.0237243883,9,50,2.3324,2.4149,solved,0
0.0069803247,0.0069803247,5.6379434583e-04,0.0237443540,9,50,2.3456,2.4335,solved,0
0.0069839556,0.0069839556,5.6474411082e-04,0.0237643454,9,50,2.4683,2.6169,solved,0
0.0069875868,0.0069875868,5.6569618378e-04,0.0237843685,9,50,2.3525,2.4708,solved,0
0.0069912183,0.0069912183,5.6665056528e-04,0.0238044232,9,50,2.4294,2.5584,solved,0
0.0069948497,0.0069948497,5.6760715036e-04,0.0238245073,9,50,2.4438,2.6013,solved,0
0.0069984814,0.0069984814,5.6856604459e-04,0.0238446230,9,50,2.4114,2.5607,solved,0
0.0070021124,0.0070021124,5.6952698355e-04,0.0238647645,9,50,2.3482,2.4501,solved,0
0.0070057441,0.0070057441,5.7049033776e-04,0.0238849396,9,50,2.5558,2.7521,solved,0
0.0070093753,0.0070093753,5.7145578909e-04,0.0239051415,9,50,2.4987,2.6804,solved,0
0.0070130069,0.0070130069,5.7242357673e-04,0.0239253752,9,50,2.4325,2.5614,solved,0
0.0070166380,0.0070166380,5.7339346075e-04,0.0239456355,9,50,2.3643,2.4741,solved,0
0.0070202698,0.0070202698,5.7436576185e-04,0.0239659292,9,50,2.3484,2.4376,solved,0
0.0070239007,0.0070239007,5.7534005152e-04,0.0239862471,9,50,2.3937,2.5012,solved,0
0.0070275324,0.0070275324,5.7631678581e-04,0.0240065988,9,50,2.4282,2.5861,solved,0
0.0070311636,0.0070311636,5.7729561537e-04,0.0240269768,9,50,2.3776,2.5067,solved,0
0.0070347948,0.0070347948,5.7827667453e-04,0.0240473839,9,50,2.4044,2.5051,solved,0
0.0070384265,0.0070384265,5.7926009883e-04,0.0240678229,9,50,2.4034,2.5395,solved,0
0.0070420576,0.0070420576,5.8024559031e-04,0.0240882874,9,50,2.3517,2.4563,solved,0
0.0070456892,0.0070456892,5.8123344743e-04,0.0241087836,9,50,2.3748,2.4633,solved,0
0.0070493204,0.0070493204,5.8222342546e-04,0.0241293064,9,50,2.6354,2.8265,solved,0
0.0070529522,0.0070529522,5.8321579721e-04,0.0241498612,9,50,2.7140,2.9318,solved,0
0.0070565830,0.0070565830,5.8421012512e-04,0.0241704391,9,50,2.3800,2.5101,solved,0
0.0070602148,0.0070602148,5.8520695692e-04,0.0241910512,9,50,2.3527,2.4492,solved,0
0.0070638458,0.0070638458,5.8620579873e-04,0.0242116872,9,50,2.3755,2.4775,solved,0
0.0070674776,0.0070674776,5.8720709070e-04,0.0242323563,9,50,2.4025,2.5205,solved,0
0.0070711087,0.0070711087,5.8821041936e-04,0.0242530497,9,50,2.5283,2.6850,solved,0
0.0070747404,0.0070747404,5.8921614384e-04,0.0242737748,9,50,2.4269,2.5591,solved,0
0.0070783716,0.0070783716,5.9022395959e-04,0.0242945253,9,50,2.4140,2.5921,solved,0
0.0070820029,0.0070820029,5.9123403279e-04,0.0243153045,9,50,2.4728,2.6966,solved,0
0.0070856345,0.0070856345,5.9224641943e-04,0.0243361135,9,50,2.3579,2.5031,solved,0
0.0070892655,0.0070892655,5.9326086834e-04,0.0243569470,9,50,2.3690,2.4576,solved,0
0.0070928972,0.0070928972,5.9427774281e-04,0.0243778125,9,50,2.4737,2.6103,solved,0
0.0070965281,0.0070965281,5.9529662275e-04,0.0243987013,9,50,2.4377,2.5629,solved,0
0.0071001599,0.0071001599,5.9631798530e-04,0.0244196230,9,50,2.3827,2.4868,solved,0
0.0071037910,0.0071037910,5.9734138068e-04,0.0244405683,9,50,2.3520,2.4436,solved,0
0.0071074226,0.0071074226,5.9836714690e-04,0.0244615442,9,50,2.3819,2.5078,solved,0
0.0071110538,0.0071110538,5.9939502986e-04,0.0244825454,9,50,2.3451,2.4475,solved,0
0.0071146853,0.0071146853,6.0042522762e-04,0.0245035758,9,50,2.9106,3.0632,solved,0
0.0071183166,0.0071183166,6.0145759841e-04,0.0245246325,9,50,2.3917,2.5337,solved,0
0.0071219482,0.0071219482,6.0249228449e-04,0.0245457183,9,50,2.4410,2.5939,solved,0
0.0071255796,0.0071255796,6.0352914348e-04,0.0245668301,9,50,2.3849,2.5112,solved,0
0.0071292110,0.0071292110,6.0456823232e-04,0.0245879693,9,50,2.3424,2.4381,solved,0
0.0071328422,0.0071328422,6.0560949358e-04,0.0246091344,9,50,2.3750,2.4848,solved,0
0.0071364734,0.0071364734,6.0665298443e-04,0.0246303265,9,50,2.4301,2.5597,solved,0
0.0071401048,0.0071401048,6.0769876254e-04,0.0246515469,9,50,2.3407,2.4443,solved,0
0.0071437362,0.0071437362,6.0874677049e-04,0.0246727941,9,50,2.3320,2.4123,solved,0
0.0071473677,0.0071473677,6.0979703722e-04,0.0246940689,9,50,2.3640,2.4598,solved,0
0.0071509988,0.0071509988,6.1084941787e-04,0.0247153681,9,50,2.4052,2.5419,solved,0
0.0071546304,0.0071546304,6.1190417336e-04,0.0247366969,9,50,2.3571,2.4653,solved,0
0.0071582618,0.0071582618,6.1296110067e-04,0.0247580512,9,50,2.4336,2.5783,solved,0
0.0071618933,0.0071618933,6.1402028701e-04,0.0247794327,9,50,2.4465,2.6310,solved,0
0.0071655246,0.0071655246,6.1508164479e-04,0.0248008396,9,50,2.4068,2.5820,solved,0
0.0071691561,0.0071691561,6.1614529093e-04,0.0248222741,9,50,2.4365,2.5891,solved,0
0.0071727870,0.0071727870,6.1721099075e-04,0.0248437314,9,50,2.3745,2.5188,solved,0
0.0071764188,0.0071764188,6.1827918478e-04,0.0248652204,9,50,2.6260,2.8557,solved,0
0.0071800501,0.0071800501,6.1934946161e-04,0.0248867326,9,50,2.8918,3.0558,solved,0
0.0071836817,0.0071836817,6.2042205686e-04,0.0249082729,9,50,2.3588,2.4539,solved,0
0.0071873127,0.0071873127,6.2149670443e-04,0.0249298356,9,50,2.3244,2.4001,solved,0
0.0071909441,0.0071909441,6.2257370011e-04,0.0249514268,9,50,2.3821,2.5286,solved,0
0.0071945754,0.0071945754,6.2365289587e-04,0.0249730434,9,50,2.3637,2.4729,solved,0
0.0071982067,0.0071982067,6.2473432135e-04,0.0249946859,9,50,2.3738,2.4514,solved,0
0.0072018385,0.0072018385,6.2581812591e-04,0.0250163572,9,50,2.3723,2.4784,solved,0
0.0072054694,0.0072054694,6.2690389140e-04,0.0250380489,9,50,2.3633,2.4776,solved,0
0.0072091012,0.0072091012,6.2799215607e-04,0.0250597717,9,50,2.3395,2.4240,solved,0
0.0072127322,0.0072127322,6.2908241061e-04,0.0250815153,9,50,2.3208,2.3926,solved,0
0.0072163639,0.0072163639,6.3017510533e-04,0.0251032887,9,50,2.3309,2.4059,solved,0
0.0072199951,0.0072199951,6.3126987936e-04,0.0251250847,9,50,2.3842,2.4711,solved,0
0.0072236269,0.0072236269,6.3236706443e-04,0.0251469096,9,50,2.3286,2.4123,solved,0
0.0072272578,0.0072272578,6.3346620711e-04,0.0251687546,9,50,2.3286,2.4054,solved,0
0.0072308896,0.0072308896,6.3456785229e-04,0.0251906302,9,50,2.3117,2.3860,solved,0
0.0072345207,0.0072345207,6.3567151482e-04,0.0252125269,9,50,2.3056,2.3789,solved,0
0.0072381523,0.0072381523,6.3677755926e-04,0.0252344518,9,50,2.3180,2.3957,solved,0
0.0072417836,0.0072417836,6.3788574214e-04,0.0252564000,9,50,2.3132,2.4194,solved,0
0.0072454145,0.0072454145,6.3899603230e-04,0.0252783708,9,50,2.3839,2.4674,solved,0
0.0072490462,0.0072490462,6.4010879704e-04,0.0253003715,9,50,2.3140,2.3945,solved,0
0.0072526775,0.0072526775,6.4122366907e-04,0.0253223946,9,50,2.3122,2.3858,solved,0
0.0072563091,0.0072563091,6.4234086320e-04,0.0253444444,9,50,2.3230,2.3945,solved,0
0.0072599402,0.0072599402,6.4346013313e-04,0.0253665160,9,50,2.3113,2.3816,solved,0
0.0072635719,0.0072635719,6.4458181804e-04,0.0253886159,9,50,2.3227,2.3993,solved,0
0.0072672029,0.0072672029,6.4570551631e-04,0.0254107362,9,50,2.3495,2.4239,solved,0
0.0072708347,0.0072708347,6.4683169224e-04,0.0254328860,9,50,2.3353,2.4080,solved,0
0.0072744659,0.0072744659,6.4795991189e-04,0.0254550567,9,50,2.3132,2.3841,solved,0
0.0072780975,0.0072780975,6.4909048579e-04,0.0254772543,9,50,2.3273,2.4094,solved,0
0.0072817286,0.0072817286,6.5022313366e-04,0.0254994732,9,50,2.3086,2.3830,solved,0
0.0072853603,0.0072853603,6.5135819870e-04,0.0255217201,9,50,2.3155,2.3864,solved,0
0.0072889914,0.0072889914,6.5249530588e-04,0.0255439877,9,50,2.3614,2.4337,solved,0
0.0072926226,0.0072926226,6.5363467394e-04,0.0255662800,9,50,2.3494,2.4469,solved,0
0.0072962543,0.0072962543,6.5477642893e-04,0.0255885996,9,50,2.3454,2.4425,solved,0
0.0072998852,0.0072998852,6.5592016189e-04,0.0256109383,9,50,2.3107,2.3878,solved,0
0.0073035170,0.0073035170,6.5706640840e-04,0.0256333066,9,50,2.3109,2.3934,solved,0
0.0073071482,0.0073071482,6.5821469532e-04,0.0256556952,9,50,2.3265,2.4001,solved,0
0.0073107798,0.0073107798,6.5936533870e-04,0.0256781101,9,50,2.3869,2.4695,solved,0
0.0073144110,0.0073144110,6.6051808505e-04,0.0257005464,9,50,2.3551,2.4463,solved,0
0.0073180426,0.0073180426,6.6167318835e-04,0.0257230089,9,50,2.3138,2.3890,solved,0
0.0073216736,0.0073216736,6.6283033034e-04,0.0257454915,9,50,2.3095,2.3820,solved,0
0.0073253054,0.0073253054,6.6398995736e-04,0.0257680026,9,50,2.3055,2.3755,solved,0
0.0073289366,0.0073289366,6.6515162258e-04,0.0257905336,9,50,2.3171,2.3896,solved,0
0.0073325680,0.0073325680,6.6631558156e-04,0.0258130893,9,50,2.3470,2.4197,solved,0
0.0073361994,0.0073361994,6.6748177039e-04,0.0258356686,9,50,2.3289,2.4089,solved,0
0.0073398308,0.0073398308,6.6865018905e-04,0.0258582712,9,50,2.3248,2.4082,solved,0
0.0073434621,0.0073434621,6.6982080528e-04,0.0258808965,9,50,2.3234,2.3985,solved,0
0.0073470932,0.0073470932,6.7099358657e-04,0.0259035439,9,50,2.3274,2.4010,solved,0
0.0073507249,0.0073507249,6.7216879167e-04,0.0259262182,9,50,2.3056,2.3765,solved,0
0.0073543560,0.0073543560,6.7334603227e-04,0.0259489120,9,50,2.3576,2.4306,solved,0
0.0073579878,0.0073579878,6.7452572994e-04,0.0259716332,9,50,2.3112,2.3833,solved,0
0.0073616187,0.0073616187,6.7570736476e-04,0.0259943718,9,50,2.3585,2.4973,solved,0
0.0073652503,0.0073652503,6.7689145726e-04,0.0260171378,9,50,2.3616,2.4737,solved,0
0.0073688816,0.0073688816,6.7807768176e-04,0.0260399248,9,50,2.3258,2.4107,solved,0
0.0073725132,0.0073725132,6.7926623425e-04,0.0260627365,9,50,2.3145,2.3880,solved,0
0.0073761444,0.0073761444,6.8045688554e-04,0.0260855685,9,50,2.3622,2.4365,solved,0
0.0073797758,0.0073797758,6.8164983218e-04,0.0261084245,9,50,2.3420,2.4191,solved,0
0.0073834071,0.0073834071,6.8284497573e-04,0.0261313026,9,50,2.3285,2.4052,solved,0
0.0073870388,0.0073870388,6.8404248101e-04,0.0261542058,9,50,2.3717,2.4931,solved,0
0.0073906700,0.0073906700,6.8524205117e-04,0.0261771284,9,50,2.3291,2.4084,solved,0
0.0073943011,0.0073943011,6.8644381779e-04,0.0262000729,9,50,2.3301,2.4161,solved,0
0.0073979326,0.0073979326,6.8764794664e-04,0.0262230423,9,50,2.3358,2.4128,solved,0
0.0074015640,0.0074015640,6.8885427220e-04,0.0262460335,9,50,2.3035,2.3768,solved,0
0.0074051955,0.0074051955,6.9006286091e-04,0.0262690476,9,50,2.3241,2.3949,solved,0
0.0074088268,0.0074088268,6.9127361284e-04,0.0262920827,9,50,2.3413,2.4355,solved,0
0.0074124582,0.0074124582,6.9248662792e-04,0.0263151407,9,50,2.3221,2.4179,solved,0
0.0074160893,0.0074160893,6.9370199334e-04,0.0263382230,8,50,2.3232,2.3975,solved,0
0.0074197207,0.0074197207,6.9492024418e-04,0.0263613400,8,50,2.3200,2.3923,solved,0
0.0074233515,0.0074233515,6.9614108157e-04,0.0263844856,8,50,2.3715,2.4590,solved,0
0.0074269828,0.0074269828,6.9736487528e-04,0.0264076670,8,50,2.3277,2.4097,solved,0
0.0074306137,0.0074306137,6.9859132210e-04,0.0264308782,8,50,2.3636,2.4487,solved,0
0.0074342452,0.0074342452,6.9982076005e-04,0.0264541256,8,50,2.3201,2.3968,solved,0
0.0074378760,0.0074378760,7.0105274890e-04,0.0264774007,8,50,2.3175,2.3893,solved,0
0.0074415074,0.0074415074,7.0228772964e-04,0.0265007119,8,50,2.3173,2.3918,solved,0
0.0074451383,0.0074451383,7.0352532829e-04,0.0265240519,8,50,2.3432,2.4174,solved,0
0.0074487692,0.0074487692,7.0476571471e-04,0.0265474239,8,50,2.3232,2.3953,solved,0
0.0074524005,0.0074524005,7.0600902601e-04,0.0265708304,8,50,2.3196,2.3930,solved,0
0.0074560316,0.0074560316,7.0725505698e-04,0.0265942674,8,50,3.5592,3.7193,solved,0
0.0074596629,0.0074596629,7.0850394489e-04,0.0266177374,8,50,2.3800,2.5082,solved,0
0.0074632938,0.0074632938,7.0975548315e-04,0.0266412365,8,50,2.3935,2.4816,solved,0
0.0074669251,0.0074669251,7.1100994751e-04,0.0266647698,8,50,2.4343,2.5235,solved,0
0.0074705561,0.0074705561,7.1226709626e-04,0.0266883326,8,50,2.3228,2.4118,solved,0
0.0074741873,0.0074741873,7.1352710242e-04,0.0267119281,8,50,2.3472,2.4578,solved,0
0.0074778183,0.0074778183,7.1478982717e-04,0.0267355536,8,50,2.3484,2.4447,solved,0
0.0074814496,0.0074814496,7.1605544452e-04,0.0267592123,8,50,2.3414,2.4199,solved,0
0.0074850805,0.0074850805,7.1732371037e-04,0.0267828996,8,50,2.3575,2.4338,solved,0
0.0074887119,0.0074887119,7.1859493922e-04,0.0268066212,8,50,2.3147,2.3882,solved,0
0.0074923427,0.0074923427,7.1986874587e-04,0.0268303698,8,50,2.3144,2.3861,solved,0
0.0074959743,0.0074959743,7.2114562172e-04,0.0268541546,8,50,2.3143,2.3876,solved,0
0.0074996051,0.0074996051,7.2242500421e-04,0.0268779650,8,50,2.4040,2.5333,solved,0
0.0075032359,0.0075032359,7.2370717432e-04,0.0269018062,8,50,2.3367,2.4343,solved,0
0.0075068674,0.0075068674,7.2499238003e-04,0.0269256825,8,50,2.3472,2.4225,solved,0
0.0075104982,0.0075104982,7.2628012590e-04,0.0269495849,8,50,2.3499,2.4390,solved,0
0.0075141294,0.0075141294,7.2757080171e-04,0.0269735204,8,50,2.4301,2.5483,solved,0
0.0075177604,0.0075177604,7.2886419443e-04,0.0269974850,8,50,2.3719,2.4933,solved,0
0.0075213918,0.0075213918,7.3016051801e-04,0.0270214825,8,50,2.3456,2.4422,solved,0
0.0075250226,0.0075250226,7.3145941526e-04,0.0270455064,8,50,2.3110,2.3871,solved,0
0.0075286541,0.0075286541,7.3276135134e-04,0.0270695650,8,50,2.3438,2.4409,solved,0
0.0075322850,0.0075322850,7.3406586031e-04,0.0270936498,8,50,2.3305,2.4172,solved,0
0.0075359164,0.0075359164,7.3537333726e-04,0.0271177679,8,50,2.3768,2.5524,solved,0
0.0075395472,0.0075395472,7.3668338603e-04,0.0271419120,8,50,2.3311,2.4050,solved,0
0.0075431786,0.0075431786,7.3799643959e-04,0.0271660899,8,50,2.3233,2.4190,solved,0
0.0075468096,0.0075468096,7.3931213659e-04,0.0271902949,8,50,2.3164,2.4053,solved,0
0.0075504403,0.0075504403,7.4063051246e-04,0.0272145276,8,50,2.3154,2.3884,solved,0
0.0075540718,0.0075540718,7.4195196721e-04,0.0272387953,8,50,2.3811,2.4562,solved,0
0.0075577026,0.0075577026,7.4327595512e-04,0.0272630878,8,50,2.3243,2.4016,solved,0
0.0075613342,0.0075613342,7.4460302328e-04,0.0272874151,8,50,2.3136,2.3885,solved,0
0.0075649650,0.0075649650,7.4593258703e-04,0.0273117665,8,50,2.3149,2.3864,solved,0
0.0075685962,0.0075685962,7.4726508533e-04,0.0273361498,8,50,2.3531,2.4334,solved,0
0.0075722273,0.0075722273,7.4860033505e-04,0.0273605617,8,50,2.3120,2.3927,solved,0
0.0075758585,0.0075758585,7.4993840972e-04,0.0273850034,8,50,2.3526,2.4260,solved,0
0.0075794895,0.0075794895,7.5127919870e-04,0.0274094728,8,50,2.3143,2.3877,solved,0
0.0075831209,0.0075831209,7.5262292376e-04,0.0274339739,8,50,2.3111,2.3833,solved,0
0.0075867517,0.0075867517,7.5396921464e-04,0.0274584999,8,50,2.3146,2.3888,solved,0
0.0075903831,0.0075903831,7.5531851631e-04,0.0274830587,8,50,2.3153,2.3895,solved,0
0.0075940140,0.0075940140,7.5667042016e-04,0.0275076429,8,50,2.3078,2.3887,solved,0
0.0075976454,0.0075976454,7.5802529851e-04,0.0275322592,8,50,2.3492,2.4229,solved,0
0.0076012762,0.0076012762,7.5938274085e-04,0.0275569001,8,50,2.3228,2.3986,solved,0
0.0076049071,0.0076049071,7.6074300830e-04,0.0275815701,8,50,2.3126,2.3853,solved,0
0.0076085385,0.0076085385,7.6210625141e-04,0.0276062720,8,50,2.3171,2.3886,solved,0
0.0076121695,0.0076121695,7.6347213243e-04,0.0276309995,8,50,2.3309,2.4109,solved,0
0.0076158008,0.0076158008,7.6484091457e-04,0.0276557573,8,50,2.3135,2.4095,solved,0
0.0076194317,0.0076194317,7.6621233386e-04,0.0276805407,8,50,2.3251,2.4020,solved,0
0.0076230629,0.0076230629,7.6758665457e-04,0.0277053543,8,50,2.3128,2.3942,solved,0
0.0076266939,0.0076266939,7.6896368758e-04,0.0277301945,8,50,2.3275,2.4082,solved,0
0.0076303252,0.0076303252,7.7034362263e-04,0.0277550648,8,50,2.3230,2.3955,solved,0
0.0076339561,0.0076339561,7.7172619360e-04,0.0277799603,8,50,2.3278,2.3990,solved,0
0.0076375876,0.0076375876,7.7311178149e-04,0.0278048877,8,50,2.3110,2.3829,solved,0
0.0076412184,0.0076412184,7.7449989018e-04,0.0278298381,8,50,2.3529,2.4258,solved,0
0.0076448499,0.0076448499,7.7589105491e-04,0.0278548210,8,50,2.3164,2.4039,solved,0
0.0076484808,0.0076484808,7.7728477779e-04,0.0278798274,8,50,2.3126,2.3855,solved,0
0.0076521116,0.0076521116,7.7868124993e-04,0.0279048607,8,50,2.3303,2.4016,solved,0
0.0076557430,0.0076557430,7.8008074115e-04,0.0279299255,8,50,2.3212,2.3925,solved,0
0.0076593739,0.0076593739,7.8148282763e-04,0.0279550144,8,50,2.3350,2.4137,solved,0
0.0076630053,0.0076630053,7.8288789554e-04,0.0279801339,8,50,2.3490,2.4284,solved,0
0.0076666361,0.0076666361,7.8429551913e-04,0.0280052766,8,50,2.3087,2.3845,solved,0
0.0076702674,0.0076702674,7.8570612476e-04,0.0280304500,8,50,2.3272,2.3998,solved,0
0.0076738985,0.0076738985,7.8711944085e-04,0.0280556490,8,50,2.3322,2.4082,solved,0
0.0076775297,0.0076775297,7.8853558405e-04,0.0280808758,8,50,2.3324,2.4057,solved,0
0.0076811608,0.0076811608,7.8995447636e-04,0.0281061288,8,50,2.3097,2.3814,solved,0
0.0076847919,0.0076847919,7.9137615674e-04,0.0281314087,8,50,2.3282,2.4052,solved,0
0.0076884228,0.0076884228,7.9280054666e-04,0.0281567141,8,50,2.3065,2.3836,solved,0
0.0076920543,0.0076920543,7.9422796042e-04,0.0281820503,8,50,2.3867,2.5191,solved,0
0.0076956851,0.0076956851,7.9565788692e-04,0.0282074084,8,50,2.3790,2.4779,solved,0
0.0076993166,0.0076993166,7.9709087751e-04,0.0282327979,8,50,2.3137,2.3860,solved,0
0.0077029475,0.0077029475,7.9852641935e-04,0.0282582098,8,50,2.3145,2.4033,solved,0
0.0077065783,0.0077065783,7.9996470930e-04,0.0282836474,8,50,2.3310,2.4766,solved,0
0.0077102097,0.0077102097,8.0140602523e-04,0.0283091156,8,50,2.3312,2.4176,solved,0
0.0077138405,0.0077138405,8.0284989087e-04,0.0283346059,8,50,2.3134,2.3865,solved,0
0.0077174721,0.0077174721,8.0429686317e-04,0.0283601281,8,50,2.3955,2.4688,solved,0
0.0077211029,0.0077211029,8.0574630465e-04,0.0283856708,8,50,2.3170,2.3961,solved,0
0.0077247344,0.0077247344,8.0719881399e-04,0.0284112445,8,50,2.3445,2.4233,solved,0
0.0077283652,0.0077283652,8.0865383123e-04,0.0284368393,8,50,2.3368,2.4154,solved,0
0.0077319965,0.0077319965,8.1011183703e-04,0.0284624636,8,50,2.3743,2.4596,solved,0
0.0077356275,0.0077356275,8.1157251041e-04,0.0284881117,8,50,2.3228,2.3961,solved,0
0.0077392587,0.0077392587,8.1303605240e-04,0.0285137871,8,50,2.3642,2.4359,solved,0
0.0077428896,0.0077428896,8.1450226135e-04,0.0285394860,8,50,2.3363,2.4088,solved,0
0.0077465210,0.0077465210,8.1597146056e-04,0.0285652142,8,50,2.3258,2.3982,solved,0
0.0077501518,0.0077501518,8.1744320486e-04,0.0285909637,8,50,2.3127,2.3891,solved,0
0.0077537833,0.0077537833,8.1891802132e-04,0.0286167437,8,50,2.4322,2.5431,solved,0
0.0077574142,0.0077574142,8.2039538211e-04,0.0286425450,8,50,2.3428,2.4369,solved,0
0.0077610451,0.0077610451,8.2187553067e-04,0.0286683716,8,50,2.3212,2.3957,solved,0
0.0077646764,0.0077646764,8.2335863051e-04,0.0286942264,8,50,2.3088,2.3811,solved,0
0.0077683073,0.0077683073,8.2484435491e-04,0.0287201037,8,50,2.3096,2.3800,solved,0
0.0077719387,0.0077719387,8.2633307224e-04,0.0287460097,8,50,2.3082,2.3785,solved,0
0.0077755696,0.0077755696,8.2782437256e-04,0.0287719372,8,50,2.3317,2.4161,solved,0
0.0077792009,0.0077792009,8.2931862539e-04,0.0287978927,8,50,2.3140,2.4054,solved,0
0.0077828319,0.0077828319,8.3081554281e-04,0.0288238711,8,50,2.3159,2.3884,solved,0
0.0077864631,0.0077864631,8.3231533083e-04,0.0288498758,8,50,2.3277,2.3991,solved,0
0.0077900942,0.0077900942,8.3381786566e-04,0.0288759046,8,50,2.3261,2.3979,solved,0
0.0077937254,0.0077937254,8.3532323006e-04,0.0289019589,8,50,2.3100,2.3980,solved,0
0.0077973563,0.0077973563,8.3683125797e-04,0.0289280358,8,50,2.3491,2.4417,solved,0
0.0078009877,0.0078009877,8.3834228189e-04,0.0289541410,8,50,2.3110,2.3854,solved,0
0.0078046186,0.0078046186,8.3985588572e-04,0.0289802672,8,50,2.3171,2.3890,solved,0
0.0078082495,0.0078082495,8.4137227732e-04,0.0290064179,8,50,2.3224,2.3948,solved,0
0.0078118809,0.0078118809,8.4289166607e-04,0.0290325966,8,50,2.3082,2.3792,solved,0
0.0078155123,0.0078155123,8.4441384336e-04,0.0290587998,8,50,2.3230,2.3942,solved,0
0.0078191427,0.0078191427,8.4593838886e-04,0.0290850200,8,50,2.3640,2.4381,solved,0
0.0078227741,0.0078227741,8.4746614246e-04,0.0291112717,8,50,2.3145,2.3914,solved,0
0.0078264055,0.0078264055,8.4899668458e-04,0.0291375477,8,50,2.3355,2.4094,solved,0
0.0078300368,0.0078300368,8.5052997298e-04,0.0291638470,8,50,2.3127,2.3849,solved,0
0.0078336673,0.0078336673,8.5206571104e-04,0.0291901646,8,50,2.3104,2.3824,solved,0
0.0078372986,0.0078372986,8.5360457559e-04,0.0292165120,8,50,2.3121,2.3844,solved,0
0.0078409300,0.0078409300,8.5514627101e-04,0.0292428841,8,50,2.3588,2.4360,solved,0
0.0078445613,0.0078445613,8.5669071239e-04,0.0292692793,8,50,2.3244,2.4148,solved,0
0.0078481918,0.0078481918,8.5823760098e-04,0.0292956925,8,50,2.3332,2.4178,solved,0
0.0078518231,0.0078518231,8.5978761851e-04,0.0293221353,8,50,2.3109,2.3843,solved,0
0.0078554544,0.0078554544,8.6134042443e-04,0.0293486017,8,50,2.3542,2.4513,solved,0
0.0078590849,0.0078590849,8.6289567570e-04,0.0293750860,8,50,2.4026,2.5363,solved,0
0.0078627162,0.0078627162,8.6445405776e-04,0.0294015996,8,50,2.4441,2.5913,solved,0
0.0078663477,0.0078663477,8.6601531427e-04,0.0294281381,8,50,2.3455,2.4572,solved,0
0.0078699790,0.0078699790,8.6757927324e-04,0.0294546987,8,50,2.3284,2.4187,solved,0
0.0078736094,0.0078736094,8.6914563194e-04,0.0294812760,8,50,2.3192,2.3988,solved,0
0.0078772408,0.0078772408,8.7071521025e-04,0.0295078839,8,50,2.3500,2.4554,solved,0
0.0078808723,0.0078808723,8.7228762042e-04,0.0295345157,8,50,2.3549,2.4716,solved,0
0.0078845035,0.0078845035,8.7386268905e-04,0.0295611686,8,50,2.3650,2.4580,solved,0
0.0078881340,0.0078881340,8.7544024146e-04,0.0295878394,8,50,2.3704,2.4542,solved,0
0.0078917654,0.0078917654,8.7702097314e-04,0.0296145399,8,50,2.3145,2.3922,solved,0
0.0078953967,0.0078953967,8.7860444970e-04,0.0296412626,8,50,2.3074,2.3824,solved,0
0.0078990280,0.0078990280,8.8019071465e-04,0.0296680083,8,50,2.3809,2.4786,solved,0
0.0079026586,0.0079026586,8.8177946139e-04,0.0296947716,8,50,2.3307,2.4265,solved,0
0.0079062899,0.0079062899,8.8337130256e-04,0.0297215629,8,50,2.3776,2.4527,solved,0
0.0079099213,0.0079099213,8.8496597607e-04,0.0297483777,8,50,2.3152,2.3889,solved,0
0.0079135517,0.0079135517,8.8656299782e-04,0.0297752078,8,50,2.3397,2.4174,solved,0
0.0079171830,0.0079171830,8.8816320352e-04,0.0298020671,8,50,2.3197,2.3934,solved,0
0.0079208143,0.0079208143,8.8976619760e-04,0.0298289490,8,50,2.3319,2.4174,solved,0
0.0079244458,0.0079244458,8.9137206858e-04,0.0298558548,8,50,2.3187,2.3954,solved,0
0.0079280761,0.0079280761,8.9298019622e-04,0.0298827742,8,50,2.3256,2.3981,solved,0
0.0079317076,0.0079317076,8.9459164365e-04,0.0299097249,8,50,2.3661,2.4470,solved,0
0.0079353389,0.0079353389,8.9620579079e-04,0.0299366964,8,50,2.3552,2.4366,solved,0
0.0079389702,0.0079389702,8.9782272632e-04,0.0299636901,8,50,2.3291,2.4078,solved,0
0.0079426007,0.0079426007,8.9944209308e-04,0.0299907001,8,50,2.3177,2.3925,solved,0
0.0079462322,0.0079462322,9.0106469419e-04,0.0300177397,8,50,2.3275,2.3991,solved,0
0.0079498634,0.0079498634,9.0268994960e-04,0.0300447990,8,50,2.3295,2.4010,solved,0
0.0079534948,0.0079534948,9.0431808298e-04,0.0300718819,8,50,2.3758,2.4500,solved,0
0.0079571253,0.0079571253,9.0594860035e-04,0.0300989801,8,50,2.3388,2.4393,solved,0
0.0079607566,0.0079607566,9.0758226509e-04,0.0301261060,8,50,2.3471,2.4578,solved,0
0.0079643880,0.0079643880,9.0921876331e-04,0.0301532546,8,50,2.3362,2.4322,solved,0
0.0079680185,0.0079680185,9.1085764344e-04,0.0301804182,8,50,2.3267,2.4335,solved,0
0.0079716497,0.0079716497,9.1249962752e-04,0.0302076088,8,50,2.3747,2.5024,solved,0
0.0079752812,0.0079752812,9.1414453583e-04,0.0302348232,8,50,2.3586,2.4823,solved,0
0.0079789126,0.0079789126,9.1579218742e-04,0.0302620585,8,50,2.3907,2.5345,solved,0
0.0079825429,0.0079825429,9.1744212718e-04,0.0302893071,8,50,2.3485,2.4626,solved,0
0.0079861742,0.0079861742,9.1909530943e-04,0.0303165847,8,50,2.3405,2.4372,solved,0
0.0079898058,0.0079898058,9.2075141698e-04,0.0303438860,8,50,2.3186,2.3975,solved,0
0.0079934371,0.0079934371,9.2241017622e-04,0.0303712064,8,50,2.3680,2.4404,solved,0
0.0079970675,0.0079970675,9.2407131169e-04,0.0303985413,8,50,2.3715,2.4453,solved,0
0.0080006988,0.0080006988,9.2573564701e-04,0.0304259042,8,50,2.3324,2.4110,solved,0
0.0080043301,0.0080043301,9.2740277070e-04,0.0304532883,8,50,2.3200,2.3939,solved,0
0.0080079616,0.0080079616,9.2907277482e-04,0.0304806951,8,50,2.3084,2.3794,solved,0
0.0080115920,0.0080115920,9.3074506051e-04,0.0305081147,8,50,2.3141,2.3963,solved,0
0.0080152233,0.0080152233,9.3242054881e-04,0.0305355620,8,50,2.3221,2.3954,solved,0
0.0080188547,0.0080188547,9.3409887175e-04,0.0305630311,8,50,2.3796,2.4560,solved,0
0.0080224852,0.0080224852,9.3577956623e-04,0.0305905143,8,50,2.3289,2.4021,solved,0
0.0080261165,0.0080261165,9.3746341913e-04,0.0306180244,8,50,2.3326,2.4460,solved,0
0.0080297477,0.0080297477,9.3915034011e-04,0.0306455599,7,75,3.1345,3.2837,solved,0
0.0080333788,0.0080333788,9.4084069690e-04,0.0306731266,7,75,3.0735,3.2037,solved,0
0.0080370090,0.0080370090,9.4253411597e-04,0.0307007185,7,75,3.0643,3.1533,solved,0
0.0080406402,0.0080406402,9.4423148378e-04,0.0307283498,7,75,3.0432,3.1184,solved,0
0.0080442714,0.0080442714,9.4593233432e-04,0.0307560130,7,75,3.2073,3.3371,solved,0
0.0080479025,0.0080479025,9.4763662061e-04,0.0307837071,7,75,3.0758,3.2227,solved,0
0.0080515327,0.0080515327,9.4934396573e-04,0.0308114259,7,75,3.0746,3.2091,solved,0
0.0080551639,0.0080551639,9.5105526342e-04,0.0308391839,7,75,3.0722,3.1678,solved,0
0.0080587951,0.0080587951,9.5277004385e-04,0.0308669734,7,75,3.0364,3.1109,solved,0
0.0080624263,0.0080624263,9.5448830702e-04,0.0308947942,7,75,3.0785,3.1862,solved,0
0.0080660564,0.0080660564,9.5620953082e-04,0.0309226378,7,75,3.0533,3.1597,solved,0
0.0080696876,0.0080696876,9.5793475840e-04,0.0309505211,7,75,3.0740,3.1524,solved,0
0.0080733187,0.0080733187,9.5966342106e-04,0.0309784348,7,75,3.0220,3.0992,solved,0
0.0080769491,0.0080769491,9.6139523201e-04,0.0310063741,7,75,3.0238,3.0994,solved,0
0.0080805801,0.0080805801,9.6313081124e-04,0.0310343489,7,75,3.1208,3.1954,solved,0
0.0080842113,0.0080842113,9.6486996871e-04,0.0310623561,7,75,3.0215,3.0970,solved,0
0.0080878425,0.0080878425,9.6661260892e-04,0.0310903942,7,75,3.0680,3.1552,solved,0
0.0080914727,0.0080914727,9.6835825051e-04,0.0311184551,7,75,3.0369,3.1113,solved,0
0.0080951039,0.0080951039,9.7010785523e-04,0.0311465545,7,75,3.1790,3.2892,solved,0
0.0080987348,0.0080987348,9.7186079770e-04,0.0311746820,7,75,3.0632,3.1577,solved,0
0.0081023661,0.0081023661,9.7361741602e-04,0.0312028431,7,75,3.0393,3.1149,solved,0
0.0081059963,0.0081059963,9.7537698357e-04,0.0312310260,7,75,3.0671,3.1488,solved,0
0.0081096275,0.0081096275,9.7714051808e-04,0.0312592469,7,75,3.0145,3.0910,solved,0
0.0081132587,0.0081132587,9.7890753791e-04,0.0312874981,6,325,11.1181,11.3379,solved,1
0.0081168886,0.0081168886,9.8067804269e-04,0.0313157795,5,125,4.4795,4.5769,solved,0
0.0081205192,0.0081205192,9.8245541732e-04,0.0313441449,5,175,5.8534,5.9332,solved,0
0.0081241498,0.0081241498,9.8423980090e-04,0.0313725963,5,175,6.0033,6.0833,solved,0
0.0081277805,0.0081277805,9.8603124287e-04,0.0314011344,5,175,5.9024,5.9811,solved,0
0.0081314101,0.0081314101,9.8782914825e-04,0.0314297494,5,175,5.9149,5.9939,solved,0
0.0081350408,0.0081350408,9.8963460678e-04,0.0314584584,5,175,5.9590,6.0513,solved,0
0.0081386714,0.0081386714,9.9144702464e-04,0.0314872518,5,175,5.9296,6.0254,solved,0
0.0081423021,0.0081423021,9.9326650167e-04,0.0315161308,5,175,5.9431,6.0697,solved,0
0.0081459319,0.0081459319,9.9509253440e-04,0.0315450873,5,175,5.8984,6.0057,solved,0
0.0081495625,0.0081495625,9.9692597778e-04,0.0315741346,5,175,5.9155,6.0177,solved,0
0.0081531931,0.0081531931,9.9876643011e-04,0.0316032661,5,175,5.8346,5.9229,solved,0
0.0081568238,0.0081568238,1.0006139424e-03,0.0316324824,5,175,5.8778,5.9788,solved,0
0.0081604536,0.0081604536,1.0024680034e-03,0.0316617751,5,175,5.9471,6.0496,solved,0
0.0081640841,0.0081640841,1.0043294299e-03,0.0316911570,5,175,5.8650,5.9936,solved,0
0.0081677148,0.0081677148,1.0061979681e-03,0.0317206237,5,175,5.9644,6.1035,solved,0
0.0081713445,0.0081713445,1.0080729980e-03,0.0317501653,5,175,5.8501,5.9590,solved,0
0.0081749752,0.0081749752,1.0099555530e-03,0.0317797979,5,175,5.8494,5.9512,solved,0
0.0081786058,0.0081786058,1.0118450651e-03,0.0318095122,5,175,5.8887,5.9746,solved,0
0.0081822366,0.0081822366,1.0137416908e-03,0.0318393105,5,175,5.9149,6.0141,solved,0
0.0081858661,0.0081858661,1.0156446435e-03,0.0318691802,5,175,5.9522,6.0759,solved,0
0.0081894969,0.0081894969,1.0175552862e-03,0.0318991424,5,175,5.8816,5.9904,solved,0
0.0081931274,0.0081931274,1.0194727798e-03,0.0319291838,5,175,5.8971,5.9829,solved,0
0.0081967581,0.0081967581,1.0213973883e-03,0.0319593083,5,175,5.9319,6.0270,solved,0
0.0082003878,0.0082003878,1.0233284731e-03,0.0319895057,5,175,6.0042,6.0832,solved,0
0.0082040184,0.0082040184,1.0252670449e-03,0.0320197915,5,175,6.0111,6.1243,solved,0
0.0082076491,0.0082076491,1.0272126792e-03,0.0320501588,5,175,5.9093,6.0145,solved,0
0.0082112797,0.0082112797,1.0291652691e-03,0.0320806058,5,175,5.9166,6.0050,solved,0
0.0082149095,0.0082149095,1.0311244353e-03,0.0321111263,5,175,5.9358,6.0189,solved,0
0.0082185400,0.0082185400,1.0330909872e-03,0.0321417328,5,175,5.8825,5.9599,solved,0
0.0082221708,0.0082221708,1.0350647111e-03,0.0321724216,5,175,5.9503,6.0434,solved,0
0.0082258004,0.0082258004,1.0370447889e-03,0.0322031798,5,175,6.1372,6.2986,solved,0
0.0082294312,0.0082294312,1.0390325299e-03,0.0322340275,5,175,6.2908,6.4952,solved,0
0.0082330617,0.0082330617,1.0410271156e-03,0.0322649518,5,175,6.3439,6.5618,solved,0
0.0082366924,0.0082366924,1.0430288202e-03,0.0322959567,5,175,6.2537,6.4862,solved,0
0.0082403220,0.0082403220,1.0450369246e-03,0.0323270309,5,175,6.0372,6.2384,solved,0
0.0082439528,0.0082439528,1.0470527014e-03,0.0323581937,5,175,5.9271,6.0728,solved,0
0.0082475834,0.0082475834,1.0490753764e-03,0.0323894331,5,175,5.9905,6.1442,solved,0
0.0082512140,0.0082512140,1.0511050603e-03,0.0324207505,5,175,5.8881,6.0318,solved,0
0.0082548437,0.0082548437,1.0531412474e-03,0.0324521378,5,175,5.9090,6.0675,solved,0
0.0082584744,0.0082584744,1.0551850039e-03,0.0324836113,5,175,5.8963,6.0384,solved,0
0.0082621050,0.0082621050,1.0572357131e-03,0.0325151613,5,175,5.9309,6.0603,solved,0
0.0082657357,0.0082657357,1.0592934880e-03,0.0325467892,5,175,5.9604,6.0962,solved,0
0.0082693654,0.0082693654,1.0613577027e-03,0.0325784853,5,175,5.9296,6.0677,solved,0
0.0082729960,0.0082729960,1.0634294372e-03,0.0326102658,5,175,5.9318,6.0657,solved,0
0.0082766267,0.0082766267,1.0655082381e-03,0.0326421237,5,175,7.9210,8.1811,solved,0
0.0082802564,0.0082802564,1.0675939987e-03,0.0326740570,4,250,15.7499,16.0859,solved,0
0.0082838863,0.0082838863,1.0696964161e-03,0.0327062137,4,500,18.9447,19.1719,solved,0
0.0082875163,0.0082875163,1.0718186870e-03,0.0327386421,4,500,16.6971,16.9289,solved,0
0.0082911463,0.0082911463,1.0739607537e-03,0.0327713404,4,500,18.5942,18.9359,solved,0
0.0082947753,0.0082947753,1.0761220180e-03,0.0328042988,4,500,15.9152,16.1419,solved,0
0.0082984054,0.0082984054,1.0783037313e-03,0.0328375354,4,500,15.2115,15.4015,solved,0
0.0083020354,0.0083020354,1.0805051805e-03,0.0328710386,4,500,16.0269,16.2414,solved,0
0.0083056653,0.0083056653,1.0827263642e-03,0.0329048076,4,500,15.2447,15.4617,solved,0
0.0083092945,0.0083092945,1.0849669085e-03,0.0329388359,4,500,15.2610,15.5105,solved,0
0.0083129245,0.0083129245,1.0872277403e-03,0.0329731366,4,500,15.2431,15.4363,solved,0
0.0083165545,0.0083165545,1.0895083680e-03,0.0330077016,4,500,15.2963,15.4656,solved,0
0.0083201835,0.0083201835,1.0918081550e-03,0.0330425204,4,500,15.1813,15.3724,solved,0
0.0083238136,0.0083238136,1.0941284330e-03,0.0330776123,4,500,15.2286,15.3914,solved,0
0.0083274436,0.0083274436,1.0964684432e-03,0.0331129649,4,500,15.3160,15.4811,solved,0
0.0083310735,0.0083310735,1.0988281840e-03,0.0331485774,4,500,15.6978,15.9441,solved,0
0.0083347027,0.0083347027,1.1012072587e-03,0.0331844430,4,500,18.5303,18.7427,solved,0
0.0083383327,0.0083383327,1.1036066515e-03,0.0332205757,4,500,15.1512,15.2945,solved,0
0.0083419626,0.0083419626,1.1060257732e-03,0.0332569658,4,500,15.3118,15.4597,solved,0
0.0083455926,0.0083455926,1.1084647570e-03,0.0332936144,4,500,15.2448,15.3724,solved,0
0.0083492217,0.0083492217,1.1109229247e-03,0.0333305104,4,500,15.2447,15.3610,solved,0
0.0083528519,0.0083528519,1.1134016324e-03,0.0333676735,4,500,17.3204,17.5280,solved,0
0.0083564818,0.0083564818,1.1158999308e-03,0.0334050884,4,500,18.0674,18.2798,solved,0
0.0083601119,0.0083601119,1.1184181633e-03,0.0334427595,4,500,15.3830,15.5587,solved,0
0.0083637409,0.0083637409,1.1209554206e-03,0.0334806723,4,500,15.4532,15.6301,solved,0
0.0083673709,0.0083673709,1.1235131701e-03,0.0335188480,4,500,15.4284,15.5628,solved,0
0.0083710009,0.0083710009,1.1260907155e-03,0.0335572751,4,500,15.0973,15.2108,solved,0
0.0083746300,0.0083746300,1.1286874102e-03,0.0335959434,4,500,15.0956,15.2299,solved,0
0.0083782601,0.0083782601,1.1313046147e-03,0.0336348720,4,500,15.1281,15.2643,solved,0
0.0083818900,0.0083818900,1.1339414703e-03,0.0336740474,4,500,15.3067,15.4516,solved,0
0.0083855200,0.0083855200,1.1365981940e-03,0.0337134720,4,500,15.3985,15.5705,solved,0
0.0083891492,0.0083891492,1.1392741215e-03,0.0337531350,4,500,15.4367,15.7183,solved,0
0.0083927792,0.0083927792,1.1419704326e-03,0.0337930530,4,500,16.1392,16.3491,solved,0
0.0083964092,0.0083964092,1.1446865394e-03,0.0338332165,4,500,15.4925,15.6894,solved,0
0.0084000391,0.0084000391,1.1474223665e-03,0.0338736235,4,500,15.2455,15.4033,solved,0
0.0084036682,0.0084036682,1.1501773787e-03,0.0339142651,4,500,15.2161,15.3540,solved,0
0.0084072983,0.0084072983,1.1529529443e-03,0.0339551608,4,500,15.2130,15.3494,solved,0
0.0084109282,0.0084109282,1.1557481523e-03,0.0339962962,4,500,15.8838,16.0640,solved,0
0.0084145582,0.0084145582,1.1585632328e-03,0.0340376737,4,500,15.3207,15.5007,solved,0
0.0084181873,0.0084181873,1.1613974038e-03,0.0340792812,4,500,19.1714,19.3883,solved,0
0.0084218173,0.0084218173,1.1642520711e-03,0.0341211382,4,500,18.1821,18.4551,solved,0
0.0084254473,0.0084254473,1.1671265342e-03,0.0341632337,4,500,16.7666,16.9714,solved,0
0.0084290764,0.0084290764,1.1700200730e-03,0.0342055562,4,500,15.3234,15.4904,solved,0
0.0084327065,0.0084327065,1.1729342034e-03,0.0342481270,4,500,15.2944,15.4514,solved,0
0.0084363364,0.0084363364,1.1758679685e-03,0.0342909313,4,500,15.2081,15.3379,solved,0
0.0084399664,0.0084399664,1.1788216099e-03,0.0343339717,4,500,15.4945,15.6844,solved,0
0.0084435954,0.0084435954,1.1817942254e-03,0.0343772341,4,500,15.8674,16.1088,solved,0
0.0084472255,0.0084472255,1.1847875357e-03,0.0344207428,4,500,15.7103,15.9751,solved,0
0.0084508555,0.0084508555,1.1878005598e-03,0.0344644826,4,500,15.2886,15.4717,solved,0
0.0084544856,0.0084544856,1.1908334634e-03,0.0345084550,4,500,15.4059,15.5611,solved,0
0.0084581147,0.0084581147,1.1938853203e-03,0.0345526456,4,500,15.2108,15.3514,solved,0
0.0084617446,0.0084617446,1.1969576425e-03,0.0345970756,4,500,15.3652,15.5405,solved,0
0.0084653747,0.0084653747,1.2000499304e-03,0.0346417368,4,500,15.3726,15.5162,solved,0
0.0084690046,0.0084690046,1.2031618432e-03,0.0346866234,4,500,16.5854,16.8211,solved,0
0.0084726337,0.0084726337,1.2062928583e-03,0.0347317270,4,500,18.2753,18.5058,solved,0
0.0084762638,0.0084762638,1.2094445303e-03,0.0347770690,4,500,15.2994,15.4698,solved,0
0.0084798938,0.0084798938,1.2126159117e-03,0.0348226350,4,500,15.8628,16.0546,solved,0
0.0084835228,0.0084835228,1.2158062070e-03,0.0348684127,4,500,15.5763,15.7744,solved,0
0.0084871529,0.0084871529,1.2190172632e-03,0.0349144277,4,500,15.6554,15.8406,solved,0
0.0084907829,0.0084907829,1.2222480271e-03,0.0349606640,4,500,15.3726,15.5551,solved,0
0.0084944128,0.0084944128,1.2254984970e-03,0.0350071207,4,500,15.5354,15.7801,solved,0
0.0084980419,0.0084980419,1.2287680387e-03,0.0350537878,4,500,16.5826,16.7959,solved,0
0.0085016720,0.0085016720,1.2320582756e-03,0.0351006877,4,500,15.7996,15.9934,solved,0
0.0085053020,0.0085053020,1.2353682178e-03,0.0351478053,4,500,15.2967,15.4775,solved,0
0.0085089319,0.0085089319,1.2386978639e-03,0.0351951398,4,500,15.2976,15.4572,solved,0
0.0085125610,0.0085125610,1.2420465644e-03,0.0352426810,4,500,15.1011,15.2693,solved,0
0.0085161911,0.0085161911,1.2454159818e-03,0.0352904517,4,500,15.1732,15.3413,solved,0
0.0085198211,0.0085198211,1.2488051024e-03,0.0353384366,4,500,15.2979,15.4706,solved,0
0.0085234510,0.0085234510,1.2522139247e-03,0.0353866348,4,500,15.4480,15.6348,solved,0
0.0085270801,0.0085270801,1.2556417839e-03,0.0354350361,4,500,15.2939,15.4765,solved,0
0.0085307102,0.0085307102,1.2590903819e-03,0.0354836636,4,500,15.1477,15.3243,solved,0
0.0085343401,0.0085343401,1.2625585851e-03,0.0355325004,4,500,15.3743,15.5766,solved,0
0.0085379692,0.0085379692,1.2660458122e-03,0.0355815375,4,500,15.2854,15.4720,solved,0
0.0085415993,0.0085415993,1.2695537943e-03,0.0356307984,4,500,15.4182,15.6038,solved,0
0.0085452293,0.0085452293,1.2730814759e-03,0.0356802673,4,500,15.2915,15.4531,solved,0
0.0085488592,0.0085488592,1.2766288553e-03,0.0357299434,4,500,15.2230,15.4162,solved,0
0.0085524883,0.0085524883,1.2801952411e-03,0.0357798161,4,500,15.4286,15.6091,solved,0
0.0085561184,0.0085561184,1.2837824038e-03,0.0358299093,4,500,15.4302,15.6111,solved,0
0.0085597484,0.0085597484,1.2873892638e-03,0.0358802071,4,500,15.2845,15.4443,solved,0
0.0085633784,0.0085633784,1.2910159196e-03,0.0359307100,4,500,15.2329,15.4036,solved,0
0.0085670074,0.0085670074,1.2946613640e-03,0.0359814030,4,500,15.3373,15.5079,solved,0
0.0085706376,0.0085706376,1.2983278085e-03,0.0360323162,4,500,15.3033,15.4864,solved,0
0.0085742675,0.0085742675,1.3020137456e-03,0.0360834276,4,500,15.2732,15.4486,solved,0
0.0085778965,0.0085778965,1.3057185562e-03,0.0361347278,4,500,15.4280,15.6195,solved,0
0.0085815265,0.0085815265,1.3094441808e-03,0.0361862430,4,500,19.0595,19.2923,solved,0
0.0085851566,0.0085851566,1.3131897046e-03,0.0362379594,4,500,15.4143,15.6340,solved,0
0.0085887866,0.0085887866,1.3169549213e-03,0.0362898735,4,500,15.6176,15.8012,solved,0
0.0085924156,0.0085924156,1.3207388885e-03,0.0363419714,4,500,15.3214,15.5014,solved,0
0.0085960458,0.0085960458,1.3245439016e-03,0.0363942839,4,500,15.2849,15.4512,solved,0
0.0085996757,0.0085996757,1.3283683958e-03,0.0364467886,4,500,15.5090,15.6905,solved,0
0.0086033057,0.0086033057,1.3322127910e-03,0.0364994903,4,500,15.4673,15.6560,solved,0
0.0086069347,0.0086069347,1.3360759147e-03,0.0365523722,4,500,15.3729,15.5514,solved,0
0.0086105649,0.0086105649,1.3399601105e-03,0.0366054656,4,500,15.2757,15.4383,solved,0
0.0086141948,0.0086141948,1.3438637810e-03,0.0366587477,4,500,15.0655,15.2161,solved,0
0.0086178248,0.0086178248,1.3477873545e-03,0.0367122235,4,500,15.0944,15.2458,solved,0
0.0086214538,0.0086214538,1.3517296348e-03,0.0367658760,4,500,15.0853,15.2366,solved,0
0.0086250839,0.0086250839,1.3556929039e-03,0.0368197353,4,500,15.9421,16.1208,solved,0
0.0086287139,0.0086287139,1.3596758600e-03,0.0368737828,4,500,15.2837,15.4593,solved,0
0.0086323430,0.0086323430,1.3636776170e-03,0.0369280059,4,500,15.2747,15.4629,solved,0
0.0086359729,0.0086359729,1.3677000488e-03,0.0369824289,4,500,15.5291,15.7243,solved,0
0.0086396030,0.0086396030,1.3717424985e-03,0.0370370422,4,500,15.3135,15.4952,solved,0
0.0086432330,0.0086432330,1.3758046330e-03,0.0370918405,4,500,15.6681,15.8580,solved,0
0.0086468620,0.0086468620,1.3798854360e-03,0.0371468092,4,500,15.5595,15.7540,solved,0
0.0086504920,0.0086504920,1.3839871567e-03,0.0372019779,4,500,15.2701,15.4401,solved,0
0.0086541221,0.0086541221,1.3881087870e-03,0.0372573320,4,500,15.2673,15.4316,solved,0
0.0086577521,0.0086577521,1.3922500998e-03,0.0373128678,4,500,15.2282,15.4106,solved,0
0.0086613811,0.0086613811,1.3964100594e-03,0.0373685705,4,500,15.3595,15.5152,solved,0
0.0086650112,0.0086650112,1.4005910739e-03,0.0374244716,4,500,15.3562,15.5374,solved,0
0.0086686413,0.0086686413,1.4047918853e-03,0.0374805534,4,500,15.2874,15.4628,solved,0
0.0086722712,0.0086722712,1.4090122605e-03,0.0375368121,4,500,15.2992,15.4624,solved,0
0.0086759002,0.0086759002,1.4132513767e-03,0.0375932358,4,500,15.9968,16.1765,solved,0
0.0086795303,0.0086795303,1.4175115718e-03,0.0376498549,4,500,15.5788,15.7727,solved,0
0.0086831603,0.0086831603,1.4217914456e-03,0.0377066499,4,500,15.2144,15.3724,solved,0
0.0086867894,0.0086867894,1.4260900467e-03,0.0377636074,4,500,15.1820,15.3223,solved,0
0.0086904193,0.0086904193,1.4304093880e-03,0.0378207534,4,500,15.8848,16.0679,solved,0
0.0086940495,0.0086940495,1.4347488834e-03,0.0378780792,4,500,17.1586,17.3840,solved,0
0.0086976794,0.0086976794,1.4391078157e-03,0.0379355745,4,500,22.7994,23.0290,solved,0
0.0087013085,0.0087013085,1.4434855756e-03,0.0379932307,4,500,16.0444,16.2489,solved,0
0.0087049385,0.0087049385,1.4478842145e-03,0.0380510738,4,500,15.3001,15.4839,solved,0
0.0087085686,0.0087085686,1.4523027713e-03,0.0381090904,4,500,15.2468,15.4101,solved,0
0.0087121985,0.0087121985,1.4567408798e-03,0.0381672750,4,500,15.1824,15.3527,solved,0
0.0087158276,0.0087158276,1.4611977984e-03,0.0382256170,4,500,15.5783,15.7635,solved,0
0.0087194576,0.0087194576,1.4656756157e-03,0.0382841431,4,500,15.2703,15.4452,solved,0
0.0087230876,0.0087230876,1.4701732289e-03,0.0383428380,4,500,15.2839,15.4513,solved,0
0.0087267176,0.0087267176,1.4746906378e-03,0.0384017010,4,500,15.1033,15.2641,solved,0
0.0087303467,0.0087303467,1.4792267152e-03,0.0384607165,4,500,15.1996,15.3618,solved,0
0.0087339767,0.0087339767,1.4837837108e-03,0.0385199132,4,500,15.4392,15.6165,solved,0
0.0087376067,0.0087376067,1.4883605023e-03,0.0385792756,4,500,15.4315,15.7134,solved,0
0.0087412358,0.0087412358,1.4929559476e-03,0.0386387881,4,500,16.7055,16.9456,solved,0
0.0087448658,0.0087448658,1.4975723258e-03,0.0386984796,4,500,15.4377,15.6294,solved,0
0.0087484958,0.0087484958,1.5022084998e-03,0.0387583346,4,500,15.2781,15.4451,solved,0
0.0087521258,0.0087521258,1.5068644697e-03,0.0388183522,4,500,15.2519,15.4027,solved,0
0.0087557549,0.0087557549,1.5115390737e-03,0.0388785169,4,500,15.3414,15.5127,solved,0
0.0087593849,0.0087593849,1.5162346303e-03,0.0389388576,4,500,15.3213,15.4896,solved,0
0.0087630149,0.0087630149,1.5209499828e-03,0.0389993587,4,500,16.0519,16.2737,solved,0
0.0087666449,0.0087666449,1.5256851310e-03,0.0390600196,4,500,16.9007,17.1186,solved,0
0.0087702740,0.0087702740,1.5304388937e-03,0.0391208243,4,500,15.3985,15.6131,solved,0
0.0087739040,0.0087739040,1.5352136287e-03,0.0391818023,4,500,15.2792,15.4467,solved,0
0.0087775340,0.0087775340,1.5400081596e-03,0.0392429377,4,500,15.2423,15.4162,solved,0
0.0087811641,0.0087811641,1.5448226191e-03,0.0393042316,4,500,15.3071,15.4964,solved,0
0.0087847931,0.0087847931,1.5496554077e-03,0.0393656628,4,500,15.4450,15.6323,solved,0
0.0087884231,0.0087884231,1.5545093211e-03,0.0394272662,4,500,15.4085,15.5909,solved,0
0.0087920532,0.0087920532,1.5593831648e-03,0.0394890259,4,500,15.3536,15.5371,solved,0
0.0087956822,0.0087956822,1.5642753196e-03,0.0395509206,4,500,15.1051,15.2612,solved,0
0.0087993122,0.0087993122,1.5691886155e-03,0.0396129854,4,500,15.4000,15.5772,solved,0
0.0088029422,0.0088029422,1.5741217073e-03,0.0396752027,4,500,15.3980,15.6019,solved,0
0.0088065723,0.0088065723,1.5790747316e-03,0.0397375733,4,500,15.3837,15.5484,solved,0
0.0088102013,0.0088102013,1.5840460430e-03,0.0398000759,4,500,15.1523,15.3429,solved,0
0.0088138314,0.0088138314,1.5890386551e-03,0.0398627477,4,500,15.3015,15.4979,solved,0
0.0088174613,0.0088174613,1.5940507874e-03,0.0399255656,4,500,16.2784,16.5135,solved,0
0.0088210914,0.0088210914,1.5990829923e-03,0.0399885358,4,500,15.8934,16.1355,solved,0
0.0088247204,0.0088247204,1.6041334602e-03,0.0400516349,4,500,15.6539,15.9088,solved,0
0.0088283505,0.0088283505,1.6092052529e-03,0.0401149006,4,500,15.9124,16.1170,solved,0
0.0088319805,0.0088319805,1.6142967020e-03,0.0401783113,4,500,15.5656,15.7550,solved,0
0.0088356095,0.0088356095,1.6194065361e-03,0.0402418506,4,500,15.4478,15.6344,solved,0
0.0088392395,0.0088392395,1.6245375714e-03,0.0403055526,4,500,15.5366,15.7263,solved,0
0.0088428695,0.0088428695,1.6296884025e-03,0.0403693993,4,500,15.7670,15.9540,solved,0
0.0088464996,0.0088464996,1.6348591721e-03,0.0404333918,4,500,15.2687,15.4713,solved,0
0.0088501286,0.0088501286,1.6400481628e-03,0.0404975081,4,500,15.3388,15.5183,solved,0
0.0088537586,0.0088537586,1.6452583765e-03,0.0405617847,4,500,15.9961,16.1860,solved,0
0.0088573886,0.0088573886,1.6504883859e-03,0.0406262032,4,500,15.3602,15.5600,solved,0
0.0088610187,0.0088610187,1.6557383361e-03,0.0406907648,4,500,15.3960,15.5899,solved,0
0.0088646477,0.0088646477,1.6610064834e-03,0.0407554473,4,500,16.4452,16.6449,solved,0
0.0088682777,0.0088682777,1.6662958754e-03,0.0408202875,4,500,22.2492,22.5282,solved,0
0.0088719078,0.0088719078,1.6716052098e-03,0.0408852689,4,500,19.6650,19.9889,solved,0
0.0088755378,0.0088755378,1.6769341941e-03,0.0409503870,4,500,18.9869,19.2590,solved,0
0.0088791668,0.0088791668,1.6822814979e-03,0.0410156250,4,500,18.1973,18.4230,solved,0
0.0088827969,0.0088827969,1.6876502165e-03,0.0410810201,4,500,15.3741,15.5785,solved,0
0.0088864268,0.0088864268,1.6930384346e-03,0.0411465483,4,500,15.4710,15.6781,solved,0
0.0088900559,0.0088900559,1.6984452533e-03,0.0412121979,4,500,17.4734,17.6962,solved,0
0.0088936859,0.0088936859,1.7038732063e-03,0.0412779991,4,500,18.6271,18.8719,solved,0
0.0088973160,0.0088973160,1.7093211054e-03,0.0413439367,4,500,16.5719,16.8644,solved,0
0.0089009475,0.0089009475,1.7148396390e-03,0.0414106223,3,1075,32.6164,32.8726,solved,0
0.0089045786,0.0089045786,1.7205528954e-03,0.0414795479,3,1175,35.4317,35.6780,solved,0
0.0089082107,0.0089082107,1.7264696917e-03,0.0415508086,3,1175,35.1524,35.3905,solved,0
0.0089118428,0.0089118428,1.7325884823e-03,0.0416243737,3,1175,34.8232,35.0380,solved,0
0.0089154749,0.0089154749,1.7389092672e-03,0.0417002310,3,1175,34.9880,35.1657,solved,0
0.0089191060,0.0089191060,1.7454302228e-03,0.0417783463,3,1200,35.6632,35.8219,solved,0
0.0089227381,0.0089227381,1.7521549408e-03,0.0418587499,3,1225,36.0422,36.2279,solved,0
0.0089263702,0.0089263702,1.7590816530e-03,0.0419414074,3,1250,36.6367,36.8009,solved,0
0.0089300022,0.0089300022,1.7662101606e-03,0.0420263032,3,1275,37.0064,37.1793,solved,0
0.0089336334,0.0089336334,1.7735390144e-03,0.0421134066,3,1300,38.2203,38.4093,solved,0
0.0089372654,0.0089372654,1.7810714439e-03,0.0422027421,3,1325,38.9925,39.2184,solved,0
0.0089408975,0.0089408975,1.7888060722e-03,0.0422942794,3,1350,39.4545,39.6351,solved,0
0.0089445287,0.0089445287,1.7967407033e-03,0.0423879783,3,1375,41.5596,41.7967,solved,0
0.0089481607,0.0089481607,1.8048790434e-03,0.0424838680,3,1400,42.2646,42.4812,solved,0
0.0089517928,0.0089517928,1.8132195991e-03,0.0425819163,3,1425,42.0977,42.2994,solved,0
0.0089554249,0.0089554249,1.8217621491e-03,0.0426821057,3,1450,44.0521,44.2642,solved,0
0.0089590560,0.0089590560,1.8305042580e-03,0.0427843927,3,1450,42.7434,42.9484,solved,0
0.0089626881,0.0089626881,1.8394507411e-03,0.0428888184,3,1475,45.0904,45.2918,solved,0
0.0089663202,0.0089663202,1.8485992184e-03,0.0429953395,3,1500,43.9103,44.1018,solved,0
0.0089699522,0.0089699522,1.8579494299e-03,0.0431039375,3,1525,44.8015,44.9881,solved,0
0.0089735834,0.0089735834,1.8674994983e-03,0.0432145751,3,1525,51.7808,51.9548,solved,0
0.0089772154,0.0089772154,1.8772536316e-03,0.0433272851,3,1550,56.1492,56.3351,solved,0
0.0089808475,0.0089808475,1.8872100251e-03,0.0434420306,3,1575,45.9234,46.0991,solved,0
0.0089844796,0.0089844796,1.8973684128e-03,0.0435587926,3,1600,46.1728,46.3610,solved,0
0.0089881107,0.0089881107,1.9077259147e-03,0.0436775218,3,1600,46.7915,47.0043,solved,0
0.0089917428,0.0089917428,1.9182882354e-03,0.0437982675,3,1625,47.4801,47.6700,solved,0
0.0089953749,0.0089953749,1.9290525505e-03,0.0439209808,3,1650,48.2707,48.4573,solved,0
0.0089990060,0.0089990060,1.9400158129e-03,0.0440456106,3,1650,48.5705,48.7654,solved,0
0.0090026381,0.0090026381,1.9511840610e-03,0.0441722091,3,1675,51.7401,51.9972,solved,0
0.0090062702,0.0090062702,1.9625543034e-03,0.0443007258,3,1675,51.3083,51.5796,solved,0
0.0090099023,0.0090099023,1.9741265402e-03,0.0444311438,3,1700,50.4772,50.7227,solved,0
0.0090135334,0.0090135334,1.9858975017e-03,0.0445634099,3,1700,51.0069,51.2163,solved,0
0.0090171654,0.0090171654,1.9978733390e-03,0.0446975764,3,1725,50.1343,50.3332,solved,0
0.0090207975,0.0090207975,2.0100514975e-03,0.0448335979,3,1750,51.6570,51.8881,solved,0
0.0090244296,0.0090244296,2.0224316504e-03,0.0449714537,3,1750,51.3961,51.5750,solved,0
0.0090280607,0.0090280607,2.0350103056e-03,0.0451110885,3,1775,53.8358,54.0326,solved,0
0.0090316928,0.0090316928,2.0477943914e-03,0.0452525623,3,1775,51.7485,51.9485,solved,0
0.0090353249,0.0090353249,2.0607804716e-03,0.0453958200,3,1800,52.6072,52.7988,solved,0
0.0090389570,0.0090389570,2.0739685461e-03,0.0455408448,3,1800,51.9744,52.1426,solved,0
0.0090425881,0.0090425881,2.0873549005e-03,0.0456875793,3,1825,53.3761,53.5572,solved,0
0.0090462202,0.0090462202,2.1009469081e-03,0.0458360874,3,1825,52.9771,53.1574,solved,0
0.0090498523,0.0090498523,2.1147409099e-03,0.0459863122,3,1850,53.6187,53.7955,solved,0
0.0090534834,0.0090534834,2.1287330248e-03,0.0461381949,3,1850,54.0783,54.2697,solved,0
0.0090571154,0.0090571154,2.1429305660e-03,0.0462917980,3,1875,54.2785,54.4738,solved,0
0.0090607475,0.0090607475,2.1573304896e-03,0.0464470719,3,1875,54.6275,54.8146,solved,0
0.0090643796,0.0090643796,2.1719324075e-03,0.0466039956,3,1875,54.7410,54.9280,solved,0
0.0090680107,0.0090680107,2.1867322161e-03,0.0467625087,3,1900,54.7683,54.9556,solved,0
0.0090716428,0.0090716428,2.2017380671e-03,0.0469226818,3,1900,54.7059,54.8715,solved,0
0.0090752749,0.0090752749,2.2169459123e-03,0.0470844551,3,1925,56.1914,56.3548,solved,0
0.0090789069,0.0090789069,2.2323553248e-03,0.0472478076,3,1925,56.6345,56.8188,solved,0
0.0090825381,0.0090825381,2.2479632597e-03,0.0474126909,3,1950,55.9991,56.1781,solved,0
0.0090861702,0.0090861702,2.2637770323e-03,0.0475791659,3,1950,57.4339,57.6248,solved,0
0.0090898023,0.0090898023,2.2797927992e-03,0.0477471758,3,1950,58.0855,58.2978,solved,0
0.0090934334,0.0090934334,2.2960060675e-03,0.0479166575,3,1975,56.9959,57.1934,solved,0
0.0090970655,0.0090970655,2.3124257675e-03,0.0480876883,3,1975,57.7257,57.9211,solved,0
0.0091006973,0.0091006973,2.3290481313e-03,0.0482602127,2,2625,75.9980,76.1885,solved,0
0.0091043246,0.0091043246,2.3460429175e-03,0.0484359672,2,5375,156.5762,156.7755,solved,0
0.0091079510,0.0091079510,2.3635498195e-03,0.0486163534,2,5425,154.2430,154.4446,solved,0
0.0091115782,0.0091115782,2.3815770230e-03,0.0488014039,2,5500,158.0133,158.2068,solved,0
0.0091152055,0.0091152055,2.4001212413e-03,0.0489910323,2,5550,157.7763,157.9779,solved,0
0.0091188328,0.0091188328,2.4191819844e-03,0.0491851805,2,5625,161.9570,162.1558,solved,0
0.0091224591,0.0091224591,2.4387537839e-03,0.0493837401,2,5675,164.7694,164.9911,solved,0
0.0091260864,0.0091260864,2.4588474343e-03,0.0495867667,2,5725,167.0277,167.2278,solved,0
0.0091297137,0.0091297137,2.4794576096e-03,0.0497941524,2,5775,198.1844,198.4391,solved,0
0.0091333410,0.0091333410,2.5005843097e-03,0.0500058428,2,5850,225.4086,225.6639,solved,0
0.0091369673,0.0091369673,2.5222214967e-03,0.0502217234,2,5900,148.4229,148.7116,solved,0
0.0091405946,0.0091405946,2.5443811041e-03,0.0504418587,2,5950,106.2300,106.4466,solved,0
0.0091442218,0.0091442218,2.5670566040e-03,0.0506661288,2,6000,102.9689,103.1374,solved,0
0.0091478482,0.0091478482,2.5902434283e-03,0.0508944342,2,6025,108.8302,108.9824,solved,0
0.0091514755,0.0091514755,2.6139524678e-03,0.0511268273,2,6075,94.5637,94.7093,solved,0
0.0091551028,0.0091551028,2.6381780322e-03,0.0513631973,2,6125,127.0124,127.2072,solved,0
0.0091587300,0.0091587300,2.6629194322e-03,0.0516034828,2,6175,186.5248,186.7175,solved,0
0.0091623564,0.0091623564,2.6881717008e-03,0.0518475814,2,6225,180.2141,180.4086,solved,0
0.0091659836,0.0091659836,2.7139459797e-03,0.0520955466,2,6250,214.0332,214.2977,solved,0
0.0091696109,0.0091696109,2.7402374868e-03,0.0523472777,2,6300,183.4183,183.6533,solved,0
0.0091732382,0.0091732382,2.7670455188e-03,0.0526027140,2,6350,182.4648,182.6671,solved,0
0.0091768646,0.0091768646,2.7943632318e-03,0.0528617369,2,6375,185.1167,185.3425,solved,0
0.0091804918,0.0091804918,2.8222034106e-03,0.0531244144,2,6425,185.1425,185.3459,solved,0
0.0091841191,0.0091841191,2.8505608747e-03,0.0533906441,2,6450,185.7278,185.9204,solved,0
0.0091877464,0.0091877464,2.8794348637e-03,0.0536603659,2,6500,188.8327,189.0331,solved,0
0.0091913727,0.0091913727,2.9088172037e-03,0.0539334516,2,6525,204.9269,205.1296,solved,0
0.0091950000,0.0091950000,2.9387241000e-03,0.0542100000,1,6575,187.0849,187.2841,solved,0
