target_return,return,variance,std_dev,n_held,iterations,osqp_time_ms,wall_time_ms,status,refined
0.0027843363,0.0027843780,6.4225721262e-04,0.0253427941,10,25,0.2800,0.3801,solved,0
0.0027883784,0.0027883784,6.4225763154e-04,0.0253428024,10,25,0.2590,0.3324,solved,0
0.0027924202,0.0027924202,6.4225890570e-04,0.0253428275,10,25,0.2473,0.3162,solved,0
0.0027964626,0.0027964626,6.4226103551e-04,0.0253428695,10,25,0.2455,0.3160,solved,0
0.0028005045,0.0028005045,6.4226402042e-04,0.0253429284,10,25,0.2593,0.3284,solved,0
0.0028045466,0.0028045466,6.4226786086e-04,0.0253430042,10,25,0.2391,0.3071,solved,0
0.0028085887,0.0028085887,6.4227255670e-04,0.0253430968,10,25,0.2403,0.3062,solved,0
0.0028126307,0.0028126307,6.4227810780e-04,0.0253432063,10,25,0.2382,0.3108,solved,0
0.0028166726,0.0028166726,6.4228451408e-04,0.0253433327,10,25,0.2372,0.3032,solved,0
0.0028207147,0.0028207147,6.4229177605e-04,0.0253434760,10,25,0.2379,0.3026,solved,0
0.0028247567,0.0028247567,6.4229989322e-04,0.0253436361,10,25,0.2506,0.3234,solved,0
0.0028287991,0.0028287991,6.4230886111e-04,0.0253438131,11,25,0.2432,0.3111,solved,0
0.0028328412,0.0028328412,6.4231858617e-04,0.0253440049,11,25,0.2410,0.3065,solved,0
0.0028368832,0.0028368832,6.4232903615e-04,0.0253442111,11,25,0.2379,0.3100,solved,0
0.0028409257,0.0028409257,6.4234021272e-04,0.0253444316,11,25,0.2443,0.3455,solved,0
0.0028449677,0.0028449677,6.4235211311e-04,0.0253446664,11,25,0.2398,0.3148,solved,0
0.0028490102,0.0028490102,6.4236474025e-04,0.0253449155,11,25,0.2575,0.3375,solved,0
0.0028530521,0.0028530521,6.4237809070e-04,0.0253451788,11,25,0.2407,0.3078,solved,0
0.0028570946,0.0028570946,6.4239216368e-04,0.0253454565,12,25,0.2419,0.3103,solved,0
0.0028611366,0.0028611366,6.4240681831e-04,0.0253457456,12,25,0.2354,0.3012,solved,0
0.0028651788,0.0028651788,6.4242199388e-04,0.0253460449,12,25,0.2355,0.2993,solved,0
0.0028692214,0.0028692214,6.4243769125e-04,0.0253463546,12,25,0.2405,0.3045,solved,0
0.0028732634,0.0028732634,6.4245390651e-04,0.0253466745,12,25,0.2378,0.3184,solved,0
0.0028773056,0.0028773056,6.4247064279e-04,0.0253470046,12,25,0.2350,0.3009,solved,0
0.0028813479,0.0028813479,6.4248789972e-04,0.0253473450,12,25,0.2342,0.2987,solved,0
0.0028853901,0.0028853901,6.4250567646e-04,0.0253476957,12,25,0.2382,0.3123,solved,0
0.0028894324,0.0028894324,6.4252397388e-04,0.0253480566,12,25,0.2355,0.3005,solved,0
0.0028934745,0.0028934745,6.4254279061e-04,0.0253484278,12,25,0.2347,0.2984,solved,0
0.0028975170,0.0028975170,6.4256212949e-04,0.0253488092,12,25,0.2486,0.3148,solved,0
0.0029015590,0.0029015590,6.4258198617e-04,0.0253492009,12,25,0.2332,0.2992,solved,0
0.0029056013,0.0029056013,6.4260236456e-04,0.0253496028,12,25,0.2382,0.3033,solved,0
0.0029096436,0.0029096436,6.4262326321e-04,0.0253500151,12,25,0.2371,0.3023,solved,0
0.0029136859,0.0029136859,6.4264468210e-04,0.0253504375,12,25,0.2368,0.3018,solved,0
0.0029177281,0.0029177281,6.4266662070e-04,0.0253508702,12,25,0.2388,0.3030,solved,0
0.0029217701,0.0029217701,6.4268907840e-04,0.0253513131,12,25,0.2471,0.3129,solved,0
0.0029258127,0.0029258127,6.4271205973e-04,0.0253517664,12,25,0.2343,0.3003,solved,0
0.0029298549,0.0029298549,6.4273555903e-04,0.0253522299,12,25,0.2359,0.3028,solved,0
0.0029338969,0.0029338969,6.4275957736e-04,0.0253527036,12,25,0.2477,0.3218,solved,0
0.0029379392,0.0029379392,6.4278411770e-04,0.0253531875,12,25,0.2368,0.3109,solved,0
0.0029419814,0.0029419814,6.4280917767e-04,0.0253536817,12,25,0.2343,0.2997,solved,0
0.0029460237,0.0029460237,6.4283475850e-04,0.0253541862,12,25,0.2497,0.3202,solved,0
0.0029500660,0.0029500660,6.4286085958e-04,0.0253547009,12,25,0.2361,0.3018,solved,0
0.0029541080,0.0029541080,6.4288747892e-04,0.0253552259,12,25,0.2376,0.3015,solved,0
0.0029581505,0.0029581505,6.4291462183e-04,0.0253557611,12,25,0.2358,0.3012,solved,0
0.0029621927,0.0029621927,6.4294228297e-04,0.0253563066,12,25,0.2360,0.3007,solved,0
0.0029662349,0.0029662349,6.4297046433e-04,0.0253568623,12,25,0.2345,0.2980,solved,0
0.0029702775,0.0029702775,6.4299916878e-04,0.0253574283,12,25,0.2535,0.3195,solved,0
0.0029743194,0.0029743194,6.4302838846e-04,0.0253580044,12,25,0.2711,0.3687,solved,0
0.0029783616,0.0029783616,6.4305813051e-04,0.0253585909,12,25,0.2394,0.3207,solved,0
0.0029824038,0.0029824038,6.4308839279e-04,0.0253591875,12,25,0.2346,0.3007,solved,0
0.0029864462,0.0029864462,6.4311917683e-04,0.0253597945,12,25,0.2341,0.2975,solved,0
0.0029904886,0.0029904886,6.4315048115e-04,0.0253604117,12,25,0.2372,0.3003,solved,0
0.0029945305,0.0029945305,6.4318230178e-04,0.0253610391,12,25,0.2507,0.3159,solved,0
0.0029985730,0.0029985730,6.4321464739e-04,0.0253616767,12,25,0.2345,0.2995,solved,0
0.0030026151,0.0030026151,6.4324751003e-04,0.0253623246,12,25,0.2319,0.2951,solved,0
0.0030066574,0.0030066574,6.4328089454e-04,0.0253629828,12,25,0.2319,0.2955,solved,0
0.0030106995,0.0030106995,6.4331479761e-04,0.0253636511,12,25,0.2323,0.3000,solved,0
0.0030147419,0.0030147419,6.4334922345e-04,0.0253643297,12,25,0.2319,0.2952,solved,0
0.0030187841,0.0030187841,6.4338416783e-04,0.0253650186,12,25,0.2461,0.3106,solved,0
0.0030228265,0.0030228265,6.4341963420e-04,0.0253657177,12,25,0.2325,0.3094,solved,0
0.0030268685,0.0030268685,6.4345561726e-04,0.0253664270,12,25,0.2370,0.3009,solved,0
0.0030309109,0.0030309109,6.4349212414e-04,0.0253671466,12,25,0.2449,0.3117,solved,0
0.0030349530,0.0030349530,6.4352914852e-04,0.0253678763,12,25,0.2346,0.3043,solved,0
0.0030389953,0.0030389953,6.4356669498e-04,0.0253686163,12,25,0.2879,0.3550,solved,0
0.0030430377,0.0030430377,6.4360476263e-04,0.0253693666,12,25,0.2462,0.3131,solved,0
0.0030470799,0.0030470799,6.4364334864e-04,0.0253701271,12,25,0.2332,0.2990,solved,0
0.0030511220,0.0030511220,6.4368245391e-04,0.0253708978,12,25,0.2348,0.2979,solved,0
0.0030551641,0.0030551641,6.4372207937e-04,0.0253716787,12,25,0.2310,0.2946,solved,0
0.0030592066,0.0030592066,6.4376222903e-04,0.0253724699,12,25,0.2351,0.2985,solved,0
0.0030632488,0.0030632488,6.4380289596e-04,0.0253732713,12,25,0.2360,0.2992,solved,0
0.0030672910,0.0030672910,6.4384408311e-04,0.0253740829,12,25,0.2511,0.3158,solved,0
0.0030713333,0.0030713333,6.4388579153e-04,0.0253749048,12,25,0.2334,0.2976,solved,0
0.0030753754,0.0030753754,6.4392801810e-04,0.0253757368,12,25,0.2339,0.2971,solved,0
0.0030794178,0.0030794178,6.4397076806e-04,0.0253765791,12,25,0.2333,0.2964,solved,0
0.0030834600,0.0030834600,6.4401403614e-04,0.0253774316,12,25,0.2327,0.2965,solved,0
0.0030875023,0.0030875023,6.4405782554e-04,0.0253782944,12,25,0.2336,0.2971,solved,0
0.0030915446,0.0030915446,6.4410213520e-04,0.0253791673,12,25,0.2472,0.3119,solved,0
0.0030955866,0.0030955866,6.4414696175e-04,0.0253800505,12,25,0.2343,0.2998,solved,0
0.0030996292,0.0030996292,6.4419231525e-04,0.0253809439,12,25,0.2350,0.2985,solved,0
0.0031036714,0.0031036714,6.4423818452e-04,0.0253818475,12,25,0.2324,0.2949,solved,0
0.0031077133,0.0031077133,6.4428457055e-04,0.0253827613,12,25,0.2318,0.2950,solved,0
0.0031117557,0.0031117557,6.4433148256e-04,0.0253836854,12,25,0.2349,0.2978,solved,0
0.0031157979,0.0031157979,6.4437891249e-04,0.0253846196,12,25,0.2426,0.3076,solved,0
0.0031198402,0.0031198402,6.4442686384e-04,0.0253855641,12,25,0.2323,0.2968,solved,0
0.0031238825,0.0031238825,6.4447533544e-04,0.0253865188,12,25,0.2329,0.2959,solved,0
0.0031279245,0.0031279245,6.4452432364e-04,0.0253874836,12,25,0.2337,0.2966,solved,0
0.0031319669,0.0031319669,6.4457383694e-04,0.0253884587,12,25,0.2341,0.2966,solved,0
0.0031360091,0.0031360091,6.4462386802e-04,0.0253894440,12,25,0.2335,0.3028,solved,0
0.0031400514,0.0031400514,6.4467442059e-04,0.0253904396,12,25,0.2354,0.3121,solved,0
0.0031440937,0.0031440937,6.4472549341e-04,0.0253914453,12,25,0.2341,0.2989,solved,0
0.0031481359,0.0031481359,6.4477708520e-04,0.0253924612,12,25,0.2342,0.2987,solved,0
0.0031521781,0.0031521781,6.4482919722e-04,0.0253934873,12,25,0.2329,0.2968,solved,0
0.0031562202,0.0031562202,6.4488182815e-04,0.0253945236,12,25,0.2322,0.2959,solved,0
0.0031602626,0.0031602626,6.4493498325e-04,0.0253955702,12,25,0.2309,0.2939,solved,0
0.0031643048,0.0031643048,6.4498865596e-04,0.0253966269,12,25,0.2315,0.2946,solved,0
0.0031683470,0.0031683470,6.4504284889e-04,0.0253976938,12,25,0.2336,0.3170,solved,0
0.0031723893,0.0031723893,6.4509756341e-04,0.0253987709,12,25,0.2331,0.2973,solved,0
0.0031764314,0.0031764314,6.4515279544e-04,0.0253998582,12,25,0.2333,0.2975,solved,0
0.0031804737,0.0031804737,6.4520855043e-04,0.0254009557,12,25,0.2344,0.2976,solved,0
0.0031845160,0.0031845160,6.4526482568e-04,0.0254020634,12,25,0.2345,0.2983,solved,0
0.0031885583,0.0031885583,6.4532162118e-04,0.0254031813,12,25,0.2368,0.3008,solved,0
0.0031926005,0.0031926005,6.4537893551e-04,0.0254043094,12,25,0.2543,0.3209,solved,0
0.0031966427,0.0031966427,6.4543677006e-04,0.0254054476,12,25,0.2344,0.3003,solved,0
0.0032006850,0.0032006850,6.4549512629e-04,0.0254065961,12,25,0.2343,0.2997,solved,0
0.0032047274,0.0032047274,6.4555400424e-04,0.0254077548,12,25,0.2341,0.3000,solved,0
0.0032087693,0.0032087693,6.4561339508e-04,0.0254089235,12,25,0.2325,0.2963,solved,0
0.0032128119,0.0032128119,6.4567331649e-04,0.0254101026,12,25,0.2347,0.2975,solved,0
0.0032168537,0.0032168537,6.4573374622e-04,0.0254112917,12,25,0.2687,0.3386,solved,0
0.0032208963,0.0032208963,6.4579470819e-04,0.0254124912,12,25,0.2333,0.3033,solved,0
0.0032249386,0.0032249386,6.4585618591e-04,0.0254137008,12,25,0.2312,0.2957,solved,0
0.0032289807,0.0032289807,6.4591818079e-04,0.0254149204,12,25,0.2462,0.3167,solved,0
0.0032330232,0.0032330232,6.4598070209e-04,0.0254161504,12,25,0.2358,0.3061,solved,0
0.0032370652,0.0032370652,6.4604373586e-04,0.0254173904,12,25,0.2334,0.2990,solved,0
0.0032411073,0.0032411073,6.4610729139e-04,0.0254186406,12,25,0.2533,0.3271,solved,0
0.0032451498,0.0032451498,6.4617137348e-04,0.0254199011,12,25,0.2353,0.3002,solved,0
0.0032491919,0.0032491919,6.4623596946e-04,0.0254211717,12,25,0.2331,0.3004,solved,0
0.0032532341,0.0032532341,6.4630108725e-04,0.0254224524,12,25,0.2333,0.2966,solved,0
0.0032572764,0.0032572764,6.4636672691e-04,0.0254237434,12,25,0.2333,0.2982,solved,0
0.0032613187,0.0032613187,6.4643288681e-04,0.0254250445,12,25,0.2346,0.2980,solved,0
0.0032653610,0.0032653610,6.4649956696e-04,0.0254263558,12,25,0.2465,0.3162,solved,0
0.0032694031,0.0032694031,6.4656676403e-04,0.0254276771,12,25,0.2333,0.2996,solved,0
0.0032734453,0.0032734453,6.4663448298e-04,0.0254290087,12,25,0.2322,0.3011,solved,0
0.0032774875,0.0032774875,6.4670272216e-04,0.0254303504,12,25,0.2330,0.2971,solved,0
0.0032815298,0.0032815298,6.4677148327e-04,0.0254317023,12,25,0.2317,0.2951,solved,0
0.0032855720,0.0032855720,6.4684076291e-04,0.0254330644,12,25,0.2347,0.2982,solved,0
0.0032896143,0.0032896143,6.4691056451e-04,0.0254344366,12,25,0.2473,0.3129,solved,0
0.0032936565,0.0032936565,6.4698088462e-04,0.0254358189,12,25,0.2342,0.2983,solved,0
0.0032976985,0.0032976985,6.4705172144e-04,0.0254372114,12,25,0.2328,0.2960,solved,0
0.0033017409,0.0033017409,6.4712308551e-04,0.0254386141,12,25,0.2345,0.3042,solved,0
0.0033057835,0.0033057835,6.4719497344e-04,0.0254400270,12,25,0.2325,0.2959,solved,0
0.0033098254,0.0033098254,6.4726736911e-04,0.0254414498,12,25,0.2375,0.3013,solved,0
0.0033138675,0.0033138675,6.4734028855e-04,0.0254428829,12,25,0.2447,0.3106,solved,0
0.0033179099,0.0033179099,6.4741373366e-04,0.0254443262,12,25,0.2339,0.2989,solved,0
0.0033219524,0.0033219524,6.4748770088e-04,0.0254457796,12,25,0.2355,0.2987,solved,0
0.0033259947,0.0033259947,6.4756218471e-04,0.0254472432,12,25,0.2686,0.3588,solved,0
0.0033300367,0.0033300367,6.4763718320e-04,0.0254487167,12,25,0.2468,0.3338,solved,0
0.0033340792,0.0033340792,6.4771271125e-04,0.0254502006,12,25,0.2344,0.3029,solved,0
0.0033381212,0.0033381212,6.4778875015e-04,0.0254516944,12,25,0.2561,0.3244,solved,0
0.0033421634,0.0033421634,6.4786531304e-04,0.0254531985,12,25,0.2354,0.3050,solved,0
0.0033462058,0.0033462058,6.4794239997e-04,0.0254547127,12,25,0.2383,0.3066,solved,0
0.0033502479,0.0033502479,6.4802000141e-04,0.0254562370,12,25,0.2359,0.3031,solved,0
0.0033542902,0.0033542902,6.4809812692e-04,0.0254577714,12,25,0.2340,0.2971,solved,0
0.0033583323,0.0033583323,6.4817676878e-04,0.0254593160,12,25,0.2324,0.2992,solved,0
0.0033623747,0.0033623747,6.4825593674e-04,0.0254608707,12,25,0.2490,0.3144,solved,0
0.0033664171,0.0033664171,6.4833562497e-04,0.0254624356,12,25,0.2324,0.2972,solved,0
0.0033704590,0.0033704590,6.4841582353e-04,0.0254640104,12,25,0.2337,0.2977,solved,0
0.0033745012,0.0033745012,6.4849654825e-04,0.0254655954,12,25,0.2322,0.2961,solved,0
0.0033785437,0.0033785437,6.4857779924e-04,0.0254671906,12,25,0.2309,0.2937,solved,0
0.0033825859,0.0033825859,6.4865956445e-04,0.0254687959,12,25,0.2346,0.2967,solved,0
0.0033866283,0.0033866283,6.4874185397e-04,0.0254704113,12,25,0.2451,0.3104,solved,0
0.0033906702,0.0033906702,6.4882465349e-04,0.0254720367,12,25,0.2318,0.2960,solved,0
0.0033947126,0.0033947126,6.4890798350e-04,0.0254736724,12,25,0.2315,0.2943,solved,0
0.0033987547,0.0033987547,6.4899182754e-04,0.0254753180,12,25,0.2332,0.2967,solved,0
0.0034027969,0.0034027969,6.4907619388e-04,0.0254769738,12,25,0.2323,0.2953,solved,0
0.0034068394,0.0034068394,6.4916108676e-04,0.0254786398,12,25,0.2826,0.3486,solved,0
0.0034108814,0.0034108814,6.4924648935e-04,0.0254803157,12,25,0.2456,0.3122,solved,0
0.0034149237,0.0034149237,6.4933241851e-04,0.0254820019,12,25,0.2316,0.2974,solved,0
0.0034189657,0.0034189657,6.4941886149e-04,0.0254836980,12,25,0.2326,0.2962,solved,0
0.0034230082,0.0034230082,6.4950583543e-04,0.0254854044,12,25,0.2324,0.2969,solved,0
0.0034270506,0.0034270506,6.4959332751e-04,0.0254871208,12,25,0.2320,0.3035,solved,0
0.0034310929,0.0034310929,6.4968133767e-04,0.0254888473,12,25,0.2317,0.2962,solved,0
0.0034351353,0.0034351353,6.4976987029e-04,0.0254905840,12,25,0.2349,0.2993,solved,0
0.0034391773,0.0034391773,6.4985891435e-04,0.0254923305,12,25,0.2373,0.3200,solved,0
0.0034432197,0.0034432197,6.4994848747e-04,0.0254940873,12,25,0.2364,0.3082,solved,0
0.0034472617,0.0034472617,6.5003857192e-04,0.0254958540,12,25,0.2335,0.2980,solved,0
0.0034513040,0.0034513040,6.5012918330e-04,0.0254976309,12,25,0.2320,0.2964,solved,0
0.0034553464,0.0034553464,6.5022031719e-04,0.0254994180,12,25,0.2324,0.2955,solved,0
0.0034593886,0.0034593886,6.5031196681e-04,0.0255012150,12,25,0.2332,0.2968,solved,0
0.0034634307,0.0034634307,6.5040413436e-04,0.0255030221,12,25,0.2331,0.3126,solved,0
0.0034674730,0.0034674730,6.5049682672e-04,0.0255048393,12,25,0.2319,0.2963,solved,0
0.0034715151,0.0034715151,6.5059003470e-04,0.0255066665,12,25,0.2323,0.2963,solved,0
0.0034755575,0.0034755575,6.5068376986e-04,0.0255085039,12,25,0.2310,0.2944,solved,0
0.0034795998,0.0034795998,6.5077802296e-04,0.0255103513,12,25,0.2322,0.2986,solved,0
0.0034836418,0.0034836418,6.5087278926e-04,0.0255122086,12,25,0.2318,0.2949,solved,0
0.0034876841,0.0034876841,6.5096808282e-04,0.0255140762,12,25,0.2450,0.3098,solved,0
0.0034917263,0.0034917263,6.5106389426e-04,0.0255159537,12,25,0.2326,0.2961,solved,0
0.0034957686,0.0034957686,6.5116022832e-04,0.0255178414,12,25,0.2314,0.2947,solved,0
0.0034998109,0.0034998109,6.5125708262e-04,0.0255197391,12,25,0.2327,0.2966,solved,0
0.0035038530,0.0035038530,6.5135445235e-04,0.0255216467,12,25,0.2333,0.2975,solved,0
0.0035078955,0.0035078955,6.5145235199e-04,0.0255235646,12,25,0.2320,0.3116,solved,0
0.0035119375,0.0035119375,6.5155075973e-04,0.0255254924,12,25,0.2496,0.3190,solved,0
0.0035159799,0.0035159799,6.5164970097e-04,0.0255274304,11,25,0.2397,0.3087,solved,0
0.0035200221,0.0035200221,6.5174916509e-04,0.0255293785,11,25,0.2365,0.3047,solved,0
0.0035240645,0.0035240645,6.5184916195e-04,0.0255313369,11,25,0.2398,0.3068,solved,0
0.0035281066,0.0035281066,6.5194967916e-04,0.0255333053,11,25,0.2360,0.3014,solved,0
0.0035321488,0.0035321488,6.5205072662e-04,0.0255352840,11,25,0.2356,0.3146,solved,0
0.0035361911,0.0035361911,6.5215230437e-04,0.0255372728,11,25,0.2546,0.3201,solved,0
0.0035402336,0.0035402336,6.5225441499e-04,0.0255392720,11,25,0.2339,0.2983,solved,0
0.0035442757,0.0035442757,6.5235704327e-04,0.0255412812,11,25,0.2328,0.2961,solved,0
0.0035483179,0.0035483179,6.5246020186e-04,0.0255433005,11,25,0.2467,0.3142,solved,0
0.0035523598,0.0035523598,6.5256388051e-04,0.0255453299,11,25,0.2364,0.3079,solved,0
0.0035564021,0.0035564021,6.5266809720e-04,0.0255473697,11,25,0.2365,0.3012,solved,0
0.0035604447,0.0035604447,6.5277284948e-04,0.0255494197,11,25,0.2529,0.3190,solved,0
0.0035644867,0.0035644867,6.5287811397e-04,0.0255514797,11,25,0.2371,0.3050,solved,0
0.0035685290,0.0035685290,6.5298391405e-04,0.0255535499,11,25,0.2375,0.3039,solved,0
0.0035725710,0.0035725710,6.5309023402e-04,0.0255556302,11,25,0.2354,0.2992,solved,0
0.0035766135,0.0035766135,6.5319709497e-04,0.0255577208,11,25,0.2328,0.2967,solved,0
0.0035806558,0.0035806558,6.5330447844e-04,0.0255598216,11,25,0.2351,0.3016,solved,0
0.0035846979,0.0035846979,6.5341238436e-04,0.0255619323,11,25,0.2562,0.3209,solved,0
0.0035887401,0.0035887401,6.5352082071e-04,0.0255640533,11,25,0.2325,0.2976,solved,0
0.0035927823,0.0035927823,6.5362978484e-04,0.0255661844,11,25,0.2368,0.3059,solved,0
0.0035968248,0.0035968248,6.5373928488e-04,0.0255683258,11,25,0.2331,0.2973,solved,0
0.0036008669,0.0036008669,6.5384930187e-04,0.0255704772,11,25,0.2334,0.2972,solved,0
0.0036049091,0.0036049091,6.5395984934e-04,0.0255726387,11,25,0.2353,0.2984,solved,0
0.0036089515,0.0036089515,6.5407093010e-04,0.0255748105,11,25,0.2470,0.3119,solved,0
0.0036129937,0.0036129937,6.5418253315e-04,0.0255769923,11,25,0.2335,0.2980,solved,0
0.0036170359,0.0036170359,6.5429466397e-04,0.0255791842,11,25,0.2339,0.3034,solved,0
0.0036210782,0.0036210782,6.5440732536e-04,0.0255813863,11,25,0.2356,0.2998,solved,0
0.0036251200,0.0036251200,6.5452050051e-04,0.0255835983,11,25,0.2405,0.3058,solved,0
0.0036291627,0.0036291627,6.5463422871e-04,0.0255858209,11,25,0.2330,0.2973,solved,0
0.0036332047,0.0036332047,6.5474846499e-04,0.0255880532,11,25,0.2465,0.3120,solved,0
0.0036372470,0.0036372470,6.5486323753e-04,0.0255902958,11,25,0.2351,0.2985,solved,0
0.0036412892,0.0036412892,6.5497853500e-04,0.0255925484,11,25,0.2362,0.2991,solved,0
0.0036453315,0.0036453315,6.5509436312e-04,0.0255948113,11,25,0.2321,0.2951,solved,0
0.0036493737,0.0036493737,6.5521071616e-04,0.0255970841,11,25,0.2337,0.2969,solved,0
0.0036534159,0.0036534159,6.5532759697e-04,0.0255993671,11,25,0.2323,0.2948,solved,0
0.0036574581,0.0036574581,6.5544500555e-04,0.0256016602,11,25,0.2456,0.3093,solved,0
0.0036615007,0.0036615007,6.5556295360e-04,0.0256039636,11,25,0.2337,0.2974,solved,0
0.0036655427,0.0036655427,6.5568141191e-04,0.0256062768,11,25,0.2333,0.2966,solved,0
0.0036695849,0.0036695849,6.5580040384e-04,0.0256086002,11,25,0.2349,0.2995,solved,0
0.0036736271,0.0036736271,6.5591992355e-04,0.0256109337,11,25,0.2325,0.2950,solved,0
0.0036776693,0.0036776693,6.5603997102e-04,0.0256132772,11,25,0.2361,0.2999,solved,0
0.0036817118,0.0036817118,6.5616055524e-04,0.0256156311,11,25,0.2323,0.3002,solved,0
0.0036857539,0.0036857539,6.5628165530e-04,0.0256179948,11,25,0.2348,0.3010,solved,0
0.0036897962,0.0036897962,6.5640328914e-04,0.0256203686,11,25,0.2371,0.3020,solved,0
0.0036938382,0.0036938382,6.5652544170e-04,0.0256227524,11,25,0.2359,0.2999,solved,0
0.0036978807,0.0036978807,6.5664813718e-04,0.0256251466,11,25,0.2348,0.2986,solved,0
0.0037019231,0.0037019231,6.5677135746e-04,0.0256275508,11,25,0.2342,0.3027,solved,0
0.0037059652,0.0037059652,6.5689509636e-04,0.0256299648,11,25,0.2339,0.2972,solved,0
0.0037100071,0.0037100071,6.5701935685e-04,0.0256323888,11,25,0.2327,0.3102,solved,0
0.0037140495,0.0037140495,6.5714416050e-04,0.0256348232,11,25,0.2342,0.2984,solved,0
0.0037180918,0.0037180918,6.5726948887e-04,0.0256372676,11,25,0.2320,0.2984,solved,0
0.0037221340,0.0037221340,6.5739534193e-04,0.0256397220,11,25,0.2409,0.3057,solved,0
0.0037261761,0.0037261761,6.5752171962e-04,0.0256421863,11,25,0.2371,0.3012,solved,0
0.0037302185,0.0037302185,6.5764863450e-04,0.0256446609,11,25,0.2346,0.2975,solved,0
0.0037342607,0.0037342607,6.5777607088e-04,0.0256471455,11,25,0.2459,0.3112,solved,0
0.0037383029,0.0037383029,6.5790403504e-04,0.0256496401,11,25,0.2701,0.3442,solved,0
0.0037423453,0.0037423453,6.5803253334e-04,0.0256521448,11,25,0.2354,0.3061,solved,0
0.0037463874,0.0037463874,6.5816154988e-04,0.0256546594,11,25,0.2326,0.2969,solved,0
0.0037504298,0.0037504298,6.5829110648e-04,0.0256571843,10,25,0.2414,0.3051,solved,0
0.0037544719,0.0037544719,6.5842126322e-04,0.0256597206,10,25,0.2370,0.3005,solved,0
0.0037585143,0.0037585143,6.5855207620e-04,0.0256622695,10,25,0.2542,0.3190,solved,0
0.0037625564,0.0037625564,6.5868352602e-04,0.0256648305,10,25,0.2378,0.3023,solved,0
0.0037665986,0.0037665986,6.5881562564e-04,0.0256674040,10,25,0.2332,0.2962,solved,0
0.0037706409,0.0037706409,6.5894837509e-04,0.0256699898,10,25,0.2364,0.3025,solved,0
0.0037746830,0.0037746830,6.5908176451e-04,0.0256725878,10,25,0.2880,0.3552,solved,0
0.0037787252,0.0037787252,6.5921580378e-04,0.0256751982,10,25,0.2351,0.3054,solved,0
0.0037827677,0.0037827677,6.5935049961e-04,0.0256778212,10,25,0.2368,0.3144,solved,0
0.0037868097,0.0037868097,6.5948582531e-04,0.0256804561,10,25,0.2356,0.3046,solved,0
0.0037908522,0.0037908522,6.5962181436e-04,0.0256831037,10,25,0.2343,0.2975,solved,0
0.0037948942,0.0037948942,6.5975843311e-04,0.0256857632,10,25,0.2334,0.2974,solved,0
0.0037989368,0.0037989368,6.5989571877e-04,0.0256884355,10,25,0.2335,0.2967,solved,0
0.0038029789,0.0038029789,6.6003363401e-04,0.0256911198,10,25,0.2333,0.2964,solved,0
0.0038070211,0.0038070211,6.6017219921e-04,0.0256938164,10,25,0.2464,0.3108,solved,0
0.0038110634,0.0038110634,6.6031141441e-04,0.0256965253,10,25,0.2442,0.3126,solved,0
0.0038151056,0.0038151056,6.6045127272e-04,0.0256992465,10,25,0.2351,0.3347,solved,0
0.0038191479,0.0038191479,6.6059178106e-04,0.0257019801,10,25,0.2586,0.3464,solved,0
0.0038231900,0.0038231900,6.6073292899e-04,0.0257047258,10,25,0.2433,0.3107,solved,0
0.0038272322,0.0038272322,6.6087472695e-04,0.0257074839,10,25,0.2359,0.3004,solved,0
0.0038312746,0.0038312746,6.6101717853e-04,0.0257102543,10,25,0.2371,0.3056,solved,0
0.0038353167,0.0038353167,6.6116026607e-04,0.0257130369,10,25,0.2361,0.3021,solved,0
0.0038393589,0.0038393589,6.6130400370e-04,0.0257158318,10,25,0.2362,0.2999,solved,0
0.0038434013,0.0038434013,6.6144839504e-04,0.0257186391,10,25,0.2350,0.2988,solved,0
0.0038474433,0.0038474433,6.6159341861e-04,0.0257214583,10,25,0.2381,0.3022,solved,0
0.0038514857,0.0038514857,6.6173910311e-04,0.0257242901,10,25,0.2343,0.2977,solved,0
0.0038555277,0.0038555277,6.6188541971e-04,0.0257271339,10,25,0.2491,0.3147,solved,0
0.0038595703,0.0038595703,6.6203240467e-04,0.0257299904,10,25,0.2343,0.2987,solved,0
0.0038636125,0.0038636125,6.6218002166e-04,0.0257328588,10,25,0.2342,0.2973,solved,0
0.0038676548,0.0038676548,6.6232828888e-04,0.0257357395,10,25,0.2347,0.2979,solved,0
0.0038716971,0.0038716971,6.6247720268e-04,0.0257386325,10,25,0.2360,0.3008,solved,0
0.0038757392,0.0038757392,6.6262675565e-04,0.0257415376,10,25,0.2341,0.3012,solved,0
0.0038797814,0.0038797814,6.6277695885e-04,0.0257444549,10,25,0.2475,0.3131,solved,0
0.0038838238,0.0038838238,6.6292781609e-04,0.0257473846,10,25,0.2341,0.2980,solved,0
0.0038878658,0.0038878658,6.6307930492e-04,0.0257503263,10,25,0.2332,0.2957,solved,0
0.0038919082,0.0038919082,6.6323145533e-04,0.0257532805,10,25,0.2338,0.2970,solved,0
0.0038959503,0.0038959503,6.6338424098e-04,0.0257562466,10,25,0.2339,0.2970,solved,0
0.0038999925,0.0038999925,6.6353767696e-04,0.0257592251,10,25,0.2348,0.2985,solved,0
0.0039040348,0.0039040348,6.6369176330e-04,0.0257622158,10,25,0.2474,0.3126,solved,0
0.0039080771,0.0039080771,6.6384649623e-04,0.0257652187,10,25,0.2358,0.2999,solved,0
0.0039121192,0.0039121192,6.6400186804e-04,0.0257682337,10,25,0.2352,0.3005,solved,0
0.0039161617,0.0039161617,6.6415790183e-04,0.0257712612,10,25,0.2352,0.3104,solved,0
0.0039202040,0.0039202040,6.6431457451e-04,0.0257743007,10,25,0.2342,0.3073,solved,0
0.0039242457,0.0039242457,6.6447187037e-04,0.0257773519,10,25,0.3618,0.4825,solved,0
0.0039282885,0.0039282885,6.6462985569e-04,0.0257804161,10,25,0.2641,0.3648,solved,0
0.0039323308,0.0039323308,6.6478846809e-04,0.0257834922,10,25,0.2558,0.3332,solved,0
0.0039363728,0.0039363728,6.6494771524e-04,0.0257865801,10,25,0.2431,0.3114,solved,0
0.0039404153,0.0039404153,6.6510762868e-04,0.0257896807,10,25,0.2658,0.3342,solved,0
0.0039444574,0.0039444574,6.6526817286e-04,0.0257927930,10,25,0.2925,0.3628,solved,0
0.0039484995,0.0039484995,6.6542936355e-04,0.0257959176,10,25,0.2389,0.3051,solved,0
0.0039525416,0.0039525416,6.6559120076e-04,0.0257990543,10,25,0.2363,0.3034,solved,0
0.0039565842,0.0039565842,6.6575370463e-04,0.0258022035,10,25,0.2353,0.2996,solved,0
0.0039606262,0.0039606262,6.6591683092e-04,0.0258053644,10,25,0.2351,0.3077,solved,0
0.0039646683,0.0039646683,6.6608060775e-04,0.0258085375,10,25,0.2597,0.3297,solved,0
0.0039687109,0.0039687109,6.6624505148e-04,0.0258117231,10,25,0.2345,0.3014,solved,0
0.0039727529,0.0039727529,6.6641011733e-04,0.0258149204,10,25,0.2334,0.2981,solved,0
0.0039767951,0.0039767951,6.6657583789e-04,0.0258181300,10,25,0.2351,0.3088,solved,0
0.0039808377,0.0039808377,6.6674222149e-04,0.0258213520,10,25,0.2363,0.3013,solved,0
0.0039848799,0.0039848799,6.6690923521e-04,0.0258245859,10,25,0.2332,0.2976,solved,0
0.0039889217,0.0039889217,6.6707687886e-04,0.0258278315,10,25,0.2566,0.3223,solved,0
0.0039929640,0.0039929640,6.6724518979e-04,0.0258310896,10,25,0.2333,0.2980,solved,0
0.0039970066,0.0039970066,6.6741415986e-04,0.0258343601,10,25,0.2333,0.2984,solved,0
0.0040010488,0.0040010488,6.6758375980e-04,0.0258376423,10,25,0.2351,0.2989,solved,0
0.0040050909,0.0040050909,6.6775400206e-04,0.0258409366,10,25,0.2338,0.2970,solved,0
0.0040091333,0.0040091333,6.6792490356e-04,0.0258442431,10,25,0.2408,0.3114,solved,0
0.0040131754,0.0040131754,6.6809643891e-04,0.0258475616,10,25,0.2562,0.3251,solved,0
0.0040172175,0.0040172175,6.6826862078e-04,0.0258508921,10,25,0.2372,0.3103,solved,0
0.0040212600,0.0040212600,6.6844146630e-04,0.0258542350,10,25,0.2367,0.3032,solved,0
0.0040253022,0.0040253022,6.6861494557e-04,0.0258575897,10,25,0.2400,0.3048,solved,0
0.0040293443,0.0040293443,6.6878906708e-04,0.0258609564,10,25,0.2357,0.3035,solved,0
0.0040333864,0.0040333864,6.6896383510e-04,0.0258643352,10,25,0.2338,0.2970,solved,0
0.0040374289,0.0040374289,6.6913926703e-04,0.0258677264,10,25,0.2524,0.3284,solved,0
0.0040414710,0.0040414710,6.6931532815e-04,0.0258711292,10,25,0.2356,0.3022,solved,0
0.0040455132,0.0040455132,6.6949204017e-04,0.0258745443,10,25,0.2364,0.3118,solved,0
0.0040495559,0.0040495559,6.6966942072e-04,0.0258779717,10,25,0.2405,0.3060,solved,0
0.0040535980,0.0040535980,6.6984742151e-04,0.0258814107,10,25,0.2333,0.2974,solved,0
0.0040576398,0.0040576398,6.7002605554e-04,0.0258848615,10,25,0.2329,0.2966,solved,0
0.0040616825,0.0040616825,6.7020537598e-04,0.0258883251,10,25,0.2474,0.3139,solved,0
0.0040657246,0.0040657246,6.7038531637e-04,0.0258918002,10,25,0.2501,0.3160,solved,0
0.0040697669,0.0040697669,6.7056591223e-04,0.0258952875,10,25,0.2356,0.2997,solved,0
0.0040738088,0.0040738088,6.7074713671e-04,0.0258987864,10,25,0.2333,0.2978,solved,0
0.0040778514,0.0040778514,6.7092903919e-04,0.0259022980,10,25,0.2348,0.2997,solved,0
0.0040818934,0.0040818934,6.7111156121e-04,0.0259058210,10,25,0.2359,0.3006,solved,0
0.0040859356,0.0040859356,6.7129473880e-04,0.0259093562,10,25,0.2477,0.3136,solved,0
0.0040899781,0.0040899781,6.7147857660e-04,0.0259129037,10,25,0.2345,0.2992,solved,0
0.0040940203,0.0040940203,6.7166304734e-04,0.0259164629,10,25,0.2340,0.2973,solved,0
0.0040980623,0.0040980623,6.7184815544e-04,0.0259200339,10,25,0.2325,0.2987,solved,0
0.0041021048,0.0041021048,6.7203393306e-04,0.0259236173,10,25,0.2323,0.2955,solved,0
0.0041061469,0.0041061469,6.7222033884e-04,0.0259272123,10,25,0.2337,0.3296,solved,0
0.0041101891,0.0041101891,6.7240739577e-04,0.0259308194,10,25,0.2830,0.3765,solved,0
0.0041142312,0.0041142312,6.7259509461e-04,0.0259344384,10,25,0.2388,0.3094,solved,0
0.0041182739,0.0041182739,6.7278346796e-04,0.0259380699,10,25,0.2352,0.3007,solved,0
0.0041223159,0.0041223159,6.7297245525e-04,0.0259417127,10,25,0.2367,0.3016,solved,0
0.0041263578,0.0041263578,6.7316208432e-04,0.0259453673,10,25,0.2326,0.2968,solved,0
0.0041304006,0.0041304006,6.7335240228e-04,0.0259490347,10,25,0.2860,0.3641,solved,0
0.0041344428,0.0041344428,6.7354333859e-04,0.0259527135,10,25,0.2495,0.3189,solved,0
0.0041384848,0.0041384848,6.7373491197e-04,0.0259564041,10,25,0.2354,0.3007,solved,0
0.0041425274,0.0041425274,6.7392716040e-04,0.0259601071,10,25,0.2339,0.2972,solved,0
0.0041465694,0.0041465694,6.7412002684e-04,0.0259638215,10,25,0.2363,0.3000,solved,0
0.0041506115,0.0041506115,6.7431354456e-04,0.0259675479,10,25,0.2344,0.2980,solved,0
0.0041546541,0.0041546541,6.7450773286e-04,0.0259712867,10,25,0.2326,0.2960,solved,0
0.0041586961,0.0041586961,6.7470253887e-04,0.0259750368,10,25,0.2515,0.3170,solved,0
0.0041627382,0.0041627382,6.7489799621e-04,0.0259787990,10,25,0.2336,0.2979,solved,0
0.0041667804,0.0041667804,6.7509410492e-04,0.0259825731,10,25,0.2349,0.2985,solved,0
0.0041708229,0.0041708229,6.7529087482e-04,0.0259863594,10,25,0.2325,0.2962,solved,0
0.0041748649,0.0041748649,6.7548826690e-04,0.0259901571,10,25,0.2347,0.2977,solved,0
0.0041789072,0.0041789072,6.7568632019e-04,0.0259939670,10,25,0.2339,0.2980,solved,0
0.0041829497,0.0041829497,6.7588502991e-04,0.0259977889,10,25,0.2571,0.3234,solved,0
0.0041869920,0.0041869920,6.7608437640e-04,0.0260016226,10,25,0.2361,0.3002,solved,0
0.0041910338,0.0041910338,6.7628434469e-04,0.0260054676,10,25,0.2349,0.2982,solved,0
0.0041950766,0.0041950766,6.7648500912e-04,0.0260093254,10,25,0.2374,0.3012,solved,0
0.0041991186,0.0041991186,6.7668628039e-04,0.0260131944,10,25,0.2341,0.2990,solved,0
0.0042031608,0.0042031608,6.7688820815e-04,0.0260170753,10,25,0.2333,0.2966,solved,0
0.0042072029,0.0042072029,6.7709077745e-04,0.0260209680,10,25,0.2468,0.3119,solved,0
0.0042112454,0.0042112454,6.7729401340e-04,0.0260248730,10,25,0.2336,0.2977,solved,0
0.0042152875,0.0042152875,6.7749787580e-04,0.0260287894,10,25,0.2328,0.2964,solved,0
0.0042193297,0.0042193297,6.7770238978e-04,0.0260327177,10,25,0.2395,0.3072,solved,0
0.0042233721,0.0042233721,6.7790756047e-04,0.0260366580,10,25,0.2335,0.2968,solved,0
0.0042274143,0.0042274143,6.7811336759e-04,0.0260406100,10,25,0.2325,0.2956,solved,0
0.0042314563,0.0042314563,6.7831981102e-04,0.0260445735,10,25,0.2338,0.2967,solved,0
0.0042354989,0.0042354989,6.7852693173e-04,0.0260485495,10,25,0.2337,0.2992,solved,0
0.0042395410,0.0042395410,6.7873467337e-04,0.0260525368,10,25,0.2325,0.2958,solved,0
0.0042435829,0.0042435829,6.7894305121e-04,0.0260565357,10,25,0.2316,0.2949,solved,0
0.0042476252,0.0042476252,6.7915209622e-04,0.0260605467,10,25,0.2330,0.2961,solved,0
0.0042516680,0.0042516680,6.7936181379e-04,0.0260645701,10,25,0.2313,0.2948,solved,0
0.0042557100,0.0042557100,6.7957213642e-04,0.0260686044,10,25,0.2331,0.2983,solved,0
0.0042597520,0.0042597520,6.7978310552e-04,0.0260726505,10,25,0.2448,0.3098,solved,0
0.0042637946,0.0042637946,6.7999475258e-04,0.0260767090,10,25,0.2315,0.2958,solved,0
0.0042678366,0.0042678366,6.8020701475e-04,0.0260807786,10,25,0.2329,0.2966,solved,0
0.0042718788,0.0042718788,6.8041993396e-04,0.0260848602,10,25,0.2342,0.2973,solved,0
0.0042759213,0.0042759213,6.8063351560e-04,0.0260889539,10,25,0.2330,0.2966,solved,0
0.0042799634,0.0042799634,6.8084772265e-04,0.0260930589,10,25,0.2328,0.2959,solved,0
0.0042840054,0.0042840054,6.8106257090e-04,0.0260971755,10,25,0.2471,0.3231,solved,0
0.0042880477,0.0042880477,6.8127808165e-04,0.0261013042,10,25,0.2357,0.3011,solved,0
0.0042920901,0.0042920901,6.8149424434e-04,0.0261054447,10,25,0.2394,0.3024,solved,0
0.0042961323,0.0042961323,6.8171104290e-04,0.0261095968,10,25,0.2382,0.3045,solved,0
0.0043001743,0.0043001743,6.8192847724e-04,0.0261137603,10,25,0.2705,0.3671,solved,0
0.0043042169,0.0043042169,6.8214659048e-04,0.0261179362,10,25,0.2446,0.3366,solved,0
0.0043082589,0.0043082589,6.8236531789e-04,0.0261221232,10,25,0.2381,0.3295,solved,0
0.0043123011,0.0043123011,6.8258470265e-04,0.0261263220,10,25,0.2356,0.3005,solved,0
0.0043163437,0.0043163437,6.8280475577e-04,0.0261305330,10,25,0.2541,0.3251,solved,0
0.0043203859,0.0043203859,6.8302543369e-04,0.0261347553,10,25,0.2548,0.3241,solved,0
0.0043244280,0.0043244280,6.8324675268e-04,0.0261389891,10,25,0.2355,0.3027,solved,0
0.0043284702,0.0043284702,6.8346872370e-04,0.0261432348,10,25,0.2372,0.3263,solved,0
0.0043325126,0.0043325126,6.8369135229e-04,0.0261474923,10,25,0.2368,0.3046,solved,0
0.0043365548,0.0043365548,6.8391461643e-04,0.0261517612,10,25,0.2360,0.3044,solved,0
0.0043405969,0.0043405969,6.8413852157e-04,0.0261560418,10,25,0.2394,0.3068,solved,0
0.0043446394,0.0043446394,6.8436309549e-04,0.0261603344,10,25,0.2354,0.2991,solved,0
0.0043486815,0.0043486815,6.8458829374e-04,0.0261646382,10,25,0.2342,0.2983,solved,0
0.0043527237,0.0043527237,6.8481414409e-04,0.0261689538,10,25,0.2354,0.2993,solved,0
0.0043567661,0.0043567661,6.8504074680e-04,0.0261732831,9,25,0.2424,0.3095,solved,0
0.0043608084,0.0043608084,6.8526824985e-04,0.0261776288,9,25,0.2370,0.3008,solved,0
0.0043648504,0.0043648504,6.8549664485e-04,0.0261819908,9,25,0.2341,0.2975,solved,0
0.0043688926,0.0043688926,6.8572596001e-04,0.0261863697,9,25,0.2342,0.2974,solved,0
0.0043729350,0.0043729350,6.8595619548e-04,0.0261907655,9,25,0.2341,0.2989,solved,0
0.0043769772,0.0043769772,6.8618732846e-04,0.0261951776,9,25,0.2332,0.2997,solved,0
0.0043810193,0.0043810193,6.8641936458e-04,0.0261996062,9,25,0.2349,0.3112,solved,0
0.0043850619,0.0043850619,6.8665233842e-04,0.0262040519,9,25,0.2337,0.2981,solved,0
0.0043891039,0.0043891039,6.8688618654e-04,0.0262085136,9,25,0.2338,0.3015,solved,0
0.0043931461,0.0043931461,6.8712095510e-04,0.0262129921,9,25,0.2337,0.2977,solved,0
0.0043971886,0.0043971886,6.8735665007e-04,0.0262174875,9,25,0.2335,0.3093,solved,0
0.0044012308,0.0044012308,6.8759323647e-04,0.0262219991,9,25,0.2334,0.2969,solved,0
0.0044052728,0.0044052728,6.8783071998e-04,0.0262265270,9,25,0.2496,0.3156,solved,0
0.0044093150,0.0044093150,6.8806912411e-04,0.0262310717,9,25,0.2339,0.2986,solved,0
0.0044133575,0.0044133575,6.8830845492e-04,0.0262356333,9,25,0.2339,0.2980,solved,0
0.0044173997,0.0044173997,6.8854867690e-04,0.0262402111,9,25,0.2354,0.3009,solved,0
0.0044214416,0.0044214416,6.8878978983e-04,0.0262448050,9,25,0.2328,0.2963,solved,0
0.0044254843,0.0044254843,6.8903185950e-04,0.0262494164,9,25,0.2328,0.2957,solved,0
0.0044295264,0.0044295264,6.8927480216e-04,0.0262540435,9,25,0.2461,0.3106,solved,0
0.0044335685,0.0044335685,6.8951865366e-04,0.0262586872,9,25,0.2322,0.2960,solved,0
0.0044376110,0.0044376110,6.8976343827e-04,0.0262633478,9,25,0.2326,0.2966,solved,0
0.0044416531,0.0044416531,6.9000910755e-04,0.0262680244,9,25,0.2327,0.2963,solved,0
0.0044456951,0.0044456951,6.9025567955e-04,0.0262727174,9,25,0.2327,0.2968,solved,0
0.0044497374,0.0044497374,6.9050317876e-04,0.0262774272,9,25,0.2336,0.2969,solved,0
0.0044537798,0.0044537798,6.9075159305e-04,0.0262821535,9,25,0.2498,0.3147,solved,0
0.0044578220,0.0044578220,6.9100090397e-04,0.0262868961,9,25,0.2398,0.3149,solved,0
0.0044618640,0.0044618640,6.9125111137e-04,0.0262916548,9,25,0.2346,0.3000,solved,0
0.0044659066,0.0044659066,6.9150226491e-04,0.0262964306,9,25,0.2348,0.3006,solved,0
0.0044699488,0.0044699488,6.9175430253e-04,0.0263012225,9,25,0.2352,0.2991,solved,0
0.0044739909,0.0044739909,6.9200724277e-04,0.0263060305,9,25,0.2476,0.3199,solved,0
0.0044780334,0.0044780334,6.9226111702e-04,0.0263108555,9,25,0.2574,0.3368,solved,0
0.0044820754,0.0044820754,6.9251586872e-04,0.0263156962,9,25,0.2367,0.3097,solved,0
0.0044861177,0.0044861177,6.9277154823e-04,0.0263205537,9,25,0.2538,0.3236,solved,0
0.0044901598,0.0044901598,6.9302812396e-04,0.0263254273,9,25,0.2363,0.3039,solved,0
0.0044942024,0.0044942024,6.9328564043e-04,0.0263303179,9,25,0.2338,0.2983,solved,0
0.0044982443,0.0044982443,6.9354402114e-04,0.0263352240,9,25,0.2494,0.3193,solved,0
0.0045022866,0.0045022866,6.9380333631e-04,0.0263401469,9,25,0.2340,0.2990,solved,0
0.0045063290,0.0045063290,6.9406356687e-04,0.0263450862,9,25,0.2341,0.2984,solved,0
0.0045103713,0.0045103713,6.9432469992e-04,0.0263500417,9,25,0.2332,0.2968,solved,0
0.0045144133,0.0045144133,6.9458672243e-04,0.0263550132,9,25,0.2338,0.2971,solved,0
0.0045184558,0.0045184558,6.9484968632e-04,0.0263600016,9,25,0.2346,0.3031,solved,0
0.0045224979,0.0045224979,6.9511353308e-04,0.0263650058,9,25,0.2474,0.3129,solved,0
0.0045265401,0.0045265401,6.9537829524e-04,0.0263700265,9,25,0.2331,0.2977,solved,0
0.0045305822,0.0045305822,6.9564395970e-04,0.0263750632,9,25,0.2320,0.2962,solved,0
0.0045346247,0.0045346247,6.9591055943e-04,0.0263801167,9,25,0.2375,0.3032,solved,0
0.0045386668,0.0045386668,6.9617804167e-04,0.0263851860,9,25,0.2341,0.2984,solved,0
0.0045427090,0.0045427090,6.9644643940e-04,0.0263902717,9,25,0.2328,0.2975,solved,0
0.0045467514,0.0045467514,6.9671575937e-04,0.0263953738,9,25,0.2484,0.3136,solved,0
0.0045507937,0.0045507937,6.9698598162e-04,0.0264004921,9,25,0.2356,0.2996,solved,0
0.0045548357,0.0045548357,6.9725709265e-04,0.0264056262,9,25,0.2336,0.2967,solved,0
0.0045588782,0.0045588782,6.9752914617e-04,0.0264107771,9,25,0.2333,0.2969,solved,0
0.0045629203,0.0045629203,6.9780208167e-04,0.0264159437,9,25,0.2325,0.3031,solved,0
0.0045669626,0.0045669626,6.9807593958e-04,0.0264211268,9,25,0.2328,0.2964,solved,0
0.0045710044,0.0045710044,6.9835067238e-04,0.0264263254,9,25,0.2356,0.3115,solved,0
0.0045750471,0.0045750471,6.9862637537e-04,0.0264315413,9,25,0.2471,0.3127,solved,0
0.0045790892,0.0045790892,6.9890294635e-04,0.0264367726,9,25,0.2330,0.2978,solved,0
0.0045831313,0.0045831313,6.9918042617e-04,0.0264420201,9,25,0.2328,0.2957,solved,0
0.0045871740,0.0045871740,6.9945885622e-04,0.0264472845,9,25,0.2323,0.2960,solved,0
0.0045912161,0.0045912161,6.9973815386e-04,0.0264525642,9,25,0.2332,0.2969,solved,0
0.0045952580,0.0045952580,7.0001834646e-04,0.0264578598,9,25,0.2341,0.2990,solved,0
0.0045993007,0.0045993007,7.0029950354e-04,0.0264631726,9,25,0.2337,0.2996,solved,0
0.0046033429,0.0046033429,7.0058153479e-04,0.0264685008,9,25,0.2326,0.2972,solved,0
0.0046073848,0.0046073848,7.0086445389e-04,0.0264738447,9,25,0.2345,0.2983,solved,0
0.0046114275,0.0046114275,7.0114833801e-04,0.0264792058,9,25,0.2352,0.2989,solved,0
0.0046154695,0.0046154695,7.0143308185e-04,0.0264845820,9,25,0.2348,0.2981,solved,0
0.0046195117,0.0046195117,7.0171874865e-04,0.0264899745,9,25,0.2338,0.2977,solved,0
0.0046235537,0.0046235537,7.0200531013e-04,0.0264953828,9,25,0.2481,0.3134,solved,0
0.0046275963,0.0046275963,7.0229282315e-04,0.0265008080,9,25,0.2336,0.2978,solved,0
0.0046316384,0.0046316384,7.0258120951e-04,0.0265062485,9,25,0.2358,0.3019,solved,0
0.0046356806,0.0046356806,7.0287051188e-04,0.0265117052,9,25,0.2323,0.2958,solved,0
0.0046397230,0.0046397230,7.0316073752e-04,0.0265171782,9,25,0.2327,0.2969,solved,0
0.0046437652,0.0046437652,7.0345185771e-04,0.0265226669,9,25,0.2347,0.3074,solved,0
0.0046478073,0.0046478073,7.0374387955e-04,0.0265281714,9,25,0.2472,0.3184,solved,0
0.0046518499,0.0046518499,7.0403684653e-04,0.0265336927,9,25,0.2332,0.2985,solved,0
0.0046558918,0.0046558918,7.0433067160e-04,0.0265392289,9,25,0.2347,0.2988,solved,0
0.0046599341,0.0046599341,7.0462543465e-04,0.0265447817,9,25,0.2365,0.3124,solved,0
0.0046639761,0.0046639761,7.0492108465e-04,0.0265503500,9,25,0.2352,0.3345,solved,0
0.0046680187,0.0046680187,7.0521768753e-04,0.0265559351,9,25,0.2809,0.4348,solved,0
0.0046720610,0.0046720610,7.0551517737e-04,0.0265615357,9,25,0.2401,0.3149,solved,0
0.0046761030,0.0046761030,7.0581355396e-04,0.0265671518,9,25,0.3167,0.3861,solved,0
0.0046801456,0.0046801456,7.0611288385e-04,0.0265727846,9,25,0.2362,0.3030,solved,0
0.0046841876,0.0046841876,7.0641307817e-04,0.0265784326,9,25,0.2377,0.3018,solved,0
0.0046882299,0.0046882299,7.0671420367e-04,0.0265840968,9,25,0.2351,0.2995,solved,0
0.0046922723,0.0046922723,7.0701624559e-04,0.0265897771,9,25,0.2460,0.3111,solved,0
0.0046963145,0.0046963145,7.0731918148e-04,0.0265954730,9,25,0.2344,0.2998,solved,0
0.0047003565,0.0047003565,7.0762301119e-04,0.0266011844,9,25,0.2334,0.2968,solved,0
0.0047043988,0.0047043988,7.0792777236e-04,0.0266069121,9,25,0.2355,0.2991,solved,0
0.0047084412,0.0047084412,7.0823345003e-04,0.0266126558,9,25,0.2332,0.2963,solved,0
0.0047124834,0.0047124834,7.0854002149e-04,0.0266184151,9,25,0.2330,0.2958,solved,0
0.0047165254,0.0047165254,7.0884748660e-04,0.0266241899,9,25,0.2479,0.3139,solved,0
0.0047205680,0.0047205680,7.0915590634e-04,0.0266299813,9,25,0.2329,0.2974,solved,0
0.0047246101,0.0047246101,7.0946519685e-04,0.0266357879,9,25,0.2321,0.2957,solved,0
0.0047286523,0.0047286523,7.0977540388e-04,0.0266416104,9,25,0.2326,0.2958,solved,0
0.0047326947,0.0047326947,7.1008653521e-04,0.0266474489,9,25,0.2325,0.3015,solved,0
0.0047367369,0.0047367369,7.1039856006e-04,0.0266533030,9,25,0.2333,0.2973,solved,0
0.0047407789,0.0047407789,7.1071147829e-04,0.0266591725,9,25,0.2335,0.3132,solved,0
0.0047448211,0.0047448211,7.1102532087e-04,0.0266650581,9,25,0.2360,0.3010,solved,0
0.0047488636,0.0047488636,7.1134009573e-04,0.0266709598,9,25,0.2334,0.2969,solved,0
0.0047529058,0.0047529058,7.1165575615e-04,0.0266768768,9,25,0.2371,0.3007,solved,0
0.0047569477,0.0047569477,7.1197230193e-04,0.0266828091,9,25,0.2345,0.2976,solved,0
0.0047609905,0.0047609905,7.1228982725e-04,0.0266887584,9,25,0.2343,0.3015,solved,0
0.0047650325,0.0047650325,7.1260819863e-04,0.0266947223,9,25,0.2354,0.2986,solved,0
0.0047690746,0.0047690746,7.1292748672e-04,0.0267007020,9,25,0.2362,0.3129,solved,0
0.0047731173,0.0047731173,7.1324773124e-04,0.0267066982,9,25,0.2348,0.2982,solved,0
0.0047771593,0.0047771593,7.1356882919e-04,0.0267127091,9,25,0.2349,0.2984,solved,0
0.0047812013,0.0047812013,7.1389083593e-04,0.0267187357,9,25,0.2347,0.3053,solved,0
0.0047852435,0.0047852435,7.1421376748e-04,0.0267247782,9,25,0.2378,0.3026,solved,0
0.0047892862,0.0047892862,7.1453764802e-04,0.0267308370,9,25,0.2368,0.3004,solved,0
0.0047933282,0.0047933282,7.1486238137e-04,0.0267369105,9,25,0.2468,0.3128,solved,0
0.0047973701,0.0047973701,7.1518801544e-04,0.0267429994,9,25,0.2367,0.3027,solved,0
0.0048014128,0.0048014128,7.1551462298e-04,0.0267491051,9,25,0.2343,0.3006,solved,0
0.0048054550,0.0048054550,7.1584209908e-04,0.0267552256,9,25,0.2437,0.3084,solved,0
0.0048094970,0.0048094970,7.1617046779e-04,0.0267613615,9,25,0.2359,0.3059,solved,0
0.0048135397,0.0048135397,7.1649980240e-04,0.0267675139,9,25,0.2347,0.3001,solved,0
0.0048175817,0.0048175817,7.1682998887e-04,0.0267736809,9,25,0.2511,0.3216,solved,0
0.0048216239,0.0048216239,7.1716110053e-04,0.0267798637,9,25,0.2335,0.2984,solved,0
0.0048256660,0.0048256660,7.1749311286e-04,0.0267860619,9,25,0.2361,0.2996,solved,0
0.0048297085,0.0048297085,7.1782606703e-04,0.0267922763,9,25,0.2360,0.3003,solved,0
0.0048337506,0.0048337506,7.1815989713e-04,0.0267985055,9,25,0.2368,0.3008,solved,0
0.0048377928,0.0048377928,7.1849464437e-04,0.0268047504,9,25,0.2358,0.3006,solved,0
0.0048418352,0.0048418352,7.1883031713e-04,0.0268110111,9,25,0.2478,0.3132,solved,0
0.0048458774,0.0048458774,7.1916688219e-04,0.0268172870,9,25,0.2343,0.2997,solved,0
0.0048499193,0.0048499193,7.1950433105e-04,0.0268235779,9,25,0.2363,0.2989,solved,0
0.0048539620,0.0048539620,7.1984275573e-04,0.0268298855,9,25,0.2426,0.3166,solved,0
0.0048580041,0.0048580041,7.2018204010e-04,0.0268362076,8,25,0.2463,0.3130,solved,0
0.0048620463,0.0048620463,7.2052227889e-04,0.0268425461,8,25,0.2937,0.3631,solved,0
0.0048660884,0.0048660884,7.2086347333e-04,0.0268489008,8,25,0.2519,0.3205,solved,0
0.0048701310,0.0048701310,7.2120567421e-04,0.0268552727,8,25,0.2387,0.3038,solved,0
0.0048741733,0.0048741733,7.2154881389e-04,0.0268616607,8,25,0.2396,0.3037,solved,0
0.0048782152,0.0048782152,7.2189288362e-04,0.0268680644,8,25,0.2357,0.3004,solved,0
0.0048822579,0.0048822579,7.2223798569e-04,0.0268744858,8,25,0.2343,0.3040,solved,0
0.0048863002,0.0048863002,7.2258401783e-04,0.0268809229,8,25,0.2370,0.3101,solved,0
0.0048903422,0.0048903422,7.2293098833e-04,0.0268873760,8,25,0.2517,0.3184,solved,0
0.0048943849,0.0048943849,7.2327898317e-04,0.0268938466,8,25,0.2408,0.3051,solved,0
0.0048984272,0.0048984272,7.2362790779e-04,0.0269003329,8,25,0.2694,0.3606,solved,0
0.0049024692,0.0049024692,7.2397777056e-04,0.0269068350,8,25,0.2486,0.3403,solved,0
0.0049065113,0.0049065113,7.2432860602e-04,0.0269133537,8,25,0.2379,0.3154,solved,0
0.0049105540,0.0049105540,7.2468045784e-04,0.0269198896,8,25,0.2556,0.3226,solved,0
0.0049145960,0.0049145960,7.2503321282e-04,0.0269264408,8,25,0.2385,0.3060,solved,0
0.0049186383,0.0049186383,7.2538695811e-04,0.0269330087,8,25,0.2366,0.3036,solved,0
0.0049226810,0.0049226810,7.2574170269e-04,0.0269395936,8,25,0.2358,0.3007,solved,0
0.0049267230,0.0049267230,7.2609734995e-04,0.0269461936,8,25,0.2358,0.3034,solved,0
0.0049307652,0.0049307652,7.2645397888e-04,0.0269528102,8,25,0.2410,0.3120,solved,0
0.0049348078,0.0049348078,7.2681160735e-04,0.0269594438,8,25,0.2582,0.3283,solved,0
0.0049388499,0.0049388499,7.2717015570e-04,0.0269660927,8,25,0.2361,0.3020,solved,0
0.0049428922,0.0049428922,7.2752968593e-04,0.0269727582,8,25,0.2346,0.2989,solved,0
0.0049469342,0.0049469342,7.2789015352e-04,0.0269794395,8,25,0.2353,0.2994,solved,0
0.0049509769,0.0049509769,7.2825164779e-04,0.0269861381,8,25,0.2353,0.2990,solved,0
0.0049550191,0.0049550191,7.2861406152e-04,0.0269928520,8,25,0.2361,0.3003,solved,0
0.0049590610,0.0049590610,7.2897741235e-04,0.0269995817,8,25,0.2607,0.3406,solved,0
0.0049631037,0.0049631037,7.2934179934e-04,0.0270063289,8,25,0.2393,0.3042,solved,0
0.0049671460,0.0049671460,7.2970711449e-04,0.0270130915,8,25,0.2386,0.3034,solved,0
0.0049711880,0.0049711880,7.3007336656e-04,0.0270198698,8,25,0.2405,0.3047,solved,0
0.0049752308,0.0049752308,7.3044065542e-04,0.0270266656,8,25,0.2371,0.3023,solved,0
0.0049792729,0.0049792729,7.3080884483e-04,0.0270334764,8,25,0.2339,0.3001,solved,0
0.0049833148,0.0049833148,7.3117798000e-04,0.0270403029,8,25,0.2363,0.3128,solved,0
0.0049873572,0.0049873572,7.3154812498e-04,0.0270471463,8,25,0.2361,0.3015,solved,0
0.0049913998,0.0049913998,7.3191925254e-04,0.0270540062,8,25,0.2343,0.3039,solved,0
0.0049954419,0.0049954419,7.3229129832e-04,0.0270608813,8,25,0.2350,0.2995,solved,0
0.0049994841,0.0049994841,7.3266431740e-04,0.0270677727,8,25,0.2350,0.2997,solved,0
0.0050035268,0.0050035268,7.3303834690e-04,0.0270746809,8,25,0.2373,0.3017,solved,0
0.0050075687,0.0050075687,7.3341326644e-04,0.0270816038,8,25,0.2348,0.2992,solved,0
0.0050116110,0.0050116110,7.3378918719e-04,0.0270885435,8,25,0.2379,0.3043,solved,0
0.0050156537,0.0050156537,7.3416610943e-04,0.0270954998,8,25,0.2355,0.3003,solved,0
0.0050196957,0.0050196957,7.3454393051e-04,0.0271024709,8,25,0.2392,0.3086,solved,0
0.0050237380,0.0050237380,7.3492274374e-04,0.0271094586,8,25,0.2372,0.3063,solved,0
0.0050277802,0.0050277802,7.3530251172e-04,0.0271164620,8,25,0.2362,0.3022,solved,0
0.0050318226,0.0050318226,7.3568326266e-04,0.0271234818,8,25,0.2339,0.2972,solved,0
0.0050358649,0.0050358649,7.3606496836e-04,0.0271305173,8,25,0.2674,0.3671,solved,0
0.0050399068,0.0050399068,7.3644774739e-04,0.0271375708,7,25,0.2458,0.3200,solved,0
0.0050439496,0.0050439496,7.3683188890e-04,0.0271446475,7,25,0.2402,0.3056,solved,0
0.0050479916,0.0050479916,7.3721723154e-04,0.0271517445,7,25,0.2368,0.3017,solved,0
0.0050520336,0.0050520336,7.3760385121e-04,0.0271588632,7,25,0.2359,0.3010,solved,0
0.0050560764,0.0050560764,7.3799182480e-04,0.0271660049,7,25,0.2380,0.3185,solved,0
0.0050601186,0.0050601186,7.3838101806e-04,0.0271731672,7,25,0.2381,0.3046,solved,0
0.0050641604,0.0050641604,7.3877144976e-04,0.0271803504,7,25,0.2379,0.3026,solved,0
0.0050682032,0.0050682032,7.3916325544e-04,0.0271875570,7,25,0.2403,0.3044,solved,0
0.0050722450,0.0050722450,7.3955624126e-04,0.0271947833,7,25,0.2376,0.3017,solved,0
0.0050762871,0.0050762871,7.3995053329e-04,0.0272020318,7,25,0.2376,0.3078,solved,0
0.0050803293,0.0050803293,7.4034611220e-04,0.0272093019,7,25,0.2369,0.3012,solved,0
0.0050843720,0.0050843720,7.4074301744e-04,0.0272165945,7,25,0.2378,0.3042,solved,0
0.0050884140,0.0050884140,7.4114113109e-04,0.0272239073,7,25,0.2374,0.3025,solved,0
0.0050924560,0.0050924560,7.4154052176e-04,0.0272312416,7,25,0.2391,0.3036,solved,0
0.0050964989,0.0050964989,7.4194127881e-04,0.0272385991,7,25,0.2369,0.3042,solved,0
0.0051005408,0.0051005408,7.4234321385e-04,0.0272459761,7,25,0.2635,0.3458,solved,0
0.0051045827,0.0051045827,7.4274642586e-04,0.0272533746,7,25,0.2407,0.3449,solved,0
0.0051086256,0.0051086256,7.4315101505e-04,0.0272607963,7,25,0.2385,0.3051,solved,0
0.0051126674,0.0051126674,7.4355677124e-04,0.0272682374,7,25,0.2377,0.3021,solved,0
0.0051167095,0.0051167095,7.4396383459e-04,0.0272757004,7,25,0.2349,0.2991,solved,0
0.0051207517,0.0051207517,7.4437218514e-04,0.0272831850,7,25,0.2364,0.3002,solved,0
0.0051247943,0.0051247943,7.4478185344e-04,0.0272906917,7,25,0.2359,0.3003,solved,0
0.0051288364,0.0051288364,7.4519274824e-04,0.0272982188,7,25,0.2388,0.3203,solved,0
0.0051328784,0.0051328784,7.4560490992e-04,0.0273057670,7,25,0.2372,0.3031,solved,0
0.0051369210,0.0051369210,7.4601841008e-04,0.0273133376,7,25,0.2358,0.3007,solved,0
0.0051409632,0.0051409632,7.4643314654e-04,0.0273209287,7,25,0.2371,0.3049,solved,0
0.0051450052,0.0051450052,7.4684913954e-04,0.0273285408,7,25,0.2466,0.3172,solved,0
0.0051490477,0.0051490477,7.4726646126e-04,0.0273361750,7,25,0.2383,0.3042,solved,0
0.0051530899,0.0051530899,7.4768502921e-04,0.0273438298,7,25,0.2395,0.3219,solved,0
0.0051571320,0.0051571320,7.4810486391e-04,0.0273515057,7,25,0.2381,0.3034,solved,0
0.0051611742,0.0051611742,7.4852598613e-04,0.0273592030,7,25,0.2430,0.3157,solved,0
0.0051652169,0.0051652169,7.4894843782e-04,0.0273669223,7,25,0.2353,0.3006,solved,0
0.0051692587,0.0051692587,7.4937207251e-04,0.0273746611,7,25,0.2351,0.2990,solved,0
0.0051733011,0.0051733011,7.4979704727e-04,0.0273824222,7,25,0.2362,0.3005,solved,0
0.0051773431,0.0051773431,7.5022325707e-04,0.0273902037,7,25,0.2596,0.3489,solved,0
0.0051813856,0.0051813856,7.5065079685e-04,0.0273980072,7,25,0.2620,0.3407,solved,0
0.0051854280,0.0051854280,7.5107960334e-04,0.0274058316,7,25,0.2378,0.3048,solved,0
0.0051894700,0.0051894700,7.5150964450e-04,0.0274136762,7,25,0.2369,0.3016,solved,0
0.0051935124,0.0051935124,7.5194100542e-04,0.0274215427,7,25,0.2365,0.3015,solved,0
0.0051975543,0.0051975543,7.5237359003e-04,0.0274294293,7,25,0.2368,0.3005,solved,0
0.0052015966,0.0052015966,7.5280749460e-04,0.0274373376,7,25,0.2511,0.3163,solved,0
0.0052056392,0.0052056392,7.5324270873e-04,0.0274452675,7,25,0.2372,0.3019,solved,0
0.0052096811,0.0052096811,7.5367912457e-04,0.0274532170,7,25,0.2366,0.3009,solved,0
0.0052137234,0.0052137234,7.5411686075e-04,0.0274611883,7,25,0.2362,0.3014,solved,0
0.0052177660,0.0052177660,7.5455590678e-04,0.0274691810,7,25,0.2356,0.2992,solved,0
0.0052218080,0.0052218080,7.5499616476e-04,0.0274771935,7,25,0.2575,0.4147,solved,0
0.0052258502,0.0052258502,7.5543772164e-04,0.0274852273,7,25,0.2658,0.3508,solved,0
0.0052298929,0.0052298929,7.5588061053e-04,0.0274932830,7,25,0.2403,0.3085,solved,0
0.0052339347,0.0052339347,7.5632467787e-04,0.0275013577,7,25,0.2367,0.3014,solved,0
0.0052379772,0.0052379772,7.5677009934e-04,0.0275094547,7,25,0.2369,0.3012,solved,0
0.0052420190,0.0052420190,7.5721672069e-04,0.0275175711,7,25,0.2365,0.3004,solved,0
0.0052460616,0.0052460616,7.5766470771e-04,0.0275257099,7,25,0.2421,0.3065,solved,0
0.0052501035,0.0052501035,7.5811389424e-04,0.0275338681,7,25,0.2495,0.3214,solved,0
0.0052541458,0.0052541458,7.5856440238e-04,0.0275420479,7,25,0.2432,0.3095,solved,0
0.0052581884,0.0052581884,7.5901622130e-04,0.0275502490,7,25,0.2440,0.3215,solved,0
0.0052622303,0.0052622303,7.5946923906e-04,0.0275584695,7,25,0.2371,0.3038,solved,0
0.0052662727,0.0052662727,7.5992359006e-04,0.0275667116,7,25,0.2371,0.3019,solved,0
0.0052703152,0.0052703152,7.6037922962e-04,0.0275749747,7,25,0.2399,0.3043,solved,0
0.0052743571,0.0052743571,7.6083607861e-04,0.0275832572,7,25,0.2555,0.3212,solved,0
0.0052783994,0.0052783994,7.6129436216e-04,0.0275915632,6,25,0.2438,0.3084,solved,0
0.0052824419,0.0052824419,7.6175431047e-04,0.0275998969,6,25,0.2473,0.3230,solved,0
0.0052864841,0.0052864841,7.6221587614e-04,0.0276082574,6,25,0.2386,0.3040,solved,0
0.0052905266,0.0052905266,7.6267912766e-04,0.0276166458,6,25,0.2376,0.3028,solved,0
0.0052945683,0.0052945683,7.6314393869e-04,0.0276250600,6,25,0.2400,0.3045,solved,0
0.0052986111,0.0052986111,7.6361052792e-04,0.0276335037,6,25,0.2499,0.3156,solved,0
0.0053026536,0.0053026536,7.6407873425e-04,0.0276419741,6,25,0.2372,0.3022,solved,0
0.0053066957,0.0053066957,7.6454854567e-04,0.0276504710,6,25,0.2367,0.3020,solved,0
0.0053107383,0.0053107383,7.6502006686e-04,0.0276589961,6,25,0.2372,0.3013,solved,0
0.0053147805,0.0053147805,7.6549319289e-04,0.0276675476,6,25,0.2357,0.2996,solved,0
0.0053188227,0.0053188227,7.6596797035e-04,0.0276761264,6,25,0.2370,0.3017,solved,0
0.0053228647,0.0053228647,7.6644437562e-04,0.0276847318,6,25,0.2536,0.3192,solved,0
0.0053269075,0.0053269075,7.6692252693e-04,0.0276933661,6,25,0.2366,0.3016,solved,0
0.0053309500,0.0053309500,7.6740229449e-04,0.0277020269,6,25,0.2371,0.3025,solved,0
0.0053349920,0.0053349920,7.6788365407e-04,0.0277107137,6,25,0.2374,0.3156,solved,0
0.0053390347,0.0053390347,7.6836674870e-04,0.0277194291,6,25,0.2413,0.3203,solved,0
0.0053430768,0.0053430768,7.6885142310e-04,0.0277281702,6,25,0.2750,0.3520,solved,0
0.0053471191,0.0053471191,7.6933777294e-04,0.0277369388,6,25,0.2566,0.3306,solved,0
0.0053511618,0.0053511618,7.6982582266e-04,0.0277457352,6,25,0.2415,0.3195,solved,0
0.0053552037,0.0053552037,7.7031542714e-04,0.0277545569,6,25,0.2422,0.3090,solved,0
0.0053592458,0.0053592458,7.7080670715e-04,0.0277634059,6,25,0.2372,0.3016,solved,0
0.0053632881,0.0053632881,7.7129966293e-04,0.0277722823,6,25,0.2405,0.3048,solved,0
0.0053673310,0.0053673310,7.7179434375e-04,0.0277811869,6,25,0.2357,0.3006,solved,0
0.0053713728,0.0053713728,7.7229054130e-04,0.0277901159,6,25,0.2531,0.3188,solved,0
0.0053754154,0.0053754154,7.7278848865e-04,0.0277990735,6,25,0.2360,0.3017,solved,0
0.0053794575,0.0053794575,7.7328802586e-04,0.0278080569,6,25,0.2403,0.3081,solved,0
0.0053835002,0.0053835002,7.7378928892e-04,0.0278170683,6,25,0.2371,0.3027,solved,0
0.0053875422,0.0053875422,7.7429211660e-04,0.0278261049,6,25,0.2374,0.3019,solved,0
0.0053915849,0.0053915849,7.7479668304e-04,0.0278351699,6,25,0.2386,0.3020,solved,0
0.0053956271,0.0053956271,7.7530283860e-04,0.0278442604,6,25,0.2538,0.3191,solved,0
0.0053996691,0.0053996691,7.7581062042e-04,0.0278533772,6,25,0.2881,0.3555,solved,0
0.0054037118,0.0054037118,7.7632014187e-04,0.0278625222,6,25,0.2396,0.3060,solved,0
0.0054077539,0.0054077539,7.7683123916e-04,0.0278716924,6,25,0.2362,0.2993,solved,0
0.0054117966,0.0054117966,7.7734406403e-04,0.0278808907,6,25,0.2366,0.3033,solved,0
0.0054158382,0.0054158382,7.7785840051e-04,0.0278901130,6,25,0.2406,0.3087,solved,0
0.0054198809,0.0054198809,7.7837452860e-04,0.0278993643,6,25,0.2562,0.3264,solved,0
0.0054239235,0.0054239235,7.7889229568e-04,0.0279086420,6,25,0.2378,0.3031,solved,0
0.0054279655,0.0054279655,7.7941163730e-04,0.0279179447,6,25,0.2379,0.3024,solved,0
0.0054320082,0.0054320082,7.7993272055e-04,0.0279272756,6,25,0.2368,0.3016,solved,0
0.0054360502,0.0054360502,7.8045536497e-04,0.0279366312,6,25,0.2346,0.2988,solved,0
0.0054400926,0.0054400926,7.8097971263e-04,0.0279460143,6,25,0.2387,0.3033,solved,0
0.0054441346,0.0054441346,7.8150565973e-04,0.0279554227,6,25,0.2507,0.3166,solved,0
0.0054481773,0.0054481773,7.8203334962e-04,0.0279648592,6,25,0.2372,0.3019,solved,0
0.0054522199,0.0054522199,7.8256267822e-04,0.0279743218,6,25,0.2368,0.3002,solved,0
0.0054562618,0.0054562618,7.8309356648e-04,0.0279838090,6,25,0.2372,0.3006,solved,0
0.0054603046,0.0054603046,7.8362622469e-04,0.0279933246,6,25,0.2387,0.3072,solved,0
0.0054643463,0.0054643463,7.8416038920e-04,0.0280028639,6,25,0.2414,0.3099,solved,0
0.0054683890,0.0054683890,7.8469633751e-04,0.0280124318,6,25,0.2584,0.3280,solved,0
0.0054724316,0.0054724316,7.8523392432e-04,0.0280220257,6,25,0.2385,0.3068,solved,0
0.0054764737,0.0054764737,7.8577309610e-04,0.0280316445,6,25,0.2375,0.3024,solved,0
0.0054805157,0.0054805157,7.8631390581e-04,0.0280412893,6,25,0.2370,0.3009,solved,0
0.0054845584,0.0054845584,7.8685646087e-04,0.0280509619,6,25,0.2384,0.3025,solved,0
0.0054886009,0.0054886009,7.8740064080e-04,0.0280606600,6,25,0.2373,0.3036,solved,0
0.0054926427,0.0054926427,7.8794637774e-04,0.0280703826,6,25,0.2537,0.3221,solved,0
0.0054966854,0.0054966854,7.8849388784e-04,0.0280801333,6,25,0.2374,0.3027,solved,0
0.0055007280,0.0055007280,7.8904303618e-04,0.0280899099,6,25,0.2397,0.3118,solved,0
0.0055047701,0.0055047701,7.8959376804e-04,0.0280997112,6,25,0.2380,0.3221,solved,0
0.0055088118,0.0055088118,7.9014609649e-04,0.0281095375,6,25,0.2368,0.3016,solved,0
0.0055128548,0.0055128548,7.9070025441e-04,0.0281193929,6,25,0.2364,0.2993,solved,0
0.0055168970,0.0055168970,7.9125595426e-04,0.0281292722,6,25,0.2573,0.3252,solved,0
0.0055209390,0.0055209390,7.9181327792e-04,0.0281391769,6,25,0.2363,0.3029,solved,0
0.0055249818,0.0055249818,7.9237236364e-04,0.0281491095,6,25,0.2394,0.3033,solved,0
0.0055290238,0.0055290238,7.9293299015e-04,0.0281590659,6,25,0.2362,0.2997,solved,0
0.0055330665,0.0055330665,7.9349536543e-04,0.0281690498,6,25,0.2362,0.3005,solved,0
0.0055371082,0.0055371082,7.9405925283e-04,0.0281790570,6,25,0.2387,0.3033,solved,0
0.0055411508,0.0055411508,7.9462491736e-04,0.0281890922,6,25,0.2488,0.3143,solved,0
0.0055451934,0.0055451934,7.9519223363e-04,0.0281991531,6,25,0.2372,0.3013,solved,0
0.0055492354,0.0055492354,7.9576111709e-04,0.0282092382,6,25,0.2354,0.2996,solved,0
0.0055532781,0.0055532781,7.9633175076e-04,0.0282193506,6,25,0.2456,0.3135,solved,0
0.0055573202,0.0055573202,7.9690395120e-04,0.0282294873,6,25,0.2348,0.2991,solved,0
0.0055613625,0.0055613625,7.9747783142e-04,0.0282396500,6,25,0.2366,0.3004,solved,0
0.0055654054,0.0055654054,7.9805344869e-04,0.0282498398,6,25,0.2515,0.3163,solved,0
0.0055694471,0.0055694471,7.9863054637e-04,0.0282600521,6,25,0.2356,0.2997,solved,0
0.0055734898,0.0055734898,7.9920943846e-04,0.0282702925,6,25,0.2395,0.3043,solved,0
0.0055775318,0.0055775318,7.9978988172e-04,0.0282805566,6,25,0.2837,0.3511,solved,0
0.0055815745,0.0055815745,8.0037207719e-04,0.0282908479,6,25,0.2372,0.3030,solved,0
0.0055856162,0.0055856162,8.0095577987e-04,0.0283011622,6,25,0.2386,0.3025,solved,0
0.0055896587,0.0055896587,8.0154124958e-04,0.0283115038,6,25,0.2480,0.3131,solved,0
0.0055937015,0.0055937015,8.0212841460e-04,0.0283218717,6,25,0.2357,0.3067,solved,0
0.0055977435,0.0055977435,8.0271711485e-04,0.0283322628,6,25,0.2354,0.2999,solved,0
0.0056017861,0.0056017861,8.0330755412e-04,0.0283426808,6,25,0.3408,0.4753,solved,0
0.0056058283,0.0056058283,8.0389958647e-04,0.0283531230,6,25,0.3568,0.4800,solved,0
0.0056098709,0.0056098709,8.0449332908e-04,0.0283635916,6,25,0.3658,0.4631,solved,0
0.0056139125,0.0056139125,8.0508857595e-04,0.0283740828,6,25,0.3506,0.4488,solved,0
0.0056179551,0.0056179551,8.0568562164e-04,0.0283846018,6,25,0.3477,0.4418,solved,0
0.0056219978,0.0056219978,8.0628433392e-04,0.0283951463,6,25,0.3465,0.4543,solved,0
0.0056260399,0.0056260399,8.0688460880e-04,0.0284057144,6,25,0.3617,0.4576,solved,0
0.0056300819,0.0056300819,8.0748652011e-04,0.0284163073,6,25,0.3437,0.4378,solved,0
0.0056341246,0.0056341246,8.0809018735e-04,0.0284269272,6,25,0.3502,0.4532,solved,0
0.0056381668,0.0056381668,8.0869543145e-04,0.0284375708,6,25,0.3531,0.4664,solved,0
0.0056422089,0.0056422089,8.0930231195e-04,0.0284482392,6,25,0.3677,0.4694,solved,0
0.0056462516,0.0056462516,8.0991093423e-04,0.0284589342,6,25,0.3520,0.4582,solved,0
0.0056502936,0.0056502936,8.1052110254e-04,0.0284696523,6,25,0.3559,0.4726,solved,0
0.0056543362,0.0056543362,8.1113301304e-04,0.0284803970,6,25,0.3471,0.4561,solved,0
0.0056583780,0.0056583780,8.1174645372e-04,0.0284911645,6,25,0.3666,0.4625,solved,0
0.0056624210,0.0056624210,8.1236172835e-04,0.0285019601,6,25,0.3503,0.4468,solved,0
0.0056664632,0.0056664632,8.1297853283e-04,0.0285127784,6,25,0.3450,0.4369,solved,0
0.0056705053,0.0056705053,8.1359697341e-04,0.0285236213,6,25,0.3438,0.4374,solved,0
0.0056745479,0.0056745479,8.1421714213e-04,0.0285344904,6,25,0.3613,0.4574,solved,0
0.0056785900,0.0056785900,8.1483888560e-04,0.0285453829,6,25,0.3477,0.4498,solved,0
0.0056826323,0.0056826323,8.1546231129e-04,0.0285563007,6,25,0.3470,0.4419,solved,0
0.0056866752,0.0056866752,8.1608748139e-04,0.0285672449,6,25,0.3516,0.4497,solved,0
0.0056907170,0.0056907170,8.1671413272e-04,0.0285782108,6,25,0.3667,0.4699,solved,0
0.0056947596,0.0056947596,8.1734255966e-04,0.0285892036,6,25,0.3485,0.4540,solved,0
0.0056988016,0.0056988016,8.1797254472e-04,0.0286002193,6,25,0.3577,0.4855,solved,0
0.0057028443,0.0057028443,8.1860429057e-04,0.0286112616,6,25,0.4083,0.5290,solved,0
0.0057068864,0.0057068864,8.1923759412e-04,0.0286223268,6,25,0.3724,0.4895,solved,0
0.0057109286,0.0057109286,8.1987256474e-04,0.0286334169,6,25,0.3585,0.4751,solved,0
0.0057149713,0.0057149713,8.2050926563e-04,0.0286445329,6,25,0.3505,0.4639,solved,0
0.0057190134,0.0057190134,8.2114752349e-04,0.0286556718,6,25,0.3511,0.4789,solved,0
0.0057230559,0.0057230559,8.2178749610e-04,0.0286668362,6,25,0.3769,0.4989,solved,0
0.0057270981,0.0057270981,8.2242907270e-04,0.0286780242,6,25,0.3471,0.4445,solved,0
0.0057311407,0.0057311407,8.2307236446e-04,0.0286892378,6,25,0.3463,0.4428,solved,0
0.0057351824,0.0057351824,8.2371716420e-04,0.0287004732,6,25,0.3466,0.4423,solved,0
0.0057392250,0.0057392250,8.2436375909e-04,0.0287117356,6,25,0.3610,0.4565,solved,0
0.0057432672,0.0057432672,8.2501194150e-04,0.0287230211,6,25,0.3458,0.4385,solved,0
0.0057473097,0.0057473097,8.2566182363e-04,0.0287343318,6,25,0.3435,0.4365,solved,0
0.0057513523,0.0057513523,8.2631337357e-04,0.0287456670,6,25,0.3462,0.4429,solved,0
0.0057553945,0.0057553945,8.2696651054e-04,0.0287570254,6,25,0.3604,0.4563,solved,0
0.0057594367,0.0057594367,8.2762129893e-04,0.0287684080,6,25,0.3465,0.4418,solved,0
0.0057634788,0.0057634788,8.2827772249e-04,0.0287798145,6,25,0.3562,0.4719,solved,0
0.0057675215,0.0057675215,8.2893589520e-04,0.0287912469,6,25,0.3544,0.4678,solved,0
0.0057715636,0.0057715636,8.2959562168e-04,0.0288027016,6,25,0.3688,0.4849,solved,0
0.0057756061,0.0057756061,8.3025706504e-04,0.0288141817,6,25,0.3597,0.4826,solved,0
0.0057796479,0.0057796479,8.3092004510e-04,0.0288256838,6,25,0.3570,0.4874,solved,0
0.0057836909,0.0057836909,8.3158487383e-04,0.0288372134,6,25,0.3539,0.4726,solved,0
0.0057877331,0.0057877331,8.3225122260e-04,0.0288487647,6,25,0.3743,0.5058,solved,0
0.0057917752,0.0057917752,8.3291920624e-04,0.0288603397,6,25,0.3553,0.4721,solved,0
0.0057958178,0.0057958178,8.3358892416e-04,0.0288719401,6,25,0.3442,0.4382,solved,0
0.0057998599,0.0057998599,8.3426021069e-04,0.0288835630,6,25,0.3460,0.4401,solved,0
0.0058039021,0.0058039021,8.3493316523e-04,0.0288952101,6,25,0.3863,0.4972,solved,0
0.0058079452,0.0058079452,8.3560792158e-04,0.0289068836,6,25,0.2669,0.3574,solved,0
0.0058119869,0.0058119869,8.3628409558e-04,0.0289185770,6,25,0.2477,0.3192,solved,0
0.0058160295,0.0058160295,8.3696207172e-04,0.0289302968,6,25,0.2408,0.3076,solved,0
0.0058200716,0.0058200716,8.3764161545e-04,0.0289420389,6,25,0.2390,0.3034,solved,0
0.0058241142,0.0058241142,8.3832289489e-04,0.0289538062,6,25,0.2552,0.3214,solved,0
0.0058281563,0.0058281563,8.3900574150e-04,0.0289655958,6,25,0.2360,0.3011,solved,0
0.0058321985,0.0058321985,8.3969025641e-04,0.0289774094,6,25,0.2390,0.3050,solved,0
0.0058362412,0.0058362412,8.4037650773e-04,0.0289892481,6,25,0.2609,0.3280,solved,0
0.0058402833,0.0058402833,8.4106430865e-04,0.0290011087,6,25,0.2351,0.3009,solved,0
0.0058443258,0.0058443258,8.4175382923e-04,0.0290129941,6,25,0.2359,0.3008,solved,0
0.0058483680,0.0058483680,8.4244495012e-04,0.0290249022,6,25,0.2361,0.3284,solved,0
0.0058524106,0.0058524106,8.4313779107e-04,0.0290368351,6,25,0.2365,0.3043,solved,0
0.0058564523,0.0058564523,8.4383212897e-04,0.0290487888,6,25,0.2625,0.3306,solved,0
0.0058604948,0.0058604948,8.4452825581e-04,0.0290607683,6,25,0.2373,0.3047,solved,0
0.0058645370,0.0058645370,8.4522598248e-04,0.0290727705,6,25,0.2350,0.2987,solved,0
0.0058685797,0.0058685797,8.4592544718e-04,0.0290847975,6,25,0.2373,0.3011,solved,0
0.0058726222,0.0058726222,8.4662652899e-04,0.0290968474,6,25,0.2366,0.3031,solved,0
0.0058766644,0.0058766644,8.4732921025e-04,0.0291089198,6,25,0.2366,0.3071,solved,0
0.0058807066,0.0058807066,8.4803354293e-04,0.0291210155,6,25,0.3026,0.4375,solved,0
0.0058847487,0.0058847487,8.4873950956e-04,0.0291331342,6,25,0.2417,0.3253,solved,0
0.0058887913,0.0058887913,8.4944721515e-04,0.0291452778,6,25,0.2408,0.3075,solved,0
0.0058928335,0.0058928335,8.5015650223e-04,0.0291574433,6,25,0.2566,0.3240,solved,0
0.0058968759,0.0058968759,8.5086747595e-04,0.0291696328,6,25,0.2351,0.3002,solved,0
0.0059009177,0.0059009177,8.5157999536e-04,0.0291818436,6,25,0.2352,0.2991,solved,0
0.0059049608,0.0059049608,8.5229439583e-04,0.0291940815,6,25,0.2337,0.2973,solved,0
0.0059090029,0.0059090029,8.5301027116e-04,0.0292063396,6,25,0.2348,0.2990,solved,0
0.0059130450,0.0059130450,8.5372779783e-04,0.0292186207,6,25,0.2369,0.3005,solved,0
0.0059170877,0.0059170877,8.5444708271e-04,0.0292309268,6,25,0.2468,0.3133,solved,0
0.0059211298,0.0059211298,8.5516791231e-04,0.0292432541,6,25,0.2338,0.2984,solved,0
0.0059251720,0.0059251720,8.5589041114e-04,0.0292556048,6,25,0.2325,0.2960,solved,0
0.0059292151,0.0059292151,8.5661472281e-04,0.0292679812,6,25,0.2349,0.2994,solved,0
0.0059332567,0.0059332567,8.5734041700e-04,0.0292803760,6,25,0.2345,0.3004,solved,0
0.0059372993,0.0059372993,8.5806794229e-04,0.0292927968,6,25,0.2341,0.3061,solved,0
0.0059413415,0.0059413415,8.5879704710e-04,0.0293052392,6,25,0.2509,0.3190,solved,0
0.0059453840,0.0059453840,8.5952785763e-04,0.0293177055,6,25,0.2396,0.3138,solved,0
0.0059494262,0.0059494262,8.6026026541e-04,0.0293301937,6,25,0.2409,0.3061,solved,0
0.0059534684,0.0059534684,8.6099432461e-04,0.0293427048,6,25,0.2361,0.3014,solved,0
0.0059575114,0.0059575114,8.6173018101e-04,0.0293552411,6,25,0.2346,0.2988,solved,0
0.0059615531,0.0059615531,8.6246745207e-04,0.0293677962,6,25,0.2348,0.2982,solved,0
0.0059655957,0.0059655957,8.6320653888e-04,0.0293803768,6,25,0.2491,0.3265,solved,0
0.0059696378,0.0059696378,8.6394718572e-04,0.0293929785,6,25,0.2333,0.2991,solved,0
0.0059736804,0.0059736804,8.6468957582e-04,0.0294056045,6,25,0.2374,0.3017,solved,0
0.0059777222,0.0059777222,8.6543347027e-04,0.0294182506,6,25,0.2331,0.2960,solved,0
0.0059817652,0.0059817652,8.6617923741e-04,0.0294309231,6,25,0.2358,0.3022,solved,0
0.0059858074,0.0059858074,8.6692650857e-04,0.0294436158,6,25,0.2329,0.2961,solved,0
0.0059898495,0.0059898495,8.6767541260e-04,0.0294563306,6,25,0.2456,0.3114,solved,0
0.0059938915,0.0059938915,8.6842594939e-04,0.0294690677,6,25,0.2343,0.2989,solved,0
0.0059979342,0.0059979342,8.6917826785e-04,0.0294818295,6,25,0.2348,0.3029,solved,0
0.0060019768,0.0060019768,8.6993221947e-04,0.0294946134,6,25,0.2364,0.3018,solved,0
0.0060060185,0.0060060185,8.7068765443e-04,0.0295074169,6,25,0.2337,0.2985,solved,0
0.0060100612,0.0060100612,8.7144492793e-04,0.0295202461,6,25,0.2334,0.2975,solved,0
0.0060141033,0.0060141033,8.7220374051e-04,0.0295330957,6,25,0.2349,0.3341,solved,0
0.0060181458,0.0060181458,8.7296427976e-04,0.0295459689,6,25,0.2358,0.3055,solved,0
0.0060221885,0.0060221885,8.7372650843e-04,0.0295588651,6,25,0.2378,0.3135,solved,0
0.0060262306,0.0060262306,8.7449027544e-04,0.0295717817,6,25,0.2343,0.2996,solved,0
0.0060302727,0.0060302727,8.7525569379e-04,0.0295847206,6,25,0.2362,0.3017,solved,0
0.0060343149,0.0060343149,8.7602278248e-04,0.0295976820,6,25,0.2350,0.2994,solved,0
0.0060383577,0.0060383577,8.7679163682e-04,0.0296106676,6,25,0.2354,0.3204,solved,0
0.0060423996,0.0060423996,8.7756197136e-04,0.0296236725,6,25,0.2362,0.3018,solved,0
0.0060464423,0.0060464423,8.7833411004e-04,0.0296367021,6,25,0.2345,0.2987,solved,0
0.0060504849,0.0060504849,8.7910788140e-04,0.0296497535,6,25,0.2362,0.2989,solved,0
0.0060545266,0.0060545266,8.7988313168e-04,0.0296628241,6,25,0.2347,0.2970,solved,0
0.0060585692,0.0060585692,8.8066020617e-04,0.0296759196,6,25,0.2351,0.2979,solved,0
0.0060626114,0.0060626114,8.8143885527e-04,0.0296890359,6,25,0.2333,0.2969,solved,0
0.0060666538,0.0060666538,8.8221919444e-04,0.0297021749,6,25,0.2511,0.3238,solved,0
0.0060706961,0.0060706961,8.8300116583e-04,0.0297153355,6,25,0.2340,0.3050,solved,0
0.0060747383,0.0060747383,8.8378476933e-04,0.0297285178,6,25,0.2343,0.2987,solved,0
0.0060787813,0.0060787813,8.8457017982e-04,0.0297417246,6,25,0.2342,0.3070,solved,0
0.0060828230,0.0060828230,8.8535698905e-04,0.0297549490,6,25,0.2338,0.2987,solved,0
0.0060868656,0.0060868656,8.8614562505e-04,0.0297681982,6,25,0.2354,0.2989,solved,0
0.0060909078,0.0060909078,8.8693583452e-04,0.0297814680,6,25,0.2377,0.3072,solved,0
0.0060949502,0.0060949502,8.8772773463e-04,0.0297947602,6,25,0.2356,0.2992,solved,0
0.0060989920,0.0060989920,8.8852116843e-04,0.0298080722,6,25,0.2350,0.2988,solved,0
0.0061030351,0.0061030351,8.8931650932e-04,0.0298214103,6,25,0.2341,0.2974,solved,0
0.0061070773,0.0061070773,8.9011332477e-04,0.0298347670,6,25,0.2353,0.3046,solved,0
0.0061111194,0.0061111194,8.9091177187e-04,0.0298481452,6,25,0.2322,0.2952,solved,0
0.0061151614,0.0061151614,8.9171185050e-04,0.0298615447,6,25,0.2486,0.3144,solved,0
0.0061192041,0.0061192041,8.9251371937e-04,0.0298749681,6,25,0.2360,0.3045,solved,0
0.0061232467,0.0061232467,8.9331722018e-04,0.0298884128,6,25,0.2373,0.3030,solved,0
0.0061272885,0.0061272885,8.9412221325e-04,0.0299018764,6,25,0.2351,0.2997,solved,0
0.0061313310,0.0061313310,8.9492899725e-04,0.0299153639,6,25,0.2334,0.2984,solved,0
0.0061353736,0.0061353736,8.9573745295e-04,0.0299288732,6,25,0.2352,0.2993,solved,0
0.0061394158,0.0061394158,8.9654748015e-04,0.0299424027,6,25,0.2501,0.3156,solved,0
0.0061434584,0.0061434584,8.9735923918e-04,0.0299559550,6,25,0.2346,0.3018,solved,0
0.0061475005,0.0061475005,8.9817254926e-04,0.0299695270,6,25,0.2380,0.3049,solved,0
0.0061515427,0.0061515427,8.9898753085e-04,0.0299831208,6,25,0.2333,0.2963,solved,0
0.0061555847,0.0061555847,8.9980412343e-04,0.0299967352,6,25,0.2352,0.2983,solved,0
0.0061596274,0.0061596274,9.0062250911e-04,0.0300103734,6,25,0.2360,0.2992,solved,0
0.0061636696,0.0061636696,9.0144244510e-04,0.0300240311,6,25,0.2508,0.3162,solved,0
0.0061677120,0.0061677120,9.0226407320e-04,0.0300377109,6,25,0.2347,0.2996,solved,0
0.0061717548,0.0061717548,9.0308743444e-04,0.0300514132,6,25,0.2337,0.2985,solved,0
0.0061757966,0.0061757966,9.0391224332e-04,0.0300651333,6,25,0.2350,0.3007,solved,0
0.0061798391,0.0061798391,9.0473884657e-04,0.0300788771,6,25,0.2342,0.2974,solved,0
0.0061838817,0.0061838817,9.0556712199e-04,0.0300926423,6,25,0.2334,0.2985,solved,0
0.0061879239,0.0061879239,9.0639696697e-04,0.0301064273,6,25,0.2591,0.3321,solved,0
0.0061919659,0.0061919659,9.0722842219e-04,0.0301202328,6,25,0.2389,0.3252,solved,0
0.0061960081,0.0061960081,9.0806156993e-04,0.0301340600,6,25,0.2337,0.3024,solved,0
0.0062000511,0.0062000511,9.0889653448e-04,0.0301479109,6,25,0.2596,0.3290,solved,0
0.0062040929,0.0062040929,9.0973290254e-04,0.0301617788,6,25,0.2387,0.3108,solved,0
0.0062081355,0.0062081355,9.1057108774e-04,0.0301756705,6,25,0.2402,0.3086,solved,0
0.0062121777,0.0062121777,9.1141084150e-04,0.0301895817,6,25,0.2533,0.3202,solved,0
0.0062162201,0.0062162201,9.1225228836e-04,0.0302035145,6,25,0.2338,0.2974,solved,0
0.0062202619,0.0062202619,9.1309526154e-04,0.0302174662,6,25,0.2341,0.2982,solved,0
0.0062243050,0.0062243050,9.1394015775e-04,0.0302314432,6,25,0.2346,0.3043,solved,0
0.0062283470,0.0062283470,9.1478647558e-04,0.0302454373,6,25,0.2351,0.2992,solved,0
0.0062323892,0.0062323892,9.1563448666e-04,0.0302594528,6,25,0.2341,0.3016,solved,0
0.0062364313,0.0062364313,9.1648412813e-04,0.0302734889,6,25,0.2519,0.3182,solved,0
0.0062404740,0.0062404740,9.1733554742e-04,0.0302875477,6,25,0.2373,0.3073,solved,0
0.0062445166,0.0062445166,9.1818859742e-04,0.0303016270,6,25,0.2375,0.3064,solved,0
0.0062485583,0.0062485583,9.1904310871e-04,0.0303157238,6,25,0.2355,0.3291,solved,0
0.0062526009,0.0062526009,9.1989946185e-04,0.0303298444,6,25,0.2355,0.3007,solved,0
0.0062566435,0.0062566435,9.2075746674e-04,0.0303439857,6,25,0.2358,0.2994,solved,0
0.0062606856,0.0062606856,9.2161701695e-04,0.0303581458,6,25,0.2466,0.3127,solved,0
0.0062647282,0.0062647282,9.2247832513e-04,0.0303723283,6,25,0.2353,0.2999,solved,0
0.0062687704,0.0062687704,9.2334119959e-04,0.0303865299,6,25,0.2343,0.2981,solved,0
0.0062728126,0.0062728126,9.2420572548e-04,0.0304007521,6,25,0.2358,0.2985,solved,0
0.0062768546,0.0062768546,9.2507185989e-04,0.0304149940,6,25,0.2337,0.2977,solved,0
0.0062808973,0.0062808973,9.2593979600e-04,0.0304292589,6,25,0.2377,0.3063,solved,0
0.0062849394,0.0062849394,9.2680925475e-04,0.0304435421,6,25,0.2499,0.3156,solved,0
0.0062889819,0.0062889819,9.2768045112e-04,0.0304578471,6,25,0.2356,0.3011,solved,0
0.0062930246,0.0062930246,9.2855334239e-04,0.0304721732,6,25,0.2370,0.3006,solved,0
0.0062970666,0.0062970666,9.2942773392e-04,0.0304865172,6,25,0.2333,0.2960,solved,0
0.0063011089,0.0063011089,9.3030384179e-04,0.0305008826,6,25,0.2331,0.2963,solved,0
0.0063051518,0.0063051518,9.3118173158e-04,0.0305152705,6,25,0.2332,0.2962,solved,0
0.0063091938,0.0063091938,9.3206107738e-04,0.0305296754,6,25,0.2477,0.3197,solved,0
0.0063132356,0.0063132356,9.3294203080e-04,0.0305440998,6,25,0.2334,0.2983,solved,0
0.0063172781,0.0063172781,9.3382478833e-04,0.0305585469,6,25,0.2362,0.3023,solved,0
0.0063213209,0.0063213209,9.3470926321e-04,0.0305730153,6,25,0.2348,0.3054,solved,0
0.0063253628,0.0063253628,9.3559519256e-04,0.0305875006,6,25,0.2337,0.3006,solved,0
0.0063294052,0.0063294052,9.3648288299e-04,0.0306020078,6,25,0.2352,0.3008,solved,0
0.0063334476,0.0063334476,9.3737222500e-04,0.0306165352,6,25,0.2560,0.3283,solved,0
0.0063374899,0.0063374899,9.3826319654e-04,0.0306310822,6,25,0.2367,0.3038,solved,0
0.0063415320,0.0063415320,9.3915577538e-04,0.0306456486,6,25,0.2392,0.3062,solved,0
0.0063455747,0.0063455747,9.4005013842e-04,0.0306602371,6,25,0.2347,0.3012,solved,0
0.0063496171,0.0063496171,9.4094608674e-04,0.0306748445,6,25,0.2339,0.2992,solved,0
0.0063536591,0.0063536591,9.4184359774e-04,0.0306894705,6,25,0.2355,0.2989,solved,0
0.0063577016,0.0063577016,9.4274287134e-04,0.0307041181,6,25,0.2490,0.3158,solved,0
0.0063617437,0.0063617437,9.4364370737e-04,0.0307187843,6,25,0.2338,0.3020,solved,0
0.0063657862,0.0063657862,9.4454628414e-04,0.0307334717,6,25,0.2335,0.3087,solved,0
0.0063698283,0.0063698283,9.4545042302e-04,0.0307481776,6,25,0.2489,0.3146,solved,0
0.0063738710,0.0063738710,9.4635634783e-04,0.0307629054,6,25,0.2354,0.3221,solved,0
0.0063779135,0.0063779135,9.4726387952e-04,0.0307776523,6,25,0.2395,0.3059,solved,0
0.0063819554,0.0063819554,9.4817292781e-04,0.0307924167,6,25,0.2476,0.3134,solved,0
0.0063859982,0.0063859982,9.4908383025e-04,0.0308072042,6,25,0.2347,0.2988,solved,0
0.0063900401,0.0063900401,9.4999618127e-04,0.0308220081,6,25,0.2379,0.3014,solved,0
0.0063940826,0.0063940826,9.5091031926e-04,0.0308368338,6,25,0.2344,0.2974,solved,0
0.0063981254,0.0063981254,9.5182617695e-04,0.0308516803,6,25,0.2344,0.2971,solved,0
0.0064021673,0.0064021673,9.5274348212e-04,0.0308665431,6,25,0.2377,0.3006,solved,0
0.0064062098,0.0064062098,9.5366257500e-04,0.0308814277,6,25,0.2465,0.3112,solved,0
0.0064102516,0.0064102516,9.5458315997e-04,0.0308963292,6,25,0.2352,0.2997,solved,0
0.0064142944,0.0064142944,9.5550562441e-04,0.0309112540,6,25,0.2353,0.2980,solved,0
0.0064183364,0.0064183364,9.5642955774e-04,0.0309261953,6,25,0.2351,0.2979,solved,0
0.0064223788,0.0064223788,9.5735523401e-04,0.0309411576,6,25,0.2338,0.2966,solved,0
0.0064264215,0.0064264215,9.5828263074e-04,0.0309561404,6,25,0.2336,0.2966,solved,0
0.0064304635,0.0064304635,9.5921151830e-04,0.0309711401,6,25,0.2324,0.2951,solved,0
0.0064345057,0.0064345057,9.6014210320e-04,0.0309861599,6,25,0.2353,0.3012,solved,0
0.0064385483,0.0064385483,9.6107443186e-04,0.0310012005,6,25,0.2970,0.3924,solved,0
0.0064425908,0.0064425908,9.6200838914e-04,0.0310162601,6,25,0.2432,0.3340,solved,0
0.0064466328,0.0064466328,9.6294388227e-04,0.0310313371,6,25,0.2399,0.3156,solved,0
0.0064506751,0.0064506751,9.6388109627e-04,0.0310464345,6,25,0.2396,0.3146,solved,0
0.0064547174,0.0064547174,9.6481996178e-04,0.0310615512,6,25,0.2537,0.3203,solved,0
0.0064587599,0.0064587599,9.6576052537e-04,0.0310766878,6,25,0.2431,0.3131,solved,0
0.0064628018,0.0064628018,9.6670260065e-04,0.0310918414,6,25,0.2386,0.3054,solved,0
0.0064668446,0.0064668446,9.6764653744e-04,0.0311070175,6,25,0.2325,0.2983,solved,0
0.0064708869,0.0064708869,9.6859200909e-04,0.0311222109,6,25,0.2351,0.2980,solved,0
0.0064749290,0.0064749290,9.6953908535e-04,0.0311374226,6,25,0.2347,0.2974,solved,0
0.0064789717,0.0064789717,9.7048795389e-04,0.0311526556,6,25,0.2480,0.3129,solved,0
0.0064830138,0.0064830138,9.7143833308e-04,0.0311679055,6,25,0.2335,0.2991,solved,0
0.0064870561,0.0064870561,9.7239041075e-04,0.0311831751,6,25,0.2349,0.2983,solved,0
0.0064910981,0.0064910981,9.7334406908e-04,0.0311984626,6,25,0.2342,0.2963,solved,0
0.0064951409,0.0064951409,9.7429956791e-04,0.0312137721,6,25,0.2329,0.2956,solved,0
0.0064991833,0.0064991833,9.7525662388e-04,0.0312290990,6,25,0.2349,0.2980,solved,0
0.0065032253,0.0065032253,9.7621523648e-04,0.0312444433,6,25,0.2463,0.3105,solved,0
0.0065072682,0.0065072682,9.7717571434e-04,0.0312598099,6,25,0.2339,0.2970,solved,0
0.0065113100,0.0065113100,9.7813758220e-04,0.0312751912,6,25,0.2324,0.2943,solved,0
0.0065153524,0.0065153524,9.7910124430e-04,0.0312905935,6,25,0.2333,0.2959,solved,0
0.0065193952,0.0065193952,9.8006665359e-04,0.0313060163,6,25,0.2341,0.2982,solved,0
0.0065234371,0.0065234371,9.8103349933e-04,0.0313214543,6,25,0.2341,0.2978,solved,0
0.0065274796,0.0065274796,9.8200214014e-04,0.0313369134,6,25,0.2344,0.3105,solved,0
0.0065315216,0.0065315216,9.8297231250e-04,0.0313523893,6,25,0.2346,0.2988,solved,0
0.0065355643,0.0065355643,9.8394430457e-04,0.0313678865,6,25,0.2333,0.3022,solved,0
0.0065396063,0.0065396063,9.8491777973e-04,0.0313833997,6,25,0.2350,0.2978,solved,0
0.0065436488,0.0065436488,9.8589302689e-04,0.0313989335,6,25,0.2329,0.2959,solved,0
0.0065476910,0.0065476910,9.8686985315e-04,0.0314144848,6,25,0.2338,0.2963,solved,0
0.0065517334,0.0065517334,9.8784837929e-04,0.0314300553,6,25,0.2325,0.2953,solved,0
0.0065557759,0.0065557759,9.8882858129e-04,0.0314456449,6,25,0.2350,0.3116,solved,0
0.0065598181,0.0065598181,9.8981036203e-04,0.0314612518,6,25,0.2524,0.3175,solved,0
0.0065638606,0.0065638606,9.9079386723e-04,0.0314768783,6,25,0.2329,0.2966,solved,0
0.0065679027,0.0065679027,9.9177892655e-04,0.0314925218,6,25,0.2337,0.2986,solved,0
0.0065719450,0.0065719450,9.9276568607e-04,0.0315081844,6,25,0.2349,0.2976,solved,0
0.0065759874,0.0065759874,9.9375412157e-04,0.0315238659,6,25,0.2338,0.2963,solved,0
0.0065800298,0.0065800298,9.9474420865e-04,0.0315395658,6,25,0.2485,0.3141,solved,0
0.0065840716,0.0065840716,9.9573580000e-04,0.0315552816,6,25,0.2368,0.3014,solved,0
0.0065881145,0.0065881145,9.9672931299e-04,0.0315710201,6,25,0.2343,0.2974,solved,0
0.0065921569,0.0065921569,9.9772435479e-04,0.0315867750,6,25,0.2336,0.2968,solved,0
0.0065961988,0.0065961988,9.9872092480e-04,0.0316025462,6,25,0.2357,0.2989,solved,0
0.0066002416,0.0066002416,9.9971936844e-04,0.0316183391,6,25,0.2328,0.2955,solved,0
0.0066042837,0.0066042837,1.0007192907e-03,0.0316341475,6,25,0.2455,0.3117,solved,0
0.0066083260,0.0066083260,1.0017209139e-03,0.0316499749,6,25,0.2357,0.3051,solved,0
0.0066123680,0.0066123680,1.0027241140e-03,0.0316658193,6,25,0.3105,0.4450,solved,0
0.0066164108,0.0066164108,1.0037291645e-03,0.0316816850,6,25,0.2461,0.3383,solved,0
0.0066204531,0.0066204531,1.0047357423e-03,0.0316975668,6,25,0.2403,0.3107,solved,0
0.0066244952,0.0066244952,1.0057439217e-03,0.0317134659,6,25,0.2546,0.3394,solved,0
0.0066285380,0.0066285380,1.0067539274e-03,0.0317293859,6,25,0.2570,0.3775,solved,0
0.0066325801,0.0066325801,1.0077655040e-03,0.0317453226,5,25,0.2473,0.3229,solved,0
0.0066366217,0.0066366217,1.0087788856e-03,0.0317612797,5,25,0.2394,0.3070,solved,0
0.0066406641,0.0066406641,1.0097944034e-03,0.0317772624,5,25,0.2367,0.3016,solved,0
0.0066447061,0.0066447061,1.0108117562e-03,0.0317932659,5,25,0.2345,0.2984,solved,0
0.0066487481,0.0066487481,1.0118310444e-03,0.0318092918,5,25,0.2544,0.3200,solved,0
0.0066527901,0.0066527901,1.0128522680e-03,0.0318253400,5,25,0.2366,0.3017,solved,0
0.0066568327,0.0066568327,1.0138755789e-03,0.0318414130,5,25,0.2336,0.3024,solved,0
0.0066608748,0.0066608748,1.0149006989e-03,0.0318575062,5,25,0.2351,0.3007,solved,0
0.0066649164,0.0066649164,1.0159276271e-03,0.0318736196,5,25,0.2343,0.2987,solved,0
0.0066689591,0.0066689591,1.0169567707e-03,0.0318897597,5,25,0.2355,0.3006,solved,0
0.0066730008,0.0066730008,1.0179875950e-03,0.0319059179,5,25,0.2486,0.3137,solved,0
0.0066770428,0.0066770428,1.0190204311e-03,0.0319220994,5,25,0.2328,0.2971,solved,0
0.0066810852,0.0066810852,1.0200553051e-03,0.0319383047,5,25,0.2341,0.2979,solved,0
0.0066851274,0.0066851274,1.0210920635e-03,0.0319545312,5,25,0.2329,0.2961,solved,0
0.0066891693,0.0066891693,1.0221306803e-03,0.0319707785,5,25,0.2320,0.2946,solved,0
0.0066932114,0.0066932114,1.0231712840e-03,0.0319870487,5,25,0.2317,0.2953,solved,0
0.0066972537,0.0066972537,1.0242138747e-03,0.0320033416,5,25,0.2443,0.3089,solved,0
0.0067012953,0.0067012953,1.0252582200e-03,0.0320196537,5,25,0.2334,0.2974,solved,0
0.0067053375,0.0067053375,1.0263046558e-03,0.0320359900,5,25,0.2364,0.3071,solved,0
0.0067093797,0.0067093797,1.0273530272e-03,0.0320523482,5,25,0.2338,0.3049,solved,0
0.0067134217,0.0067134217,1.0284032821e-03,0.0320687275,5,25,0.2349,0.2994,solved,0
0.0067174640,0.0067174640,1.0294555506e-03,0.0320851297,5,25,0.2369,0.3036,solved,0
0.0067215063,0.0067215063,1.0305097547e-03,0.0321015538,5,25,0.2509,0.3192,solved,0
0.0067255484,0.0067255484,1.0315658422e-03,0.0321179987,5,25,0.2382,0.3109,solved,0
0.0067295904,0.0067295904,1.0326238390e-03,0.0321344650,5,25,0.2344,0.3041,solved,0
0.0067336321,0.0067336321,1.0336836923e-03,0.0321509517,5,25,0.2340,0.2977,solved,0
0.0067376748,0.0067376748,1.0347457438e-03,0.0321674641,5,25,0.2336,0.2998,solved,0
0.0067417164,0.0067417164,1.0358094414e-03,0.0321839936,5,25,0.2343,0.2978,solved,0
0.0067457586,0.0067457586,1.0368752325e-03,0.0322005471,5,25,0.2647,0.3318,solved,0
0.0067498010,0.0067498010,1.0379430119e-03,0.0322171230,5,25,0.2359,0.3006,solved,0
0.0067538430,0.0067538430,1.0390126212e-03,0.0322337187,5,25,0.2341,0.2972,solved,0
0.0067578850,0.0067578850,1.0400841659e-03,0.0322503359,5,25,0.2359,0.2995,solved,0
0.0067619273,0.0067619273,1.0411577257e-03,0.0322669758,5,25,0.2349,0.2972,solved,0
0.0067659691,0.0067659691,1.0422330879e-03,0.0322836350,5,25,0.2367,0.3006,solved,0
0.0067700111,0.0067700111,1.0433104388e-03,0.0323003164,5,25,0.2459,0.3111,solved,0
0.0067740531,0.0067740531,1.0443897250e-03,0.0323170191,5,25,0.2348,0.2993,solved,0
0.0067780956,0.0067780956,1.0454710804e-03,0.0323337452,5,25,0.2345,0.3003,solved,0
0.0067821376,0.0067821376,1.0465542376e-03,0.0323504905,5,25,0.2357,0.2995,solved,0
0.0067861797,0.0067861797,1.0476393570e-03,0.0323672575,5,25,0.2353,0.2986,solved,0
0.0067902220,0.0067902220,1.0487264658e-03,0.0323840465,5,25,0.2353,0.2988,solved,0
0.0067942641,0.0067942641,1.0498154562e-03,0.0324008558,5,25,0.2358,0.3143,solved,0
0.0067983057,0.0067983057,1.0509062471e-03,0.0324176842,5,25,0.2355,0.3004,solved,0
0.0068023486,0.0068023486,1.0519993247e-03,0.0324345391,5,25,0.2340,0.2973,solved,0
0.0068063902,0.0068063902,1.0530939862e-03,0.0324514096,5,25,0.2329,0.2968,solved,0
0.0068104322,0.0068104322,1.0541906913e-03,0.0324683029,5,25,0.2343,0.2969,solved,0
0.0068144743,0.0068144743,1.0552893590e-03,0.0324852175,5,25,0.2349,0.2976,solved,0
0.0068185166,0.0068185166,1.0563900166e-03,0.0325021540,5,25,0.2335,0.2963,solved,0
0.0068225587,0.0068225587,1.0574925553e-03,0.0325191106,5,25,0.2464,0.3115,solved,0
0.0068266003,0.0068266003,1.0585968927e-03,0.0325360860,5,25,0.2347,0.2996,solved,0
0.0068306433,0.0068306433,1.0597035487e-03,0.0325530882,5,25,0.2335,0.2964,solved,0
0.0068346849,0.0068346849,1.0608117568e-03,0.0325701053,5,25,0.2349,0.2979,solved,0
0.0068387269,0.0068387269,1.0619220098e-03,0.0325871449,5,25,0.2335,0.2965,solved,0
0.0068427693,0.0068427693,1.0630343084e-03,0.0326042069,5,25,0.2347,0.2980,solved,0
0.0068468113,0.0068468113,1.0641484324e-03,0.0326212880,5,25,0.2459,0.3115,solved,0
0.0068508533,0.0068508533,1.0652644917e-03,0.0326383898,5,25,0.2363,0.3031,solved,0
0.0068548957,0.0068548957,1.0663825972e-03,0.0326555140,5,25,0.2343,0.2974,solved,0
0.0068589379,0.0068589379,1.0675025830e-03,0.0326726580,5,25,0.2348,0.2974,solved,0
0.0068629799,0.0068629799,1.0686244487e-03,0.0326898218,5,25,0.2379,0.3070,solved,0
0.0068670216,0.0068670216,1.0697481664e-03,0.0327070049,5,25,0.2338,0.2980,solved,0
0.0068710638,0.0068710638,1.0708739585e-03,0.0327242106,5,25,0.2470,0.3107,solved,0
0.0068751060,0.0068751060,1.0720016862e-03,0.0327414368,5,25,0.2336,0.3029,solved,0
0.0068791480,0.0068791480,1.0731312935e-03,0.0327586827,5,25,0.2345,0.3049,solved,0
0.0068831903,0.0068831903,1.0742629202e-03,0.0327759503,5,25,0.2375,0.3024,solved,0
0.0068872326,0.0068872326,1.0753964826e-03,0.0327932384,5,25,0.2344,0.2985,solved,0
0.0068912745,0.0068912745,1.0765318682e-03,0.0328105451,5,25,0.2344,0.2982,solved,0
0.0068953169,0.0068953169,1.0776693299e-03,0.0328278743,5,25,0.2471,0.3111,solved,0
0.0068993585,0.0068993585,1.0788085017e-03,0.0328452204,5,25,0.2359,0.2997,solved,0
0.0069034005,0.0069034005,1.0799497215e-03,0.0328625885,5,25,0.2338,0.2969,solved,0
0.0069074426,0.0069074426,1.0810929050e-03,0.0328799773,5,25,0.2334,0.2964,solved,0
0.0069114849,0.0069114849,1.0822380806e-03,0.0328973871,5,25,0.2319,0.2950,solved,0
0.0069155271,0.0069155271,1.0833851635e-03,0.0329148168,5,25,0.2323,0.2955,solved,0
0.0069195692,0.0069195692,1.0845341535e-03,0.0329322661,5,25,0.2445,0.3093,solved,0
0.0069236116,0.0069236116,1.0856851645e-03,0.0329497369,5,25,0.2337,0.2981,solved,0
0.0069276536,0.0069276536,1.0868379971e-03,0.0329672261,5,25,0.2331,0.2958,solved,0
0.0069316952,0.0069316952,1.0879926506e-03,0.0329847336,5,25,0.2519,0.3165,solved,0
0.0069357376,0.0069357376,1.0891494683e-03,0.0330022646,5,25,0.2341,0.2983,solved,0
0.0069397796,0.0069397796,1.0903081070e-03,0.0330198139,5,25,0.2328,0.2967,solved,0
0.0069438216,0.0069438216,1.0914686811e-03,0.0330373831,5,25,0.2329,0.3086,solved,0
0.0069478638,0.0069478638,1.0926312481e-03,0.0330549731,5,25,0.2341,0.3013,solved,0
0.0069519061,0.0069519061,1.0937957794e-03,0.0330725835,5,25,0.2322,0.2959,solved,0
0.0069559482,0.0069559482,1.0949621887e-03,0.0330902129,5,25,0.2328,0.2958,solved,0
0.0069599898,0.0069599898,1.0961303889e-03,0.0331078599,5,25,0.2337,0.2971,solved,0
0.0069640325,0.0069640325,1.0973008427e-03,0.0331255316,5,25,0.2326,0.2958,solved,0
0.0069680742,0.0069680742,1.0984729424e-03,0.0331432186,5,25,0.2326,0.2989,solved,0
0.0069721165,0.0069721165,1.0996471516e-03,0.0331609281,5,25,0.2378,0.3251,solved,0
0.0069761587,0.0069761587,1.1008232673e-03,0.0331786568,5,25,0.2339,0.2985,solved,0
0.0069802007,0.0069802007,1.1020012602e-03,0.0331964043,5,25,0.2349,0.2982,solved,0
0.0069842428,0.0069842428,1.1031812178e-03,0.0332141719,5,25,0.2331,0.2972,solved,0
0.0069882849,0.0069882849,1.1043631108e-03,0.0332319592,5,25,0.2377,0.3025,solved,0
0.0069923272,0.0069923272,1.1055469979e-03,0.0332497669,5,25,0.2328,0.2965,solved,0
0.0069963688,0.0069963688,1.1067326151e-03,0.0332675911,5,25,0.2477,0.3217,solved,0
0.0070004108,0.0070004108,1.1079202850e-03,0.0332854365,5,25,0.2366,0.3002,solved,0
0.0070044534,0.0070044534,1.1091100669e-03,0.0333033041,5,25,0.2341,0.2978,solved,0
0.0070084954,0.0070084954,1.1103016078e-03,0.0333211886,5,25,0.2336,0.2966,solved,0
0.0070125374,0.0070125374,1.1114950841e-03,0.0333390924,5,25,0.2388,0.3024,solved,0
0.0070165798,0.0070165798,1.1126906142e-03,0.0333570175,5,25,0.2359,0.2992,solved,0
0.0070206218,0.0070206218,1.1138879614e-03,0.0333749601,5,25,0.2502,0.3149,solved,0
0.0070246634,0.0070246634,1.1150871252e-03,0.0333929203,5,25,0.2365,0.3008,solved,0
0.0070287061,0.0070287061,1.1162898502e-03,0.0334109241,4,75,0.4814,0.5458,solved,0
0.0070327489,0.0070327489,1.1174974240e-03,0.0334289908,4,75,0.4772,0.5444,solved,0
0.0070367913,0.0070367913,1.1187097004e-03,0.0334471180,4,75,0.4853,0.5507,solved,0
0.0070408339,0.0070408339,1.1199268590e-03,0.0334653083,4,75,0.4719,0.5361,solved,0
0.0070448766,0.0070448766,1.1211488702e-03,0.0334835612,4,75,0.4692,0.5324,solved,0
0.0070489192,0.0070489192,1.1223756736e-03,0.0335018757,4,75,0.4702,0.5335,solved,0
0.0070529614,0.0070529614,1.1236071773e-03,0.0335202503,4,75,0.4816,0.5519,solved,0
0.0070570046,0.0070570046,1.1248438088e-03,0.0335386912,4,75,0.4697,0.5351,solved,0
0.0070610466,0.0070610466,1.1260848949e-03,0.0335571884,4,75,0.4703,0.5350,solved,0
0.0070650892,0.0070650892,1.1273309872e-03,0.0335757500,4,75,0.4845,0.5653,solved,0
0.0070691314,0.0070691314,1.1285817779e-03,0.0335943712,4,75,0.4766,0.5483,solved,0
0.0070731745,0.0070731745,1.1298376700e-03,0.0336130580,4,75,0.4717,0.5357,solved,0
0.0070772165,0.0070772165,1.1310980421e-03,0.0336318011,4,75,0.4956,0.5605,solved,0
0.0070812591,0.0070812591,1.1323634232e-03,0.0336506081,4,75,0.4881,0.5544,solved,0
0.0070853018,0.0070853018,1.1336336581e-03,0.0336694767,4,75,0.4743,0.5393,solved,0
0.0070893445,0.0070893445,1.1349087157e-03,0.0336884063,4,75,0.4782,0.5418,solved,0
0.0070933868,0.0070933868,1.1361884689e-03,0.0337073949,4,75,0.4878,0.5532,solved,0
0.0070974298,0.0070974298,1.1374732667e-03,0.0337264476,4,75,0.4759,0.5399,solved,0
0.0071014718,0.0071014718,1.1387625682e-03,0.0337455563,4,75,0.4698,0.5331,solved,0
0.0071055144,0.0071055144,1.1400568830e-03,0.0337647284,4,75,0.4701,0.5337,solved,0
0.0071095568,0.0071095568,1.1413559558e-03,0.0337839600,4,75,0.4820,0.5466,solved,0
0.0071135997,0.0071135997,1.1426600121e-03,0.0338032545,4,75,0.4699,0.5339,solved,0
0.0071176421,0.0071176421,1.1439687292e-03,0.0338226068,4,75,0.4737,0.5375,solved,0
0.0071216844,0.0071216844,1.1452822357e-03,0.0338420188,4,75,0.4818,0.5727,solved,0
0.0071257275,0.0071257275,1.1466008252e-03,0.0338614947,4,75,0.4939,0.6006,solved,0
0.0071297697,0.0071297697,1.1479239431e-03,0.0338810263,4,75,0.4765,0.5458,solved,0
0.0071338121,0.0071338121,1.1492519482e-03,0.0339006187,4,75,0.4749,0.5412,solved,0
0.0071378550,0.0071378550,1.1505849403e-03,0.0339202733,4,75,0.4819,0.5645,solved,0
0.0071418974,0.0071418974,1.1519225897e-03,0.0339399851,4,75,0.4750,0.5395,solved,0
0.0071459400,0.0071459400,1.1532651276e-03,0.0339597575,4,75,0.4745,0.5387,solved,0
0.0071499821,0.0071499821,1.1546123209e-03,0.0339795868,4,75,0.4879,0.5534,solved,0
0.0071540254,0.0071540254,1.1559647374e-03,0.0339994814,4,75,0.4777,0.5422,solved,0
0.0071580674,0.0071580674,1.1573215407e-03,0.0340194289,4,75,0.4731,0.5366,solved,0
0.0071621100,0.0071621100,1.1586833675e-03,0.0340394384,4,75,0.4736,0.5365,solved,0
0.0071661527,0.0071661527,1.1600500505e-03,0.0340595075,4,75,0.4762,0.5529,solved,0
0.0071701953,0.0071701953,1.1614215221e-03,0.0340796350,4,75,0.4734,0.5381,solved,0
0.0071742373,0.0071742373,1.1627976114e-03,0.0340998183,4,75,0.4760,0.5396,solved,0
0.0071782804,0.0071782804,1.1641788981e-03,0.0341200659,4,75,0.4872,0.5523,solved,0
0.0071823227,0.0071823227,1.1655647336e-03,0.0341403681,4,75,0.4927,0.5581,solved,0
0.0071863653,0.0071863653,1.1669554941e-03,0.0341607303,4,75,0.4739,0.5383,solved,0
0.0071904073,0.0071904073,1.1683508694e-03,0.0341811479,4,75,0.4729,0.5363,solved,0
0.0071944504,0.0071944504,1.1697514474e-03,0.0342016293,4,75,0.4850,0.5500,solved,0
0.0071984926,0.0071984926,1.1711565355e-03,0.0342221644,4,75,0.4738,0.5413,solved,0
0.0072025353,0.0072025353,1.1725666198e-03,0.0342427601,4,75,0.4725,0.5366,solved,0
0.0072065779,0.0072065779,1.1739814915e-03,0.0342634133,4,75,0.4888,0.5587,solved,0
0.0072106206,0.0072106206,1.1754012208e-03,0.0342841249,4,75,0.4753,0.5412,solved,0
0.0072146627,0.0072146627,1.1768255609e-03,0.0343048912,4,75,0.4740,0.5377,solved,0
0.0072187057,0.0072187057,1.1782550409e-03,0.0343257198,4,75,0.4707,0.5346,solved,0
0.0072227479,0.0072227479,1.1796890599e-03,0.0343466019,4,75,0.4874,0.5598,solved,0
0.0072267905,0.0072267905,1.1811280429e-03,0.0343675435,4,75,0.4710,0.5363,solved,0
0.0072308330,0.0072308330,1.1825718125e-03,0.0343885419,4,75,0.4744,0.5380,solved,0
0.0072348756,0.0072348756,1.1840204401e-03,0.0344095981,4,75,0.5071,0.5811,solved,0
0.0072389182,0.0072389182,1.1854738901e-03,0.0344307114,4,75,0.4775,0.5563,solved,0
0.0072429605,0.0072429605,1.1869320540e-03,0.0344518803,4,75,0.4732,0.5400,solved,0
0.0072470036,0.0072470036,1.1883953295e-03,0.0344731102,4,75,0.4712,0.5342,solved,0
0.0072510458,0.0072510458,1.1898631013e-03,0.0344943923,4,75,0.4863,0.5511,solved,0
0.0072550883,0.0072550883,1.1913358039e-03,0.0345157327,4,75,0.4724,0.5358,solved,0
0.0072591309,0.0072591309,1.1928133652e-03,0.0345371302,4,75,0.4727,0.5361,solved,0
0.0072631735,0.0072631735,1.1942957489e-03,0.0345585843,4,75,0.4887,0.5534,solved,0
0.0072672159,0.0072672159,1.1957828812e-03,0.0345800937,4,75,0.4767,0.5416,solved,0
0.0072712583,0.0072712583,1.1972748354e-03,0.0346016594,4,75,0.4733,0.5377,solved,0
0.0072753009,0.0072753009,1.1987716857e-03,0.0346232824,4,75,0.4739,0.5388,solved,0
0.0072793435,0.0072793435,1.2002733583e-03,0.0346449615,4,75,0.4920,0.5574,solved,0
0.0072833862,0.0072833862,1.2017798905e-03,0.0346666971,4,75,0.4740,0.5382,solved,0
0.0072874288,0.0072874288,1.2032912080e-03,0.0346884881,4,75,0.4852,0.5519,solved,0
0.0072914712,0.0072914712,1.2048072726e-03,0.0347103338,4,75,0.4830,0.5500,solved,0
0.0072955134,0.0072955134,1.2063280837e-03,0.0347322341,4,75,0.4722,0.5364,solved,0
0.0072995565,0.0072995565,1.2078540565e-03,0.0347541948,4,75,0.4742,0.5372,solved,0
0.0073035988,0.0073035988,1.2093845494e-03,0.0347762067,4,75,0.4718,0.5350,solved,0
0.0073076413,0.0073076413,1.2109199400e-03,0.0347982750,4,75,0.4842,0.5488,solved,0
0.0073116841,0.0073116841,1.2124602672e-03,0.0348204002,4,75,0.4721,0.5418,solved,0
0.0073157265,0.0073157265,1.2140052642e-03,0.0348425783,4,75,0.4687,0.5322,solved,0
0.0073197689,0.0073197689,1.2155550830e-03,0.0348648115,4,75,0.4844,0.5479,solved,0
0.0073238115,0.0073238115,1.2171098007e-03,0.0348871008,4,75,0.4743,0.5384,solved,0
0.0073278541,0.0073278541,1.2186693407e-03,0.0349094449,4,75,0.4721,0.5365,solved,0
0.0073318966,0.0073318966,1.2202336644e-03,0.0349318431,4,75,0.4735,0.5369,solved,0
0.0073359392,0.0073359392,1.2218028490e-03,0.0349542966,4,75,0.4854,0.5502,solved,0
0.0073399818,0.0073399818,1.2233768560e-03,0.0349768045,4,75,0.5454,0.7153,solved,0
0.0073440240,0.0073440240,1.2249555288e-03,0.0349993647,4,75,1.0530,1.2821,solved,0
0.0073480665,0.0073480665,1.2265391408e-03,0.0350219808,4,75,0.6636,0.8605,solved,0
0.0073521094,0.0073521094,1.2281277323e-03,0.0350446534,4,75,0.4974,0.6100,solved,0
0.0073561517,0.0073561517,1.2297209100e-03,0.0350673767,4,75,0.5155,0.5990,solved,0
0.0073601945,0.0073601945,1.2313191073e-03,0.0350901568,4,75,0.4801,0.5511,solved,0
0.0073642367,0.0073642367,1.2329218892e-03,0.0351129875,4,75,0.4816,0.5520,solved,0
0.0073682797,0.0073682797,1.2345298111e-03,0.0351358764,4,75,0.5109,0.5848,solved,0
0.0073723218,0.0073723218,1.2361421967e-03,0.0351588139,4,75,0.4770,0.5471,solved,0
0.0073763644,0.0073763644,1.2377596039e-03,0.0351818079,4,75,0.4792,0.5461,solved,0
0.0073804070,0.0073804070,1.2393818334e-03,0.0352048553,4,75,0.4760,0.5460,solved,0
0.0073844498,0.0073844498,1.2410089658e-03,0.0352279572,4,75,0.5013,0.5813,solved,0
0.0073884917,0.0073884917,1.2426405573e-03,0.0352511072,4,75,0.5072,0.5834,solved,0
0.0073925350,0.0073925350,1.2442775371e-03,0.0352743184,4,75,0.4784,0.5484,solved,0
0.0073965770,0.0073965770,1.2459188122e-03,0.0352975752,4,75,0.4969,0.5763,solved,0
0.0074006197,0.0074006197,1.2475651938e-03,0.0353208889,4,75,0.4753,0.5423,solved,0
0.0074046620,0.0074046620,1.2492162343e-03,0.0353442532,4,75,0.4695,0.5343,solved,0
0.0074087049,0.0074087049,1.2508723426e-03,0.0353676737,4,75,0.4975,0.5743,solved,0
0.0074127474,0.0074127474,1.2525331094e-03,0.0353911445,4,75,0.4714,0.5444,solved,0
0.0074167897,0.0074167897,1.2541986157e-03,0.0354146667,4,75,0.4804,0.5657,solved,0
0.0074208326,0.0074208326,1.2558691920e-03,0.0354382448,4,75,0.4847,0.5763,solved,0
0.0074248750,0.0074248750,1.2575443839e-03,0.0354618723,4,75,0.5114,0.6097,solved,0
0.0074289174,0.0074289174,1.2592243976e-03,0.0354855520,4,75,0.4805,0.5611,solved,0
0.0074329599,0.0074329599,1.2609092749e-03,0.0355092843,4,75,0.4756,0.5414,solved,0
0.0074370027,0.0074370027,1.2625990999e-03,0.0355330705,4,75,0.5338,0.6267,solved,0
0.0074410453,0.0074410453,1.2642936638e-03,0.0355569074,4,75,0.4791,0.5653,solved,0
0.0074450873,0.0074450873,1.2659927975e-03,0.0355807925,4,75,0.4761,0.5427,solved,0
0.0074491302,0.0074491302,1.2676971320e-03,0.0356047347,4,75,0.4893,0.5559,solved,0
0.0074531727,0.0074531727,1.2694061202e-03,0.0356287261,4,75,0.4693,0.5350,solved,0
0.0074572153,0.0074572153,1.2711199730e-03,0.0356527695,4,75,0.4730,0.5415,solved,0
0.0074612578,0.0074612578,1.2728386056e-03,0.0356768637,4,75,0.4780,0.5482,solved,0
0.0074653006,0.0074653006,1.2745621884e-03,0.0357010110,4,75,0.4951,0.5695,solved,0
0.0074693426,0.0074693426,1.2762902515e-03,0.0357252047,4,75,0.4781,0.5481,solved,0
0.0074733852,0.0074733852,1.2780233931e-03,0.0357494530,4,75,0.4752,0.5403,solved,0
0.0074774280,0.0074774280,1.2797614431e-03,0.0357737536,4,75,0.4929,0.5727,solved,0
0.0074814706,0.0074814706,1.2815042296e-03,0.0357981037,4,75,0.4750,0.5472,solved,0
0.0074855126,0.0074855126,1.2832515788e-03,0.0358225010,4,75,0.5251,0.5931,solved,0
0.0074895557,0.0074895557,1.2850042263e-03,0.0358469556,4,75,0.4751,0.5424,solved,0
0.0074935979,0.0074935979,1.2867613057e-03,0.0358714553,4,75,0.4887,0.5576,solved,0
0.0074976405,0.0074976405,1.2885233810e-03,0.0358960079,4,75,0.4749,0.5444,solved,0
0.0075016833,0.0075016833,1.2902903662e-03,0.0359206120,4,75,0.4768,0.5443,solved,0
0.0075057259,0.0075057259,1.2920620865e-03,0.0359452651,4,75,0.4841,0.5515,solved,0
0.0075097679,0.0075097679,1.2938383651e-03,0.0359699648,4,75,0.5030,0.5837,solved,0
0.0075138108,0.0075138108,1.2956198617e-03,0.0359947199,4,75,0.4779,0.5564,solved,0
0.0075178532,0.0075178532,1.2974059601e-03,0.0360195219,4,75,0.4773,0.5471,solved,0
0.0075218958,0.0075218958,1.2991969692e-03,0.0360443750,4,75,0.4767,0.5453,solved,0
0.0075259381,0.0075259381,1.3009926671e-03,0.0360692759,4,75,0.4761,0.5416,solved,0
0.0075299809,0.0075299809,1.3027934097e-03,0.0360942296,4,75,0.5052,0.5914,solved,0
0.0075340235,0.0075340235,1.3045988857e-03,0.0361192315,4,75,0.5102,0.6067,solved,0
0.0075380658,0.0075380658,1.3064090495e-03,0.0361442810,4,75,0.4798,0.5651,solved,0
0.0075421089,0.0075421089,1.3082243946e-03,0.0361693848,4,75,0.4800,0.5601,solved,0
0.0075461509,0.0075461509,1.3100440674e-03,0.0361945309,4,75,0.4938,0.5718,solved,0
0.0075501935,0.0075501935,1.3118688323e-03,0.0362197299,4,75,0.4775,0.5530,solved,0
0.0075542362,0.0075542362,1.3136984649e-03,0.0362449785,4,75,0.4743,0.5445,solved,0
0.0075582788,0.0075582788,1.3155328746e-03,0.0362702754,4,75,0.4695,0.5364,solved,0
0.0075623214,0.0075623214,1.3173721067e-03,0.0362956210,4,75,0.4858,0.5563,solved,0
0.0075663634,0.0075663634,1.3192158870e-03,0.0363210116,4,75,0.4717,0.5517,solved,0
0.0075704065,0.0075704065,1.3210649920e-03,0.0363464578,4,75,0.4732,0.5373,solved,0
0.0075744488,0.0075744488,1.3229185533e-03,0.0363719473,4,75,0.4832,0.5487,solved,0
0.0075784914,0.0075784914,1.3247770742e-03,0.0363974872,4,75,0.4666,0.5313,solved,0
0.0075825341,0.0075825341,1.3266404637e-03,0.0364230760,4,75,0.4711,0.5360,solved,0
0.0075865764,0.0075865764,1.3285084907e-03,0.0364487104,4,75,0.4743,0.5385,solved,0
0.0075906187,0.0075906187,1.3303813393e-03,0.0364743929,4,75,0.4975,0.5648,solved,0
0.0075946618,0.0075946618,1.3322593816e-03,0.0365001285,4,75,0.4682,0.5362,solved,0
0.0075987041,0.0075987041,1.3341418744e-03,0.0365259069,4,75,0.4689,0.5355,solved,0
0.0076027464,0.0076027464,1.3360291889e-03,0.0365517330,4,75,0.4878,0.5560,solved,0
0.0076067887,0.0076067887,1.3379213250e-03,0.0365776069,4,75,0.4709,0.5357,solved,0
0.0076108318,0.0076108318,1.3398186586e-03,0.0366035334,4,75,0.4707,0.5344,solved,0
0.0076148740,0.0076148740,1.3417203918e-03,0.0366295017,4,75,0.4730,0.5362,solved,0
0.0076189166,0.0076189166,1.3436271353e-03,0.0366555198,4,75,0.4847,0.5514,solved,0
0.0076229594,0.0076229594,1.3455387958e-03,0.0366815866,4,75,0.4749,0.5395,solved,0
0.0076270017,0.0076270017,1.3474550419e-03,0.0367076973,4,75,0.4712,0.5348,solved,0
0.0076310440,0.0076310440,1.3493761095e-03,0.0367338551,4,75,0.4809,0.5456,solved,0
0.0076350871,0.0076350871,1.3513023805e-03,0.0367600650,4,75,0.4724,0.5376,solved,0
0.0076391293,0.0076391293,1.3532330445e-03,0.0367863160,4,75,0.4868,0.5511,solved,0
0.0076431718,0.0076431718,1.3551686738e-03,0.0368126157,4,75,0.4723,0.5356,solved,0
0.0076472142,0.0076472142,1.3571090771e-03,0.0368389614,4,75,0.4855,0.5520,solved,0
0.0076512571,0.0076512571,1.3590545433e-03,0.0368653570,4,75,0.4732,0.5392,solved,0
0.0076552996,0.0076552996,1.3610046392e-03,0.0368917964,4,75,0.4737,0.5462,solved,0
0.0076593418,0.0076593418,1.3629594121e-03,0.0369182802,4,75,0.4906,0.5573,solved,0
0.0076633849,0.0076633849,1.3649194431e-03,0.0369448162,4,75,0.4726,0.5369,solved,0
0.0076674271,0.0076674271,1.3668838598e-03,0.0369713925,4,75,0.4716,0.5357,solved,0
0.0076714696,0.0076714696,1.3688532442e-03,0.0369980168,4,75,0.4716,0.5359,solved,0
0.0076755123,0.0076755123,1.3708275485e-03,0.0370246884,4,75,0.4895,0.5549,solved,0
0.0076795548,0.0076795548,1.3728065774e-03,0.0370514045,4,75,0.4736,0.5380,solved,0
0.0076835973,0.0076835973,1.3747904284e-03,0.0370781665,4,75,0.4749,0.5588,solved,0
0.0076876395,0.0076876395,1.3767789537e-03,0.0371049721,4,75,0.4895,0.5601,solved,0
0.0076916826,0.0076916826,1.3787727448e-03,0.0371318293,4,75,0.4737,0.5383,solved,0
0.0076957248,0.0076957248,1.3807709139e-03,0.0371587259,4,75,0.5229,0.5895,solved,0
0.0076997673,0.0076997673,1.3827740534e-03,0.0371856700,4,75,0.4739,0.5389,solved,0
0.0077038102,0.0077038102,1.3847822138e-03,0.0372126620,4,75,0.4890,0.5541,solved,0
0.0077078526,0.0077078526,1.3867949481e-03,0.0372396959,4,75,0.4733,0.5375,solved,0
0.0077118948,0.0077118948,1.3888124043e-03,0.0372667735,4,75,0.4741,0.5375,solved,0
0.0077159379,0.0077159379,1.3908351326e-03,0.0372939021,4,75,0.4847,0.5491,solved,0
0.0077199801,0.0077199801,1.3928622327e-03,0.0373210696,4,75,0.4750,0.5386,solved,0
0.0077240226,0.0077240226,1.3948943051e-03,0.0373482838,4,75,0.4743,0.5383,solved,0
0.0077280654,0.0077280654,1.3969313510e-03,0.0373755448,4,75,0.4879,0.5518,solved,0
0.0077321079,0.0077321079,1.3989730680e-03,0.0374028484,4,75,0.4887,0.5531,solved,0
0.0077361500,0.0077361500,1.4010194044e-03,0.0374301938,4,75,0.4752,0.5393,solved,0
0.0077401925,0.0077401925,1.4030707651e-03,0.0374575862,4,75,0.4742,0.5441,solved,0
0.0077442354,0.0077442354,1.4051271517e-03,0.0374850257,4,75,0.4868,0.5535,solved,0
0.0077482779,0.0077482779,1.4071881571e-03,0.0375125067,4,75,0.4737,0.5402,solved,0
0.0077523200,0.0077523200,1.4092537800e-03,0.0375400290,4,75,0.4919,0.5650,solved,0
0.0077563632,0.0077563632,1.4113247882e-03,0.0375676029,4,75,0.5501,0.6646,solved,0
0.0077604054,0.0077604054,1.4134001061e-03,0.0375952139,4,75,0.4797,0.5920,solved,0
0.0077644479,0.0077644479,1.4154804000e-03,0.0376228707,4,75,0.4705,0.5373,solved,0
0.0077684906,0.0077684906,1.4175656192e-03,0.0376505726,4,75,0.4741,0.5396,solved,0
0.0077725331,0.0077725331,1.4196555576e-03,0.0376783168,4,75,0.4958,0.5632,solved,0
0.0077765756,0.0077765756,1.4217503180e-03,0.0377061045,4,75,0.4679,0.5340,solved,0
0.0077806178,0.0077806178,1.4238497446e-03,0.0377339336,4,75,0.4745,0.5410,solved,0
0.0077846609,0.0077846609,1.4259544616e-03,0.0377618122,4,75,0.4747,0.5384,solved,0
0.0077887031,0.0077887031,1.4280635320e-03,0.0377897279,4,75,0.4733,0.5505,solved,0
0.0077927456,0.0077927456,1.4301775809e-03,0.0378176887,4,75,0.4714,0.5379,solved,0
0.0077967884,0.0077967884,1.4322966093e-03,0.0378456947,4,75,0.5532,0.6221,solved,0
0.0078008309,0.0078008309,1.4344203028e-03,0.0378737416,4,75,0.4825,0.5495,solved,0
0.0078048736,0.0078048736,1.4365489238e-03,0.0379018327,4,75,0.4726,0.5404,solved,0
0.0078089162,0.0078089162,1.4386823145e-03,0.0379299659,4,75,0.4685,0.5326,solved,0
0.0078129586,0.0078129586,1.4408204217e-03,0.0379581404,4,75,0.4677,0.5435,solved,0
0.0078170015,0.0078170015,1.4429636161e-03,0.0379863609,4,75,0.4717,0.5399,solved,0
0.0078210436,0.0078210436,1.4451112081e-03,0.0380146183,4,75,0.4928,0.5569,solved,0
0.0078250862,0.0078250862,1.4472638878e-03,0.0380429217,4,75,0.4738,0.5504,solved,0
0.0078291293,0.0078291293,1.4494216569e-03,0.0380712708,4,75,0.4857,0.5564,solved,0
0.0078331708,0.0078331708,1.4515833928e-03,0.0380996508,4,75,0.4667,0.5319,solved,0
0.0078372140,0.0078372140,1.4537508608e-03,0.0381280849,4,75,0.4717,0.5360,solved,0
0.0078412560,0.0078412560,1.4559225072e-03,0.0381565526,4,75,0.4904,0.5666,solved,0
0.0078452986,0.0078452986,1.4580992979e-03,0.0381850664,4,75,0.4690,0.5338,solved,0
0.0078493415,0.0078493415,1.4602810730e-03,0.0382136242,4,75,0.4689,0.5323,solved,0
0.0078533835,0.0078533835,1.4624671838e-03,0.0382422173,4,75,0.4723,0.5362,solved,0
0.0078574263,0.0078574263,1.4646585497e-03,0.0382708577,4,75,0.4878,0.5528,solved,0
0.0078614692,0.0078614692,1.4668547929e-03,0.0382995404,4,75,0.4689,0.5349,solved,0
0.0078655113,0.0078655113,1.4690554230e-03,0.0383282588,4,75,0.4688,0.5325,solved,0
0.0078695539,0.0078695539,1.4712611474e-03,0.0383570221,4,75,0.4709,0.5340,solved,0
0.0078735967,0.0078735967,1.4734718037e-03,0.0383858282,4,75,0.4860,0.5515,solved,0
0.0078776388,0.0078776388,1.4756868987e-03,0.0384146704,4,75,0.4888,0.5533,solved,0
0.0078816814,0.0078816814,1.4779070898e-03,0.0384435572,4,75,0.4717,0.5342,solved,0
0.0078857245,0.0078857245,1.4801323788e-03,0.0384724886,4,75,0.4829,0.5495,solved,0
0.0078897665,0.0078897665,1.4823618839e-03,0.0385014530,4,75,0.4659,0.5307,solved,0
0.0078938092,0.0078938092,1.4845965972e-03,0.0385304632,4,75,0.4688,0.5431,solved,0
0.0078978520,0.0078978520,1.4868361886e-03,0.0385595149,4,75,0.4710,0.5379,solved,0
0.0079018940,0.0079018940,1.4890801583e-03,0.0385886014,4,75,0.4849,0.5536,solved,0
0.0079059370,0.0079059370,1.4913295058e-03,0.0386177356,4,75,0.5071,0.5801,solved,0
0.0079099798,0.0079099798,1.4935835649e-03,0.0386469089,4,75,0.4713,0.5487,solved,0
0.0079140219,0.0079140219,1.4958420554e-03,0.0386761174,4,75,0.4832,0.5491,solved,0
0.0079180644,0.0079180644,1.4981055912e-03,0.0387053690,4,75,0.4685,0.5334,solved,0
0.0079221065,0.0079221065,1.5003737244e-03,0.0387346579,4,75,0.4673,0.5307,solved,0
0.0079261493,0.0079261493,1.5026470729e-03,0.0387639920,4,75,0.4674,0.5305,solved,0
0.0079301923,0.0079301923,1.5049253570e-03,0.0387933674,4,75,0.4808,0.5464,solved,0
0.0079342342,0.0079342342,1.5072078425e-03,0.0388227748,4,75,0.4690,0.5339,solved,0
0.0079382769,0.0079382769,1.5094956020e-03,0.0388522278,4,75,0.4667,0.5309,solved,0
0.0079423201,0.0079423201,1.5117884678e-03,0.0388817241,4,75,0.4797,0.5451,solved,0
0.0079463618,0.0079463618,1.5140853041e-03,0.0389112491,4,75,0.4668,0.5306,solved,0
0.0079504046,0.0079504046,1.5163875877e-03,0.0389408216,4,75,0.4663,0.5294,solved,0
0.0079544475,0.0079544475,1.5186947513e-03,0.0389704343,4,75,0.4660,0.5298,solved,0
0.0079584896,0.0079584896,1.5210062799e-03,0.0390000805,4,75,0.4834,0.5557,solved,0
0.0079625324,0.0079625324,1.5233230313e-03,0.0390297711,4,75,0.4661,0.5298,solved,0
0.0079665753,0.0079665753,1.5256446630e-03,0.0390595016,4,75,0.4681,0.5370,solved,0
0.0079706173,0.0079706173,1.5279705993e-03,0.0390892645,4,75,0.4823,0.5509,solved,0
0.0079746602,0.0079746602,1.5303018760e-03,0.0391190730,4,75,0.4748,0.5554,solved,0
0.0079787028,0.0079787028,1.5326378023e-03,0.0391489183,4,75,0.4753,0.5515,solved,0
0.0079827448,0.0079827448,1.5349782031e-03,0.0391787979,4,75,0.4665,0.5320,solved,0
0.0079867875,0.0079867875,1.5373238314e-03,0.0392087214,4,75,0.4820,0.5476,solved,0
0.0079908306,0.0079908306,1.5396745151e-03,0.0392386865,4,75,0.4679,0.5326,solved,0
0.0079948726,0.0079948726,1.5420293809e-03,0.0392686819,4,75,0.4721,0.5369,solved,0
0.0079989153,0.0079989153,1.5443894766e-03,0.0392987211,4,75,0.4795,0.5488,solved,0
0.0080029573,0.0080029573,1.5467539850e-03,0.0393287933,4,75,0.4728,0.5372,solved,0
0.0080070001,0.0080070001,1.5491237837e-03,0.0393589098,4,75,0.4672,0.5305,solved,0
0.0080110430,0.0080110430,1.5514984641e-03,0.0393890653,4,75,0.4690,0.5318,solved,0
0.0080150848,0.0080150848,1.5538773194e-03,0.0394192506,4,75,0.5297,0.5972,solved,0
0.0080191279,0.0080191279,1.5562617627e-03,0.0394494837,4,75,0.4897,0.5611,solved,0
0.0080231705,0.0080231705,1.5586507337e-03,0.0394797509,4,75,0.4847,0.5736,solved,0
0.0080272125,0.0080272125,1.5610441714e-03,0.0395100515,4,75,0.4916,0.5756,solved,0
0.0080312554,0.0080312554,1.5634429646e-03,0.0395403966,4,75,0.4787,0.5790,solved,0
0.0080352984,0.0080352984,1.5658466404e-03,0.0395707801,4,75,0.4808,0.5655,solved,0
0.0080393401,0.0080393401,1.5682543642e-03,0.0396011914,4,75,0.4678,0.5379,solved,0
0.0080433832,0.0080433832,1.5706677447e-03,0.0396316508,4,75,0.4855,0.5524,solved,0
0.0080474258,0.0080474258,1.5730856495e-03,0.0396621438,4,75,0.4674,0.5332,solved,0
0.0080514679,0.0080514679,1.5755080766e-03,0.0396926703,4,75,0.4738,0.5378,solved,0
0.0080555104,0.0080555104,1.5779355654e-03,0.0397232371,4,75,0.4821,0.5481,solved,0
0.0080595536,0.0080595536,1.5803682978e-03,0.0397538463,4,75,0.4666,0.5315,solved,0
0.0080635956,0.0080635956,1.5828051299e-03,0.0397844835,4,75,0.4657,0.5291,solved,0
0.0080676384,0.0080676384,1.5852472666e-03,0.0398151638,4,75,0.4670,0.5314,solved,0
0.0080716814,0.0080716814,1.5876943473e-03,0.0398458824,4,75,0.4783,0.5429,solved,0
0.0080757231,0.0080757231,1.5901454621e-03,0.0398766280,4,75,0.4705,0.5348,solved,0
0.0080797663,0.0080797663,1.5926023095e-03,0.0399074217,4,75,0.4674,0.5304,solved,0
0.0080838081,0.0080838081,1.5950631275e-03,0.0399382414,4,75,0.4787,0.5494,solved,0
0.0080878509,0.0080878509,1.5975293765e-03,0.0399691053,4,75,0.4946,0.5663,solved,0
0.0080918936,0.0080918936,1.6000003872e-03,0.0400000048,4,75,0.4699,0.5400,solved,0
0.0080959356,0.0080959356,1.6024757913e-03,0.0400309354,4,75,0.4765,0.5417,solved,0
0.0080999786,0.0080999786,1.6049566306e-03,0.0400619100,4,75,0.4852,0.5569,solved,0
0.0081040213,0.0081040213,1.6074421086e-03,0.0400929184,4,75,0.4696,0.5347,solved,0
0.0081080633,0.0081080633,1.6099319775e-03,0.0401239577,4,75,0.4724,0.5417,solved,0
0.0081121062,0.0081121062,1.6124272234e-03,0.0401550398,4,75,0.4900,0.5578,solved,0
0.0081161491,0.0081161491,1.6149272923e-03,0.0401861580,4,75,0.5159,0.5835,solved,0
0.0081201908,0.0081201908,1.6174314401e-03,0.0402173027,4,75,0.4713,0.5372,solved,0
0.0081242340,0.0081242340,1.6199413401e-03,0.0402484949,4,75,0.4740,0.5381,solved,0
0.0081282768,0.0081282768,1.6224558149e-03,0.0402797196,4,75,0.4826,0.5483,solved,0
0.0081323186,0.0081323186,1.6249744887e-03,0.0403109723,4,75,0.4712,0.5353,solved,0
0.0081363615,0.0081363615,1.6274986705e-03,0.0403422690,4,75,0.4674,0.5304,solved,0
0.0081404044,0.0081404044,1.6300276753e-03,0.0403736012,4,75,0.4813,0.5466,solved,0
0.0081444462,0.0081444462,1.6325608131e-03,0.0404049603,4,75,0.4700,0.5352,solved,0
0.0081484892,0.0081484892,1.6350995255e-03,0.0404363639,4,75,0.4757,0.5397,solved,0
0.0081525319,0.0081525319,1.6376428724e-03,0.0404678004,4,75,0.4724,0.5366,solved,0
0.0081565739,0.0081565739,1.6401906002e-03,0.0404992667,4,75,0.4819,0.5469,solved,0
0.0081606167,0.0081606167,1.6427436546e-03,0.0405307742,4,75,0.4737,0.5383,solved,0
0.0081646588,0.0081646588,1.6453010885e-03,0.0405623112,4,75,0.4719,0.5361,solved,0
0.0081687014,0.0081687014,1.6478636608e-03,0.0405938870,4,75,0.4856,0.5647,solved,0
0.0081727446,0.0081727446,1.6504314369e-03,0.0406255023,4,75,0.4685,0.5342,solved,0
0.0081767865,0.0081767865,1.6530032088e-03,0.0406571422,4,75,0.4699,0.5441,solved,0
0.0081808292,0.0081808292,1.6555803119e-03,0.0406888229,4,75,0.4763,0.5425,solved,0
0.0081848721,0.0081848721,1.6581623654e-03,0.0407205398,4,75,0.4807,0.5460,solved,0
0.0081889139,0.0081889139,1.6607485374e-03,0.0407522826,4,75,0.4667,0.5314,solved,0
0.0081929569,0.0081929569,1.6633402999e-03,0.0407840692,4,75,0.4687,0.5316,solved,0
0.0081969998,0.0081969998,1.6659368214e-03,0.0408158893,4,75,0.4794,0.5644,solved,0
0.0082010416,0.0082010416,1.6685374575e-03,0.0408477350,4,75,0.4743,0.5416,solved,0
0.0082050844,0.0082050844,1.6711435593e-03,0.0408796228,4,75,0.4737,0.5400,solved,0
0.0082091274,0.0082091274,1.6737546132e-03,0.0409115462,4,75,0.4705,0.5372,solved,0
0.0082131694,0.0082131694,1.6763698428e-03,0.0409434957,4,75,0.4888,0.5566,solved,0
0.0082172123,0.0082172123,1.6789904772e-03,0.0409754863,4,75,0.4857,0.5602,solved,0
0.0082212549,0.0082212549,1.6816157397e-03,0.0410075083,4,75,0.5283,0.5989,solved,0
0.0082252969,0.0082252969,1.6842454338e-03,0.0410395594,4,75,0.4935,0.5623,solved,0
0.0082293401,0.0082293401,1.6868807317e-03,0.0410716536,4,75,0.4710,0.5378,solved,0
0.0082333830,0.0082333830,1.6895206573e-03,0.0411037791,4,75,0.4753,0.5403,solved,0
0.0082374246,0.0082374246,1.6921645547e-03,0.0411359278,4,75,0.4695,0.5349,solved,0
0.0082414676,0.0082414676,1.6948141905e-03,0.0411681210,4,75,0.4803,0.5458,solved,0
0.0082455105,0.0082455105,1.6974685839e-03,0.0412003469,4,75,0.4689,0.5377,solved,0
0.0082495522,0.0082495522,1.7001270103e-03,0.0412325965,4,75,0.4863,0.5666,solved,0
0.0082535953,0.0082535953,1.7027911803e-03,0.0412648904,4,75,0.4877,0.5721,solved,0
0.0082576373,0.0082576373,1.7054594470e-03,0.0412972087,4,75,0.4764,0.5498,solved,0
0.0082616800,0.0082616800,1.7081329979e-03,0.0413295657,4,75,0.4816,0.5476,solved,0
0.0082657228,0.0082657228,1.7108114378e-03,0.0413619564,4,75,0.4714,0.5396,solved,0
0.0082697648,0.0082697648,1.7134941690e-03,0.0413943736,4,75,0.4971,0.5662,solved,0
0.0082738075,0.0082738075,1.7161821870e-03,0.0414268293,4,75,0.4740,0.5416,solved,0
0.0082778507,0.0082778507,1.7188753610e-03,0.0414593218,4,75,0.4740,0.5412,solved,0
0.0082818926,0.0082818926,1.7215724904e-03,0.0414918364,4,75,0.4877,0.5532,solved,0
0.0082859353,0.0082859353,1.7242749758e-03,0.0415243901,4,75,0.4730,0.5370,solved,0
0.0082899782,0.0082899782,1.7269824179e-03,0.0415569780,4,75,0.4735,0.5375,solved,0
0.0082940202,0.0082940202,1.7296940787e-03,0.0415895910,4,75,0.4698,0.5333,solved,0
0.0082980627,0.0082980627,1.7324108967e-03,0.0416222404,4,75,0.4857,0.5517,solved,0
0.0083021059,0.0083021059,1.7351330086e-03,0.0416549278,4,75,0.4732,0.5376,solved,0
0.0083061477,0.0083061477,1.7378589991e-03,0.0416876360,4,75,0.5196,0.6129,solved,0
0.0083101905,0.0083101905,1.7405904864e-03,0.0417203845,4,75,0.4925,0.5776,solved,0
0.0083142334,0.0083142334,1.7433268642e-03,0.0417531659,4,75,0.4684,0.5360,solved,0
0.0083182752,0.0083182752,1.7460673186e-03,0.0417859704,4,75,0.4720,0.5372,solved,0
0.0083223184,0.0083223184,1.7488135451e-03,0.0418188181,4,75,0.4720,0.5377,solved,0
0.0083263609,0.0083263609,1.7515641188e-03,0.0418516919,4,75,0.4841,0.5489,solved,0
0.0083304029,0.0083304029,1.7543191734e-03,0.0418845935,4,75,0.5188,0.5858,solved,0
0.0083344459,0.0083344459,1.7570797324e-03,0.0419175349,4,75,0.4710,0.5385,solved,0
0.0083384879,0.0083384879,1.7598444301e-03,0.0419504998,4,75,0.4850,0.5503,solved,0
0.0083425307,0.0083425307,1.7626144973e-03,0.0419835027,4,75,0.4735,0.5445,solved,0
0.0083465736,0.0083465736,1.7653894560e-03,0.0420165379,4,75,0.4701,0.5342,solved,0
0.0083506156,0.0083506156,1.7681686185e-03,0.0420495971,4,75,0.4747,0.5382,solved,0
0.0083546583,0.0083546583,1.7709530844e-03,0.0420826934,4,75,0.4876,0.5530,solved,0
0.0083587014,0.0083587014,1.7737426491e-03,0.0421158242,4,75,0.4770,0.5412,solved,0
0.0083627431,0.0083627431,1.7765360689e-03,0.0421489747,4,75,0.4720,0.5357,solved,0
0.0083667861,0.0083667861,1.7793352098e-03,0.0421821670,4,75,0.4863,0.5509,solved,0
0.0083708289,0.0083708289,1.7821390351e-03,0.0422153886,4,75,0.4722,0.5424,solved,0
0.0083748709,0.0083748709,1.7849471270e-03,0.0422486346,4,75,0.4704,0.5342,solved,0
0.0083789136,0.0083789136,1.7877605274e-03,0.0422819173,4,75,0.4664,0.5303,solved,0
0.0083829567,0.0083829567,1.7905790294e-03,0.0423152340,4,75,0.4856,0.5577,solved,0
0.0083869988,0.0083869988,1.7934016561e-03,0.0423485732,4,75,0.4794,0.5503,solved,0
0.0083910413,0.0083910413,1.7962293839e-03,0.0423819464,4,75,0.4744,0.5446,solved,0
0.0083950842,0.0083950842,1.7990622144e-03,0.0424153535,4,75,0.4960,0.5686,solved,0
0.0083991263,0.0083991263,1.8018993060e-03,0.0424487845,4,75,0.4751,0.5450,solved,0
0.0084031688,0.0084031688,1.8047415002e-03,0.0424822492,4,75,0.4746,0.5428,solved,0
0.0084072120,0.0084072120,1.8075890099e-03,0.0425157501,4,75,0.4742,0.5424,solved,0
0.0084112540,0.0084112540,1.8104404961e-03,0.0425492714,4,75,0.4926,0.5629,solved,0
0.0084152967,0.0084152967,1.8132972983e-03,0.0425828287,4,75,0.4728,0.5505,solved,0
0.0084193386,0.0084193386,1.8161583564e-03,0.0426164095,4,75,0.4770,0.5548,solved,0
0.0084233812,0.0084233812,1.8190247319e-03,0.0426500262,4,75,0.4934,0.5660,solved,0
0.0084274242,0.0084274242,1.8218962140e-03,0.0426836762,4,75,0.4764,0.5597,solved,0
0.0084314662,0.0084314662,1.8247718074e-03,0.0427173479,4,75,0.4720,0.5435,solved,0
0.0084355090,0.0084355090,1.8276527923e-03,0.0427510560,4,75,0.4973,0.5738,solved,0
0.0084395519,0.0084395519,1.8305386715e-03,0.0427847949,4,75,0.4746,0.5500,solved,0
0.0084435940,0.0084435940,1.8334288013e-03,0.0428185567,4,75,0.4777,0.5482,solved,0
0.0084476369,0.0084476369,1.8363243257e-03,0.0428523550,4,75,0.4770,0.5483,solved,0
0.0084516797,0.0084516797,1.8392246013e-03,0.0428861819,4,75,0.4919,0.5667,solved,0
0.0084557217,0.0084557217,1.8421291244e-03,0.0429200317,4,75,0.4792,0.5576,solved,0
0.0084597644,0.0084597644,1.8450389727e-03,0.0429539168,4,75,0.4705,0.5481,solved,0
0.0084638072,0.0084638072,1.8479537157e-03,0.0429878322,4,75,0.4978,0.5747,solved,0
0.0084678492,0.0084678492,1.8508727033e-03,0.0430217701,4,75,0.4760,0.5454,solved,0
0.0084718921,0.0084718921,1.8537971634e-03,0.0430557448,4,75,0.4697,0.5369,solved,0
0.0084759349,0.0084759349,1.8567263741e-03,0.0430897479,4,75,0.4750,0.5452,solved,0
0.0084799772,0.0084799772,1.8596604705e-03,0.0431237808,3,100,0.6219,0.6958,solved,0
0.0084840200,0.0084840200,1.8626010047e-03,0.0431578614,3,100,0.5914,0.6628,solved,0
0.0084880633,0.0084880633,1.8655479999e-03,0.0431919900,3,100,0.5993,0.6682,solved,0
0.0084921052,0.0084921052,1.8685000694e-03,0.0432261503,3,100,0.6154,0.6909,solved,0
0.0084961484,0.0084961484,1.8714591848e-03,0.0432603651,3,100,0.5979,0.6734,solved,0
0.0085001905,0.0085001905,1.8744235902e-03,0.0432946139,3,100,0.6117,0.6890,solved,0
0.0085042336,0.0085042336,1.8773948253e-03,0.0433289144,3,100,0.5990,0.6727,solved,0
0.0085082764,0.0085082764,1.8803719365e-03,0.0433632556,3,100,0.5903,0.6624,solved,0
0.0085123187,0.0085123187,1.8833547746e-03,0.0433976356,3,100,0.6196,0.7029,solved,0
0.0085163617,0.0085163617,1.8863442256e-03,0.0434320645,3,100,0.6373,0.7519,solved,0
0.0085204048,0.0085204048,1.8893398477e-03,0.0434665371,3,100,0.6120,0.7199,solved,0
0.0085244471,0.0085244471,1.8923409723e-03,0.0435010456,3,100,0.6295,0.7239,solved,0
0.0085284900,0.0085284900,1.8953486386e-03,0.0435356020,3,100,0.6201,0.7081,solved,0
0.0085325328,0.0085325328,1.8983623268e-03,0.0435702000,3,100,0.5937,0.6711,solved,0
0.0085365751,0.0085365751,1.9013817374e-03,0.0436048362,3,100,0.5954,0.6854,solved,0
0.0085406183,0.0085406183,1.9044079170e-03,0.0436395224,3,100,0.5916,0.6635,solved,0
0.0085446614,0.0085446614,1.9074401191e-03,0.0436742501,3,100,0.5920,0.6879,solved,0
0.0085487035,0.0085487035,1.9104776661e-03,0.0437090113,3,100,0.6008,0.6724,solved,0
0.0085527463,0.0085527463,1.9135218349e-03,0.0437438205,3,100,0.5938,0.6642,solved,0
0.0085567897,0.0085567897,1.9165725531e-03,0.0437786769,3,100,0.6112,0.6782,solved,0
0.0085608317,0.0085608317,1.9196283099e-03,0.0438135631,3,100,0.5942,0.6597,solved,0
0.0085648747,0.0085648747,1.9226909188e-03,0.0438484996,3,100,0.6155,0.6829,solved,0
0.0085689178,0.0085689178,1.9257597006e-03,0.0438834787,3,100,0.6184,0.6872,solved,0
0.0085729599,0.0085729599,1.9288338183e-03,0.0439184906,3,100,0.5905,0.6575,solved,0
0.0085770027,0.0085770027,1.9319145640e-03,0.0439535501,3,100,0.5964,0.6612,solved,0
0.0085810451,0.0085810451,1.9350011004e-03,0.0439886474,3,100,0.6096,0.6822,solved,0
0.0085850883,0.0085850883,1.9380943444e-03,0.0440237929,3,100,0.6025,0.6747,solved,0
0.0085891311,0.0085891311,1.9411933790e-03,0.0440589761,3,100,0.5933,0.6629,solved,0
0.0085931734,0.0085931734,1.9442981254e-03,0.0440941961,3,100,0.6152,0.6886,solved,0
0.0085972163,0.0085972163,1.9474094288e-03,0.0441294621,3,100,0.5950,0.6799,solved,0
0.0086012594,0.0086012594,1.9505269832e-03,0.0441647708,3,100,0.6235,0.7192,solved,0
0.0086053016,0.0086053016,1.9536499387e-03,0.0442001124,3,100,0.6262,0.7139,solved,0
0.0086093447,0.0086093447,1.9567796860e-03,0.0442355026,3,100,0.6035,0.6951,solved,0
0.0086133875,0.0086133875,1.9599152976e-03,0.0442709306,3,100,0.6229,0.7130,solved,0
0.0086174298,0.0086174298,1.9630566165e-03,0.0443063948,3,100,0.6028,0.6935,solved,0
0.0086214727,0.0086214727,1.9662044978e-03,0.0443419045,3,100,0.5929,0.6761,solved,0
0.0086255157,0.0086255157,1.9693585538e-03,0.0443774555,3,100,0.6223,0.7098,solved,0
0.0086295580,0.0086295580,1.9725181590e-03,0.0444130404,3,100,0.6039,0.6968,solved,0
0.0086336011,0.0086336011,1.9756844860e-03,0.0444486725,3,100,0.6005,0.6893,solved,0
0.0086376439,0.0086376439,1.9788566746e-03,0.0444843419,3,100,0.6224,0.7191,solved,0
0.0086416862,0.0086416862,1.9820345660e-03,0.0445200468,3,100,0.6013,0.6987,solved,0
0.0086457291,0.0086457291,1.9852190252e-03,0.0445557968,3,100,0.5997,0.6923,solved,0
0.0086497724,0.0086497724,1.9884098970e-03,0.0445915900,3,100,0.6106,0.7100,solved,0
0.0086538146,0.0086538146,1.9916059960e-03,0.0446274131,3,100,0.5921,0.6715,solved,0
0.0086578575,0.0086578575,1.9948087444e-03,0.0446632818,3,100,0.6070,0.6844,solved,0
0.0086619008,0.0086619008,1.9980179073e-03,0.0446991936,3,100,0.5939,0.6728,solved,0
0.0086659426,0.0086659426,2.0012319739e-03,0.0447351313,3,100,0.5955,0.6713,solved,0
0.0086699857,0.0086699857,2.0044531706e-03,0.0447711198,3,100,0.6070,0.6829,solved,0
0.0086740279,0.0086740279,2.0076797453e-03,0.0448071394,3,100,0.5959,0.6705,solved,0
0.0086780710,0.0086780710,2.0109131349e-03,0.0448432061,3,100,0.5933,0.6687,solved,0
0.0086821138,0.0086821138,2.0141523811e-03,0.0448793091,3,100,0.6080,0.6848,solved,0
0.0086861562,0.0086861562,2.0173974021e-03,0.0449154473,3,100,0.6198,0.7162,solved,0
0.0086901990,0.0086901990,2.0206488403e-03,0.0449516278,3,100,0.5941,0.6728,solved,0
0.0086942421,0.0086942421,2.0239066166e-03,0.0449878497,3,100,0.6246,0.7064,solved,0
0.0086982843,0.0086982843,2.0271697629e-03,0.0450241020,3,100,0.5868,0.6643,solved,0
0.0087023274,0.0087023274,2.0304397322e-03,0.0450604009,3,100,0.5972,0.6699,solved,0
0.0087063702,0.0087063702,2.0337155554e-03,0.0450967355,3,100,0.5911,0.6692,solved,0
0.0087104126,0.0087104126,2.0369971499e-03,0.0451331048,3,100,0.5899,0.6623,solved,0
0.0087144556,0.0087144556,2.0402853278e-03,0.0451695177,3,100,0.6055,0.6916,solved,0
0.0087184985,0.0087184985,2.0435795211e-03,0.0452059678,3,100,0.5884,0.6691,solved,0
0.0087225409,0.0087225409,2.0468794024e-03,0.0452424513,3,100,0.5907,0.6662,solved,0
0.0087265838,0.0087265838,2.0501857880e-03,0.0452789773,3,100,0.6142,0.6910,solved,0
0.0087306268,0.0087306268,2.0534983522e-03,0.0453155421,3,100,0.5876,0.6617,solved,0
0.0087346690,0.0087346690,2.0568163560e-03,0.0453521373,3,100,0.5860,0.6579,solved,0
0.0087387120,0.0087387120,2.0601411128e-03,0.0453887774,3,100,0.6231,0.7025,solved,0
0.0087427548,0.0087427548,2.0634718015e-03,0.0454254532,3,100,0.6050,0.6959,solved,0
0.0087467973,0.0087467973,2.0668083386e-03,0.0454621638,3,100,0.6015,0.6774,solved,0
0.0087508402,0.0087508402,2.0701513022e-03,0.0454989154,3,100,0.6176,0.6935,solved,0
0.0087548825,0.0087548825,2.0734998648e-03,0.0455356988,3,100,0.5921,0.6689,solved,0
0.0087589253,0.0087589253,2.0768549375e-03,0.0455725239,3,100,0.6023,0.6755,solved,0
0.0087629684,0.0087629684,2.0802163562e-03,0.0456093889,3,100,0.6196,0.6942,solved,0
0.0087670109,0.0087670109,2.0835833718e-03,0.0456462854,3,100,0.5925,0.6668,solved,0
0.0087710537,0.0087710537,2.0869567333e-03,0.0456832216,3,100,0.5917,0.6926,solved,0
0.0087750966,0.0087750966,2.0903362748e-03,0.0457201955,3,100,0.5981,0.6780,solved,0
0.0087791389,0.0087791389,2.0937214099e-03,0.0457572006,3,100,0.6913,0.7884,solved,0
0.0087831817,0.0087831817,2.0971130596e-03,0.0457942470,3,100,0.6097,0.7044,solved,0
0.0087872248,0.0087872248,2.1005110580e-03,0.0458313327,3,100,0.5893,0.6614,solved,0
0.0087912671,0.0087912671,2.1039144793e-03,0.0458684475,3,100,0.5925,0.6684,solved,0
0.0087953101,0.0087953101,2.1073245864e-03,0.0459056052,3,100,0.6176,0.7022,solved,0
0.0087993530,0.0087993530,2.1107407058e-03,0.0459427982,3,100,0.6014,0.6854,solved,0
0.0088033953,0.0088033953,2.1141624134e-03,0.0459800219,3,100,0.6009,0.6803,solved,0
0.0088074381,0.0088074381,2.1175906401e-03,0.0460172863,3,100,0.6178,0.6985,solved,0
0.0088114813,0.0088114813,2.1210253032e-03,0.0460545905,3,100,0.5973,0.6703,solved,0
0.0088155235,0.0088155235,2.1244652120e-03,0.0460919213,3,100,0.5965,0.6670,solved,0
0.0088195665,0.0088195665,2.1279118979e-03,0.0461292954,3,100,0.6035,0.6952,solved,0
0.0088236094,0.0088236094,2.1313645952e-03,0.0461667044,3,100,0.5974,0.6670,solved,0
0.0088276517,0.0088276517,2.1348228753e-03,0.0462041435,3,100,0.6198,0.6956,solved,0
0.0088316945,0.0088316945,2.1382876790e-03,0.0462416228,3,100,0.6016,0.6768,solved,0
0.0088357370,0.0088357370,2.1417583212e-03,0.0462791348,3,100,0.6217,0.6935,solved,0
0.0088397801,0.0088397801,2.1452355753e-03,0.0463166879,3,100,0.6109,0.6856,solved,0
0.0088438229,0.0088438229,2.1487186678e-03,0.0463542735,3,100,0.5918,0.6670,solved,0
0.0088478652,0.0088478652,2.1522074247e-03,0.0463918896,3,100,0.6029,0.6760,solved,0
0.0088519081,0.0088519081,2.1557027956e-03,0.0464295466,3,100,0.6236,0.7098,solved,0
0.0088559513,0.0088559513,2.1592045231e-03,0.0464672414,3,100,0.6005,0.6978,solved,0
0.0088599934,0.0088599934,2.1627113928e-03,0.0465049609,3,100,0.5976,0.6748,solved,0
0.0088640365,0.0088640365,2.1662252266e-03,0.0465427247,3,100,0.7285,0.8439,solved,0
0.0088680793,0.0088680793,2.1697448962e-03,0.0465805206,3,100,0.6026,0.7118,solved,0
0.0088721216,0.0088721216,2.1732702255e-03,0.0466183464,3,100,0.6228,0.7140,solved,0
0.0088761646,0.0088761646,2.1768022617e-03,0.0466562135,3,100,0.6050,0.6952,solved,0
0.0088802077,0.0088802077,2.1803404824e-03,0.0466941161,3,100,0.5986,0.6858,solved,0
0.0088842498,0.0088842498,2.1838839229e-03,0.0467320439,3,100,0.6150,0.7066,solved,0
0.0088882928,0.0088882928,2.1874342485e-03,0.0467700144,3,100,0.5950,0.6851,solved,0
0.0088923357,0.0088923357,2.1909905829e-03,0.0468080184,3,100,0.6090,0.6994,solved,0
0.0088963780,0.0088963780,2.1945524848e-03,0.0468460509,3,100,0.6233,0.7197,solved,0
0.0089004209,0.0089004209,2.1981210114e-03,0.0468841232,3,100,0.6040,0.6954,solved,0
0.0089044641,0.0089044641,2.2016959002e-03,0.0469222325,3,100,0.6230,0.7187,solved,0
0.0089085064,0.0089085064,2.2052760886e-03,0.0469603672,3,100,0.5996,0.6960,solved,0
0.0089125492,0.0089125492,2.2088628157e-03,0.0469985406,3,100,0.5969,0.6836,solved,0
0.0089165916,0.0089165916,2.2124552833e-03,0.0470367440,3,100,0.6181,0.7073,solved,0
0.0089206346,0.0089206346,2.2160543806e-03,0.0470749868,3,100,0.6002,0.6887,solved,0
0.0089246776,0.0089246776,2.2196595747e-03,0.0471132633,3,100,0.6006,0.6856,solved,0
0.0089287198,0.0089287198,2.2232701506e-03,0.0471515657,3,100,0.6255,0.7194,solved,0
0.0089327628,0.0089327628,2.2268875372e-03,0.0471899093,3,100,0.6014,0.6906,solved,0
0.0089368056,0.0089368056,2.2305108414e-03,0.0472282843,3,100,0.6027,0.6898,solved,0
0.0089408480,0.0089408480,2.2341398824e-03,0.0472666889,3,100,0.6024,0.7222,solved,0
0.0089448910,0.0089448910,2.2377755585e-03,0.0473051325,3,100,0.6627,0.7676,solved,0
0.0089489340,0.0089489340,2.2414173314e-03,0.0473436092,3,100,0.6595,0.7836,solved,0
0.0089529763,0.0089529763,2.2450645691e-03,0.0473821123,3,100,0.6037,0.7155,solved,0
0.0089570192,0.0089570192,2.2487184443e-03,0.0474206542,3,100,0.7735,0.9806,solved,0
0.0089610620,0.0089610620,2.2523783255e-03,0.0474592280,3,100,0.6268,0.7834,solved,0
0.0089651044,0.0089651044,2.2560439399e-03,0.0474978309,3,100,0.6301,0.7354,solved,0
0.0089691476,0.0089691476,2.2597163766e-03,0.0475364742,3,100,0.6398,0.7607,solved,0
0.0089731904,0.0089731904,2.2633945465e-03,0.0475751463,3,100,0.6219,0.7277,solved,0
0.0089772327,0.0089772327,2.2670783567e-03,0.0476138463,3,100,0.6497,0.7721,solved,0
0.0089812756,0.0089812756,2.2707688098e-03,0.0476525845,3,100,0.6148,0.7310,solved,0
0.0089853186,0.0089853186,2.2744654510e-03,0.0476913561,3,100,0.6107,0.7078,solved,0
0.0089893609,0.0089893609,2.2781675474e-03,0.0477301534,3,100,0.6313,0.7239,solved,0
0.0089934040,0.0089934040,2.2818764731e-03,0.0477689907,3,100,0.6016,0.6984,solved,0
0.0089974458,0.0089974458,2.2855903004e-03,0.0478078477,3,100,0.6008,0.6823,solved,0
0.0090014891,0.0090014891,2.2893116027e-03,0.0478467512,3,100,0.6186,0.6986,solved,0
0.0090055320,0.0090055320,2.2930386337e-03,0.0478856830,3,100,0.5995,0.6722,solved,0
0.0090095743,0.0090095743,2.2967712068e-03,0.0479246409,3,100,0.6192,0.7060,solved,0
0.0090136173,0.0090136173,2.3005105226e-03,0.0479636375,3,100,0.6187,0.7558,solved,0
0.0090176603,0.0090176603,2.3042559353e-03,0.0480026659,3,100,0.6749,0.7809,solved,0
0.0090217027,0.0090217027,2.3080068876e-03,0.0480417203,3,100,0.6177,0.7120,solved,0
0.0090257455,0.0090257455,2.3117643071e-03,0.0480808102,3,100,0.5964,0.6721,solved,0
0.0090297885,0.0090297885,2.3155280092e-03,0.0481199336,3,100,0.6171,0.6929,solved,0
0.0090338309,0.0090338309,2.3192972482e-03,0.0481590827,3,100,0.6234,0.6964,solved,0
0.0090378739,0.0090378739,2.3230731432e-03,0.0481982691,3,100,0.5872,0.6541,solved,0
0.0090419167,0.0090419167,2.3268549477e-03,0.0482374849,3,100,0.5853,0.6509,solved,0
0.0090459591,0.0090459591,2.3306424735e-03,0.0482767281,3,100,0.5887,0.6576,solved,0
0.0090500019,0.0090500019,2.3344364699e-03,0.0483160064,3,100,0.5823,0.6468,solved,0
0.0090540449,0.0090540449,2.3382367508e-03,0.0483553177,3,100,0.5862,0.6643,solved,0
0.0090580873,0.0090580873,2.3420425633e-03,0.0483946543,3,100,0.5941,0.6703,solved,0
0.0090621303,0.0090621303,2.3458550370e-03,0.0484340277,3,100,0.5912,0.6585,solved,0
0.0090661731,0.0090661731,2.3496734186e-03,0.0484734300,3,100,0.6129,0.6863,solved,0
0.0090702155,0.0090702155,2.3534975177e-03,0.0485128593,3,100,0.6249,0.6961,solved,0
0.0090742583,0.0090742583,2.3573280912e-03,0.0485523232,3,100,0.5897,0.6554,solved,0
0.0090783013,0.0090783013,2.3611649509e-03,0.0485918198,3,100,0.6189,0.6848,solved,0
0.0090823438,0.0090823438,2.3650074318e-03,0.0486313421,3,100,0.5955,0.6607,solved,0
0.0090863867,0.0090863867,2.3688563893e-03,0.0486708988,3,100,0.5976,0.6620,solved,0
0.0090904287,0.0090904287,2.3727105844e-03,0.0487104772,3,100,0.6046,0.6737,solved,0
0.0090944719,0.0090944719,2.3765720203e-03,0.0487500976,3,100,0.5883,0.6537,solved,0
0.0090985149,0.0090985149,2.3804393623e-03,0.0487897465,3,100,0.5958,0.6609,solved,0
0.0091025569,0.0091025569,2.3843118423e-03,0.0488294157,3,100,0.6000,0.6653,solved,0
0.0091066002,0.0091066002,2.3881916646e-03,0.0488691279,3,100,0.6394,0.7092,solved,0
0.0091106431,0.0091106431,2.3920771999e-03,0.0489088663,3,100,0.6143,0.6815,solved,0
0.0091146854,0.0091146854,2.3959682538e-03,0.0489486287,3,100,0.6020,0.6758,solved,0
0.0091187282,0.0091187282,2.3998658849e-03,0.0489884260,3,100,0.6126,0.6887,solved,0
0.0091227713,0.0091227713,2.4037699022e-03,0.0490282562,3,100,0.5853,0.6564,solved,0
0.0091268136,0.0091268136,2.4076792423e-03,0.0490681082,3,100,0.6046,0.6820,solved,0
0.0091308566,0.0091308566,2.4115953558e-03,0.0491079969,3,100,0.5913,0.6714,solved,0
0.0091348995,0.0091348995,2.4155174690e-03,0.0491479142,3,100,0.5858,0.6594,solved,0
0.0091389418,0.0091389418,2.4194450954e-03,0.0491878552,3,100,0.5889,0.6658,solved,0
0.0091429848,0.0091429848,2.4233794983e-03,0.0492278326,3,100,0.5863,0.6571,solved,0
0.0091470276,0.0091470276,2.4273198029e-03,0.0492678374,3,100,0.6129,0.7292,solved,0
0.0091510702,0.0091510702,2.4312660085e-03,0.0493078696,3,100,0.6564,0.8153,solved,0
0.0091551130,0.0091551130,2.4352185054e-03,0.0493479331,3,100,0.6068,0.7163,solved,0
0.0091591560,0.0091591560,2.4391772945e-03,0.0493880278,3,100,0.6170,0.7023,solved,0
0.0091631982,0.0091631982,2.4431413954e-03,0.0494281438,3,100,0.5924,0.6741,solved,0
0.0091672412,0.0091672412,2.4471123771e-03,0.0494682967,3,100,0.6016,0.6868,solved,0
0.0091712832,0.0091712832,2.4510884712e-03,0.0495084687,3,100,0.5856,0.6770,solved,0
0.0091753266,0.0091753266,2.4550720395e-03,0.0495486835,3,100,0.5864,0.6527,solved,0
0.0091793694,0.0091793694,2.4590611134e-03,0.0495889213,3,100,0.5849,0.6492,solved,0
0.0091834114,0.0091834114,2.4630554924e-03,0.0496291798,3,100,0.5858,0.6529,solved,0
0.0091874546,0.0091874546,2.4670571538e-03,0.0496694791,3,100,0.5866,0.6997,solved,0
0.0091914976,0.0091914976,2.4710647143e-03,0.0497098050,3,100,0.6114,0.6968,solved,0
0.0091955398,0.0091955398,2.4750775768e-03,0.0497501515,3,100,0.5913,0.6616,solved,0
0.0091995830,0.0091995830,2.4790975289e-03,0.0497905365,3,100,0.5851,0.6615,solved,0
0.0092036258,0.0092036258,2.4831231798e-03,0.0498309460,3,100,0.6044,0.6707,solved,0
0.0092076678,0.0092076678,2.4871541285e-03,0.0498713758,3,100,0.8269,0.9470,solved,0
0.0092117111,0.0092117111,2.4911924705e-03,0.0499118470,3,100,0.8890,1.0072,solved,0
0.0092157542,0.0092157542,2.4952367101e-03,0.0499523444,3,100,0.8666,0.9635,solved,0
0.0092197964,0.0092197964,2.4992861446e-03,0.0499928609,3,100,0.8764,0.9726,solved,0
0.0092238394,0.0092238394,2.5033424767e-03,0.0500334136,3,100,0.8625,0.9618,solved,0
0.0092278822,0.0092278822,2.5074047046e-03,0.0500739923,3,100,0.8818,0.9863,solved,0
0.0092319245,0.0092319245,2.5114725253e-03,0.0501145939,3,100,0.8687,0.9692,solved,0
0.0092359676,0.0092359676,2.5155472475e-03,0.0501552315,3,100,0.8720,0.9691,solved,0
0.0092400106,0.0092400106,2.5196279660e-03,0.0501958959,3,100,0.8651,0.9616,solved,0
0.0092440527,0.0092440527,2.5237138708e-03,0.0502365790,3,100,0.9154,1.0415,solved,0
0.0092480957,0.0092480957,2.5278067816e-03,0.0502772989,3,100,0.8672,0.9682,solved,0
0.0092521376,0.0092521376,2.5319046733e-03,0.0503180353,3,100,0.8862,1.0492,solved,0
0.0092561809,0.0092561809,2.5360100810e-03,0.0503588133,3,100,0.8670,0.9689,solved,0
0.0092602238,0.0092602238,2.5401211795e-03,0.0503996149,3,100,0.8803,0.9762,solved,0
0.0092642660,0.0092642660,2.5442376611e-03,0.0504404368,3,100,0.8648,0.9629,solved,0
0.0092683093,0.0092683093,2.5483613599e-03,0.0504812971,3,100,0.7986,0.9263,solved,0
0.0092723521,0.0092723521,2.5524906454e-03,0.0505221797,3,100,0.5963,0.6874,solved,0
0.0092763941,0.0092763941,2.5566252082e-03,0.0505630815,3,100,0.5854,0.6521,solved,0
0.0092804375,0.0092804375,2.5607673002e-03,0.0506040245,3,100,0.5969,0.6637,solved,0
0.0092844805,0.0092844805,2.5649150795e-03,0.0506449907,3,100,0.5875,0.6642,solved,0
0.0092885223,0.0092885223,2.5690677219e-03,0.0506859716,3,100,0.5839,0.6478,solved,0
0.0092925657,0.0092925657,2.5732281050e-03,0.0507269958,3,100,0.5990,0.6682,solved,0
0.0092966085,0.0092966085,2.5773939676e-03,0.0507680408,3,100,0.5865,0.6522,solved,0
0.0093006509,0.0093006509,2.5815655133e-03,0.0508091086,3,100,0.5833,0.6515,solved,0
0.0093046939,0.0093046939,2.5857437745e-03,0.0508502092,3,100,0.5968,0.6612,solved,0
0.0093087369,0.0093087369,2.5899281327e-03,0.0508913365,3,100,0.5843,0.6483,solved,0
0.0093127791,0.0093127791,2.5941177579e-03,0.0509324823,3,100,0.5886,0.6528,solved,0
0.0093168221,0.0093168221,2.5983143086e-03,0.0509736629,3,100,0.6202,0.6860,solved,0
0.0093208649,0.0093208649,2.6025167481e-03,0.0510148679,3,100,0.5896,0.6654,solved,0
0.0093249073,0.0093249073,2.6067248672e-03,0.0510560953,3,100,0.5852,0.6489,solved,0
0.0093289503,0.0093289503,2.6109397073e-03,0.0510973552,3,100,0.5874,0.6573,solved,0
0.0093329923,0.0093329923,2.6151595995e-03,0.0511386312,3,100,0.5885,0.6568,solved,0
0.0093370356,0.0093370356,2.6193869457e-03,0.0511799467,3,100,0.6201,0.6908,solved,0
0.0093410785,0.0093410785,2.6236199706e-03,0.0512212844,3,100,0.5860,0.6541,solved,0
0.0093451207,0.0093451207,2.6278583576e-03,0.0512626410,3,100,0.5881,0.6531,solved,0
0.0093491639,0.0093491639,2.6321038898e-03,0.0513040339,3,100,0.6017,0.6667,solved,0
0.0093532069,0.0093532069,2.6363553090e-03,0.0513454507,3,100,0.5845,0.6502,solved,0
0.0093572487,0.0093572487,2.6406115605e-03,0.0513868812,3,100,0.5869,0.6512,solved,0
0.0093612920,0.0093612920,2.6448754882e-03,0.0514283530,3,100,0.6005,0.6703,solved,0
0.0093653349,0.0093653349,2.6491450910e-03,0.0514698464,3,100,0.5861,0.6593,solved,0
0.0093693768,0.0093693768,2.6534197320e-03,0.0515113554,3,100,0.5827,0.6513,solved,0
0.0093734203,0.0093734203,2.6577021624e-03,0.0515529064,3,100,0.6143,0.7067,solved,0
0.0093774632,0.0093774632,2.6619900543e-03,0.0515944770,3,100,0.6167,0.7210,solved,0
0.0093815056,0.0093815056,2.6662835113e-03,0.0516360679,3,100,0.5921,0.6908,solved,0
0.0093855484,0.0093855484,2.6705834891e-03,0.0516776885,3,100,0.7265,0.8660,solved,0
0.0093895913,0.0093895913,2.6748896698e-03,0.0517193356,3,100,0.6053,0.7161,solved,0
0.0093936338,0.0093936338,2.6792015201e-03,0.0517610039,3,100,0.6128,0.6915,solved,0
0.0093976768,0.0093976768,2.6835200003e-03,0.0518027026,3,100,0.5950,0.6750,solved,0
0.0094017196,0.0094017196,2.6878443632e-03,0.0518444246,3,100,0.5906,0.6628,solved,0
0.0094057620,0.0094057620,2.6921743936e-03,0.0518861677,3,100,0.6128,0.6991,solved,0
0.0094098048,0.0094098048,2.6965109485e-03,0.0519279400,3,100,0.5907,0.6682,solved,0
0.0094138468,0.0094138468,2.7008527396e-03,0.0519697291,3,100,0.5890,0.6658,solved,0
0.0094178902,0.0094178902,2.7052021317e-03,0.0520115577,3,100,0.6146,0.6949,solved,0
0.0094219332,0.0094219332,2.7095571906e-03,0.0520534071,3,100,0.6475,0.7332,solved,0
0.0094259750,0.0094259750,2.7139170511e-03,0.0520952690,3,100,0.5908,0.6708,solved,0
0.0094300184,0.0094300184,2.7182847343e-03,0.0521371723,3,100,0.6107,0.6868,solved,0
0.0094340612,0.0094340612,2.7226578662e-03,0.0521790941,3,100,0.5981,0.6741,solved,0
0.0094381034,0.0094381034,2.7270364439e-03,0.0522210345,3,100,0.6041,0.6862,solved,0
0.0094421466,0.0094421466,2.7314222016e-03,0.0522630099,3,100,0.6027,0.6886,solved,0
0.0094461896,0.0094461896,2.7358138394e-03,0.0523050078,3,100,0.5980,0.6792,solved,0
0.0094502316,0.0094502316,2.7402104855e-03,0.0523470198,3,100,0.6095,0.6902,solved,0
0.0094542748,0.0094542748,2.7446145335e-03,0.0523890688,3,100,0.5929,0.6647,solved,0
0.0094583177,0.0094583177,2.7490243515e-03,0.0524311391,3,100,0.5898,0.6711,solved,0
0.0094623598,0.0094623598,2.7534393917e-03,0.0524732255,3,100,0.6074,0.6970,solved,0
0.0094664031,0.0094664031,2.7578618394e-03,0.0525153486,3,100,0.5892,0.6672,solved,0
0.0094704460,0.0094704460,2.7622899465e-03,0.0525574918,3,100,0.5851,0.6568,solved,0
0.0094744883,0.0094744883,2.7667234917e-03,0.0525996530,3,100,0.6131,0.6873,solved,0
0.0094785311,0.0094785311,2.7711636811e-03,0.0526418434,3,100,0.5990,0.6706,solved,0
0.0094825741,0.0094825741,2.7756101870e-03,0.0526840601,3,100,0.5980,0.6695,solved,0
0.0094866166,0.0094866166,2.7800622386e-03,0.0527262955,3,100,0.6052,0.6789,solved,0
0.0094906595,0.0094906595,2.7845208271e-03,0.0527685591,3,100,0.5906,0.6678,solved,0
0.0094947015,0.0094947015,2.7889845175e-03,0.0528108371,3,100,0.6070,0.6981,solved,0
0.0094987447,0.0094987447,2.7934556298e-03,0.0528531516,3,100,0.6043,0.6827,solved,0
0.0095027875,0.0095027875,2.7979323962e-03,0.0528954856,3,100,0.5961,0.6680,solved,0
0.0095068297,0.0095068297,2.8024145932e-03,0.0529378371,3,100,0.6572,0.7481,solved,0
0.0095108731,0.0095108731,2.8069042179e-03,0.0529802248,3,100,0.5953,0.6908,solved,0
0.0095149159,0.0095149159,2.8113992732e-03,0.0530226298,3,100,0.5882,0.6685,solved,0
0.0095189579,0.0095189579,2.8158995334e-03,0.0530650500,3,100,0.6131,0.6964,solved,0
0.0095230011,0.0095230011,2.8204072262e-03,0.0531075063,3,100,0.5870,0.6669,solved,0
0.0095270441,0.0095270441,2.8249207931e-03,0.0531499839,3,100,0.5904,0.6725,solved,0
0.0095310861,0.0095310861,2.8294393382e-03,0.0531924745,3,100,0.6165,0.6938,solved,0
0.0095351295,0.0095351295,2.8339655454e-03,0.0532350030,3,100,0.5924,0.6674,solved,0
0.0095391723,0.0095391723,2.8384971777e-03,0.0532775485,3,100,0.5871,0.6651,solved,0
0.0095432143,0.0095432143,2.8430340077e-03,0.0533201088,3,100,0.6055,0.6860,solved,0
0.0095472575,0.0095472575,2.8475782811e-03,0.0533627050,3,100,0.5855,0.6572,solved,0
0.0095513004,0.0095513004,2.8521283142e-03,0.0534053210,3,100,0.6079,0.6914,solved,0
0.0095553429,0.0095553429,2.8566839928e-03,0.0534479559,3,100,0.6122,0.6989,solved,0
0.0095593859,0.0095593859,2.8612463313e-03,0.0534906191,3,100,0.5956,0.6688,solved,0
0.0095634287,0.0095634287,2.8658145406e-03,0.0535333031,3,100,0.5867,0.6661,solved,0
0.0095674710,0.0095674710,2.8703882800e-03,0.0535760047,3,100,0.5837,0.6513,solved,0
0.0095715140,0.0095715140,2.8749689078e-03,0.0536187365,3,100,0.5848,0.6512,solved,0
0.0095755571,0.0095755571,2.8795557460e-03,0.0536614922,3,100,0.5840,0.6683,solved,0
0.0095795994,0.0095795994,2.8841477720e-03,0.0537042621,3,100,0.5871,0.6591,solved,0
0.0095836423,0.0095836423,2.8887465756e-03,0.0537470611,3,100,0.5878,0.6606,solved,0
0.0095876842,0.0095876842,2.8933503361e-03,0.0537898721,3,100,0.6017,0.6749,solved,0
0.0095917274,0.0095917274,2.8979616738e-03,0.0538327194,3,100,0.6699,0.7518,solved,0
0.0095957706,0.0095957706,2.9025791090e-03,0.0538755892,3,100,0.5926,0.6688,solved,0
0.0095998126,0.0095998126,2.9072012685e-03,0.0539184687,3,100,0.6224,0.7089,solved,0
0.0096038557,0.0096038557,2.9118307822e-03,0.0539613823,3,100,0.6132,0.7118,solved,0
0.0096078987,0.0096078987,2.9164662784e-03,0.0540043172,3,100,0.6699,0.7977,solved,0
0.0096119407,0.0096119407,2.9211067226e-03,0.0540472638,3,100,0.6125,0.7459,solved,0
0.0096159837,0.0096159837,2.9257544110e-03,0.0540902432,3,100,0.5891,0.6636,solved,0
0.0096200268,0.0096200268,2.9304083115e-03,0.0541332459,3,100,0.6122,0.6821,solved,0
0.0096240692,0.0096240692,2.9350675018e-03,0.0541762633,3,100,0.6184,0.7031,solved,0
0.0096281121,0.0096281121,2.9397333645e-03,0.0542193080,3,100,0.5983,0.6926,solved,0
0.0096321551,0.0096321551,2.9444054395e-03,0.0542623759,3,100,0.6075,0.6808,solved,0
0.0096361972,0.0096361972,2.9490825693e-03,0.0543054562,3,100,0.5873,0.6567,solved,0
0.0096402405,0.0096402405,2.9537671845e-03,0.0543485711,3,100,0.5930,0.6606,solved,0
0.0096442835,0.0096442835,2.9584575492e-03,0.0543917048,3,100,0.6168,0.6989,solved,0
0.0096483256,0.0096483256,2.9631529646e-03,0.0544348506,3,100,0.5967,0.6713,solved,0
0.0096523685,0.0096523685,2.9678554053e-03,0.0544780268,3,100,0.5983,0.6675,solved,0
0.0096564116,0.0096564116,2.9725641756e-03,0.0545212268,3,100,0.6058,0.6776,solved,0
0.0096604536,0.0096604536,2.9772777596e-03,0.0545644368,3,100,0.5922,0.6710,solved,0
0.0096644968,0.0096644968,2.9819988394e-03,0.0546076811,3,100,0.6037,0.6816,solved,0
0.0096685389,0.0096685389,2.9867247298e-03,0.0546509353,3,100,0.6269,0.7054,solved,0
0.0096725819,0.0096725819,2.9914577687e-03,0.0546942206,3,100,0.6458,0.7291,solved,0
0.0096766250,0.0096766250,2.9961970218e-03,0.0547375285,3,100,0.6060,0.6877,solved,0
0.0096806670,0.0096806670,3.0009410801e-03,0.0547808459,3,100,0.5978,0.6697,solved,0
0.0096847100,0.0096847100,3.0056924082e-03,0.0548241955,3,100,0.5875,0.6560,solved,0
0.0096887533,0.0096887533,3.0104501864e-03,0.0548675695,3,100,0.6304,0.7210,solved,0
0.0096927953,0.0096927953,3.0152125298e-03,0.0549109509,3,100,0.6002,0.6943,solved,0
0.0096968385,0.0096968385,3.0199823836e-03,0.0549543664,3,100,0.6018,0.6925,solved,0
0.0097008814,0.0097008814,3.0247579802e-03,0.0549977998,3,100,0.6213,0.7048,solved,0
0.0097049237,0.0097049237,3.0295389634e-03,0.0550412478,3,100,0.6224,0.7153,solved,0
0.0097089667,0.0097089667,3.0343268708e-03,0.0550847245,3,100,0.5995,0.6812,solved,0
0.0097130098,0.0097130098,3.0391209937e-03,0.0551282232,3,100,0.6177,0.6989,solved,0
0.0097170518,0.0097170518,3.0439199070e-03,0.0551717310,3,100,0.5985,0.6883,solved,0
0.0097210948,0.0097210948,3.0487261036e-03,0.0552152706,3,100,0.6345,0.7320,solved,0
0.0097251378,0.0097251378,3.0535383971e-03,0.0552588309,3,100,0.6026,0.7012,solved,0
0.0097291799,0.0097291799,3.0583557143e-03,0.0553024024,3,100,0.5949,0.6782,solved,0
0.0097332232,0.0097332232,3.0631805584e-03,0.0553460076,3,100,0.6354,0.7402,solved,0
0.0097372662,0.0097372662,3.0680111416e-03,0.0553896303,3,100,0.6015,0.7052,solved,0
0.0097413082,0.0097413082,3.0728466246e-03,0.0554332628,3,100,0.6274,0.7554,solved,0
0.0097453513,0.0097453513,3.0776895200e-03,0.0554769278,3,100,0.6128,0.7787,solved,0
0.0097493933,0.0097493933,3.0825371924e-03,0.0555206015,3,100,0.6114,0.7290,solved,0
0.0097534366,0.0097534366,3.0873925207e-03,0.0555643098,3,100,0.6743,0.7818,solved,0
0.0097574795,0.0097574795,3.0922534656e-03,0.0556080342,3,100,0.6051,0.7015,solved,0
0.0097615217,0.0097615217,3.0971196638e-03,0.0556517714,3,100,0.5998,0.6862,solved,0
0.0097655647,0.0097655647,3.1019929214e-03,0.0556955377,3,100,0.6264,0.7243,solved,0
0.0097696077,0.0097696077,3.1068722758e-03,0.0557393243,3,100,0.5912,0.7166,solved,0
0.0097736498,0.0097736498,3.1117566389e-03,0.0557831215,3,100,0.6827,0.9060,solved,0
0.0097776930,0.0097776930,3.1166484278e-03,0.0558269507,3,100,0.9152,1.1685,solved,0
0.0097817361,0.0097817361,3.1215461930e-03,0.0558707991,3,100,0.8610,1.0970,solved,0
0.0097857781,0.0097857781,3.1264487204e-03,0.0559146557,3,100,0.6328,0.8023,solved,0
0.0097898211,0.0097898211,3.1313585568e-03,0.0559585432,3,100,0.6044,0.7025,solved,0
0.0097938641,0.0097938641,3.1362744900e-03,0.0560024508,3,100,0.6352,0.7397,solved,0
0.0097979065,0.0097979065,3.1411957892e-03,0.0560463718,3,100,0.6032,0.6990,solved,0
0.0098019495,0.0098019495,3.1461239153e-03,0.0560903193,3,100,0.6095,0.7119,solved,0
0.0098059925,0.0098059925,3.1510581383e-03,0.0561342867,3,100,0.6156,0.7130,solved,0
0.0098100346,0.0098100346,3.1559973577e-03,0.0561782641,3,100,0.6179,0.7430,solved,0
0.0098140776,0.0098140776,3.1609437730e-03,0.0562222711,3,100,0.6362,0.7517,solved,0
0.0098181206,0.0098181206,3.1658962852e-03,0.0562662980,3,100,0.6141,0.7305,solved,0
0.0098221629,0.0098221629,3.1708540353e-03,0.0563103368,3,100,0.6440,0.7683,solved,0
0.0098262060,0.0098262060,3.1758188630e-03,0.0563544041,3,100,0.6015,0.6895,solved,0
0.0098302480,0.0098302480,3.1807884347e-03,0.0563984790,3,100,0.5877,0.6534,solved,0
0.0098342910,0.0098342910,3.1857653320e-03,0.0564425844,3,100,0.6194,0.6929,solved,0
0.0098383340,0.0098383340,3.1907483262e-03,0.0564867093,3,100,0.5959,0.6699,solved,0
0.0098423764,0.0098423764,3.1957366764e-03,0.0565308471,3,100,0.5957,0.6674,solved,0
0.0098464194,0.0098464194,3.2007318633e-03,0.0565750109,3,100,0.6180,0.6951,solved,0
0.0098504624,0.0098504624,3.2057331472e-03,0.0566191942,3,100,0.6518,0.7838,solved,0
0.0098545044,0.0098545044,3.2107392887e-03,0.0566633858,3,100,0.6085,0.7332,solved,0
0.0098585475,0.0098585475,3.2157528889e-03,0.0567076087,3,100,0.6033,0.7104,solved,0
0.0098625904,0.0098625904,3.2207723377e-03,0.0567518488,3,100,0.7671,0.9452,solved,0
0.0098666328,0.0098666328,3.2257972613e-03,0.0567961025,3,100,0.6226,0.7643,solved,0
0.0098706758,0.0098706758,3.2308290271e-03,0.0568403820,3,100,0.6304,0.7353,solved,0
0.0098747189,0.0098747189,3.2358670145e-03,0.0568846817,3,100,0.6066,0.6916,solved,0
0.0098787609,0.0098787609,3.2409097259e-03,0.0569289884,3,100,0.6105,0.6927,solved,0
0.0098828039,0.0098828039,3.2459597809e-03,0.0569733252,3,100,0.6027,0.6815,solved,0
0.0098868470,0.0098868470,3.2510160580e-03,0.0570176820,3,100,0.5953,0.6873,solved,0
0.0098908892,0.0098908892,3.2560773047e-03,0.0570620478,3,100,0.6732,0.8008,solved,0
0.0098949323,0.0098949323,3.2611457747e-03,0.0571064425,3,100,0.6160,0.7450,solved,0
0.0098989753,0.0098989753,3.2662202164e-03,0.0571508549,3,100,0.6113,0.7129,solved,0
0.0099030173,0.0099030173,3.2712994975e-03,0.0571952751,3,100,0.6223,0.7442,solved,0
0.0099070603,0.0099070603,3.2763861314e-03,0.0572397251,3,100,0.5940,0.6823,solved,0
0.0099111027,0.0099111027,3.2814781059e-03,0.0572841872,3,100,0.6099,0.6920,solved,0
0.0099151457,0.0099151457,3.2865769326e-03,0.0573286746,3,100,0.6836,0.8210,solved,0
0.0099191887,0.0099191887,3.2916818562e-03,0.0573731806,3,100,0.6555,0.8115,solved,0
0.0099232308,0.0099232308,3.2967917383e-03,0.0574176953,3,100,0.8284,1.0235,solved,0
0.0099272738,0.0099272738,3.3019088543e-03,0.0574622385,3,100,0.6371,0.8115,solved,0
0.0099313168,0.0099313168,3.3070320671e-03,0.0575068002,3,100,0.6392,0.8593,solved,0
0.0099353591,0.0099353591,3.3121604882e-03,0.0575513726,3,100,0.6419,0.7788,solved,0
0.0099394022,0.0099394022,3.3172960208e-03,0.0575959723,3,100,0.6301,0.7345,solved,0
0.0099434452,0.0099434452,3.3224375234e-03,0.0576405892,3,100,0.5998,0.6785,solved,0
0.0099474872,0.0099474872,3.3275838489e-03,0.0576852134,3,100,0.5898,0.6599,solved,0
0.0099515302,0.0099515302,3.3327375437e-03,0.0577298670,3,100,0.6167,0.6889,solved,0
0.0099555735,0.0099555735,3.3378977184e-03,0.0577745421,3,100,0.5928,0.6664,solved,0
0.0099596155,0.0099596155,3.3430623289e-03,0.0578192211,3,100,0.5963,0.6699,solved,0
0.0099636586,0.0099636586,3.3482344413e-03,0.0578639304,3,100,0.5920,0.6961,solved,0
0.0099677016,0.0099677016,3.3534125226e-03,0.0579086567,3,100,0.5974,0.6773,solved,0
0.0099717436,0.0099717436,3.3585954179e-03,0.0579533900,3,100,0.8178,0.9903,solved,0
0.0099757866,0.0099757866,3.3637856915e-03,0.0579981525,3,100,0.6484,0.7978,solved,0
0.0099798297,0.0099798297,3.3689821906e-03,0.0580429340,3,100,0.6185,0.7373,solved,0
0.0099838720,0.0099838720,3.3741837568e-03,0.0580877247,3,100,0.5977,0.6868,solved,0
0.0099879150,0.0099879150,3.3793923201e-03,0.0581325410,3,100,0.5924,0.6753,solved,0
0.0099919580,0.0099919580,3.3846069803e-03,0.0581773752,3,100,0.6089,0.6838,solved,0
0.0099960001,0.0099960001,3.3898265745e-03,0.0582222172,3,100,0.5941,0.6677,solved,0
0.0100000434,0.0100000434,3.3950538151e-03,0.0582670903,3,100,0.5921,0.6634,solved,0
0.0100040854,0.0100040854,3.4002854699e-03,0.0583119668,3,100,0.6096,0.6818,solved,0
0.0100081285,0.0100081285,3.4055246449e-03,0.0583568732,3,100,0.5905,0.6632,solved,0
0.0100121714,0.0100121714,3.4107696573e-03,0.0584017950,3,100,0.6029,0.7290,solved,0
0.0100162135,0.0100162135,3.4160197267e-03,0.0584467255,3,100,0.6588,0.8404,solved,0
0.0100202565,0.0100202565,3.4212770612e-03,0.0584916837,3,100,0.6460,0.8001,solved,0
0.0100242996,0.0100242996,3.4265406229e-03,0.0585366605,3,100,0.6467,0.7600,solved,0
0.0100283418,0.0100283418,3.4318091080e-03,0.0585816448,3,100,0.6055,0.6980,solved,0
0.0100323849,0.0100323849,3.4370848626e-03,0.0586266566,3,100,0.5921,0.6656,solved,0
0.0100364279,0.0100364279,3.4423665837e-03,0.0586716847,3,100,0.6113,0.6830,solved,0
0.0100404700,0.0100404700,3.4476532239e-03,0.0587167201,3,100,0.5939,0.6675,solved,0
0.0100445129,0.0100445129,3.4529470064e-03,0.0587617819,3,100,0.5991,0.6725,solved,0
0.0100485563,0.0100485563,3.4582475412e-03,0.0588068664,3,100,0.6095,0.6833,solved,0
0.0100525983,0.0100525983,3.4635523357e-03,0.0588519527,3,100,0.5967,0.6690,solved,0
0.0100566413,0.0100566413,3.4688645388e-03,0.0588970673,3,100,0.7011,0.8203,solved,0
0.0100606843,0.0100606843,3.4741828387e-03,0.0589421991,3,100,0.6088,0.7256,solved,0
0.0100647264,0.0100647264,3.4795060496e-03,0.0589873380,3,100,0.5985,0.6847,solved,0
0.0100687689,0.0100687689,3.4848381197e-03,0.0590325175,2,75,0.5555,0.6442,solved,0
0.0100728110,0.0100728110,3.4901819205e-03,0.0590777616,2,50,0.3603,0.4414,solved,0
0.0100768524,0.0100768524,3.4955371233e-03,0.0591230676,2,50,0.3561,0.4240,solved,0
0.0100808942,0.0100808942,3.5009051842e-03,0.0591684475,2,50,0.3559,0.4255,solved,0
0.0100849355,0.0100849355,3.5062849076e-03,0.0592138912,2,50,0.3813,0.4509,solved,0
0.0100889776,0.0100889776,3.5116780252e-03,0.0592594130,2,50,0.3574,0.4413,solved,0
0.0100930198,0.0100930198,3.5170836074e-03,0.0593050049,2,50,0.3551,0.4274,solved,0
0.0100970608,0.0100970608,3.5224999105e-03,0.0593506521,2,50,0.3533,0.4220,solved,0
0.0101011030,0.0101011030,3.5279301514e-03,0.0593963816,2,50,0.3546,0.4405,solved,0
0.0101051450,0.0101051450,3.5333724539e-03,0.0594421774,2,50,0.3551,0.4209,solved,0
0.0101091864,0.0101091864,3.5388262757e-03,0.0594880347,2,50,0.3553,0.4187,solved,0
0.0101132285,0.0101132285,3.5442933718e-03,0.0595339682,2,50,0.3499,0.4129,solved,0
0.0101172706,0.0101172706,3.5497727984e-03,0.0595799698,2,50,0.3761,0.4472,solved,0
0.0101213116,0.0101213116,3.5552630594e-03,0.0596260267,2,50,0.3723,0.4461,solved,0
0.0101253538,0.0101253538,3.5607672802e-03,0.0596721650,2,50,0.5623,0.7095,solved,0
0.0101293959,0.0101293959,3.5662836956e-03,0.0597183698,2,50,0.3835,0.4948,solved,0
0.0101334372,0.0101334372,3.5718113461e-03,0.0597646329,2,50,0.3727,0.4471,solved,0
0.0101374794,0.0101374794,3.5773525574e-03,0.0598109736,2,50,0.3846,0.4557,solved,0
0.0101415211,0.0101415211,3.5829054123e-03,0.0598573756,2,50,0.3602,0.4297,solved,0
0.0101455625,0.0101455625,3.5884701817e-03,0.0599038411,2,50,0.3599,0.4356,solved,0
0.0101496046,0.0101496046,3.5940482446e-03,0.0599503815,2,50,0.3590,0.4252,solved,0
0.0101536467,0.0101536467,3.5996386380e-03,0.0599969886,2,50,0.3737,0.4415,solved,0
0.0101576877,0.0101576877,3.6052398356e-03,0.0600436494,2,50,0.3574,0.4240,solved,0
0.0101617299,0.0101617299,3.6108550260e-03,0.0600903905,2,50,0.3585,0.4248,solved,0
0.0101657713,0.0101657713,3.6164814325e-03,0.0601371884,2,50,0.3646,0.4389,solved,0
0.0101698134,0.0101698134,3.6221211431e-03,0.0601840605,2,50,0.3787,0.4525,solved,0
0.0101738554,0.0101738554,3.6277730444e-03,0.0602309974,2,50,0.3630,0.4375,solved,0
0.0101778965,0.0101778965,3.6334360130e-03,0.0602779895,2,50,0.3765,0.4501,solved,0
0.0101819386,0.0101819386,3.6391127120e-03,0.0603250587,2,50,0.3567,0.4270,solved,0
0.0101859808,0.0101859808,3.6448018826e-03,0.0603721946,2,50,0.3553,0.4221,solved,0
0.0101900218,0.0101900218,3.6505016899e-03,0.0604193817,2,50,0.3715,0.4389,solved,0
0.0101940639,0.0101940639,3.6562153777e-03,0.0604666468,2,50,0.3551,0.4221,solved,0
0.0101981060,0.0101981060,3.6619413960e-03,0.0605139769,2,50,0.3519,0.4176,solved,0
0.0102021474,0.0102021474,3.6676787502e-03,0.0605613635,2,50,0.3552,0.4206,solved,0
0.0102061895,0.0102061895,3.6734294276e-03,0.0606088230,2,50,0.3744,0.4398,solved,0
0.0102102316,0.0102102316,3.6791924356e-03,0.0606563470,2,50,0.3550,0.4202,solved,0
0.0102142726,0.0102142726,3.6849662008e-03,0.0607039225,2,50,0.3554,0.4195,solved,0
0.0102183147,0.0102183147,3.6907538667e-03,0.0607515750,2,50,0.3557,0.4221,solved,0
0.0102223569,0.0102223569,3.6965540067e-03,0.0607992928,2,50,0.3520,0.4156,solved,0
0.0102263982,0.0102263982,3.7023651825e-03,0.0608470639,2,50,0.3656,0.4303,solved,0
0.0102304404,0.0102304404,3.7081899822e-03,0.0608949093,2,50,0.3561,0.4274,solved,0
0.0102344825,0.0102344825,3.7140269686e-03,0.0609428172,2,50,0.3557,0.4206,solved,0
0.0102385235,0.0102385235,3.7198746921e-03,0.0609907755,2,50,0.3517,0.4161,solved,0
0.0102425656,0.0102425656,3.7257363363e-03,0.0610388101,2,50,0.3714,0.4378,solved,0
0.0102466070,0.0102466070,3.7316092928e-03,0.0610868995,2,50,0.3561,0.4215,solved,0
0.0102506488,0.0102506488,3.7374951587e-03,0.0611350567,2,50,0.3573,0.4273,solved,0
0.0102546909,0.0102546909,3.7433937917e-03,0.0611832803,2,50,0.3889,0.4977,solved,0
0.0102587322,0.0102587322,3.7493035841e-03,0.0612315571,2,50,0.4661,0.6184,solved,0
0.0102627744,0.0102627744,3.7552270225e-03,0.0612799072,2,50,0.3696,0.4804,solved,0
0.0102668165,0.0102668165,3.7611626451e-03,0.0613283185,2,50,0.3658,0.4503,solved,0
0.0102708575,0.0102708575,3.7671089779e-03,0.0613767788,2,50,0.3580,0.4361,solved,0
0.0102748996,0.0102748996,3.7730692584e-03,0.0614253145,2,50,0.3734,0.4430,solved,0
0.0102789417,0.0102789417,3.7790418694e-03,0.0614739121,2,50,0.3584,0.4279,solved,0
0.0102829831,0.0102829831,3.7850257734e-03,0.0615225631,2,50,0.3587,0.4279,solved,0
0.0102870253,0.0102870253,3.7910231920e-03,0.0615712855,2,50,0.3573,0.4273,solved,0
0.0102910670,0.0102910670,3.7970321977e-03,0.0616200633,2,50,0.3747,0.4508,solved,0
0.0102951084,0.0102951084,3.8030530841e-03,0.0616688988,2,50,0.3590,0.4318,solved,0
0.0102991505,0.0102991505,3.8090873429e-03,0.0617178041,2,50,0.3581,0.4261,solved,0
0.0103031926,0.0103031926,3.8151339323e-03,0.0617667705,2,50,0.3585,0.4268,solved,0
0.0103072336,0.0103072336,3.8211912017e-03,0.0618157844,2,50,0.3787,0.4511,solved,0
0.0103112758,0.0103112758,3.8272625993e-03,0.0618648737,2,50,0.3571,0.4389,solved,0
0.0103153179,0.0103153179,3.8333461774e-03,0.0619140225,2,50,0.3567,0.4327,solved,0
0.0103193593,0.0103193593,3.8394410294e-03,0.0619632232,2,50,0.4073,0.4966,solved,0
0.0103234014,0.0103234014,3.8455492665e-03,0.0620124928,2,50,0.3726,0.4782,solved,0
0.0103274424,0.0103274424,3.8516681670e-03,0.0620618092,2,50,0.3634,0.4635,solved,0
0.0103314845,0.0103314845,3.8578010620e-03,0.0621111992,2,50,0.3569,0.4263,solved,0
0.0103355266,0.0103355266,3.8639462876e-03,0.0621606490,2,50,0.3811,0.4683,solved,0
0.0103395679,0.0103395679,3.8701026238e-03,0.0622101489,2,50,0.3574,0.4345,solved,0
0.0103436101,0.0103436101,3.8762726610e-03,0.0622597194,2,50,0.3825,0.4632,solved,0
0.0103476519,0.0103476519,3.8824544169e-03,0.0623093445,2,50,0.3567,0.4321,solved,0
0.0103516933,0.0103516933,3.8886478880e-03,0.0623590241,2,50,0.3525,0.4191,solved,0
0.0103557354,0.0103557354,3.8948547614e-03,0.0624087715,2,50,0.3539,0.4182,solved,0
0.0103597775,0.0103597775,3.9010739653e-03,0.0624585780,2,50,0.3653,0.4321,solved,0
0.0103638185,0.0103638185,3.9073038024e-03,0.0625084299,2,50,0.3600,0.4256,solved,0
0.0103678607,0.0103678607,3.9135478188e-03,0.0625583553,2,50,0.3555,0.4211,solved,0
0.0103719028,0.0103719028,3.9198040115e-03,0.0626083382,2,50,0.3565,0.4200,solved,0
0.0103759441,0.0103759441,3.9260712929e-03,0.0626583697,2,50,0.3520,0.4159,solved,0
0.0103799862,0.0103799862,3.9323521443e-03,0.0627084695,2,50,0.3672,0.4326,solved,0
0.0103840284,0.0103840284,3.9386454822e-03,0.0627586287,2,50,0.3538,0.4191,solved,0
0.0103880694,0.0103880694,3.9449492775e-03,0.0628088312,2,50,0.3633,0.4324,solved,0
0.0103921115,0.0103921115,3.9512671177e-03,0.0628591053,2,50,0.3715,0.4487,solved,0
0.0103961536,0.0103961536,3.9575972884e-03,0.0629094372,2,50,0.3831,0.4592,solved,0
0.0104001947,0.0104001947,3.9639382192e-03,0.0629598143,2,50,0.3593,0.4326,solved,0
0.0104042368,0.0104042368,3.9702930481e-03,0.0630102615,2,50,0.3557,0.4317,solved,0
0.0104082781,0.0104082781,3.9766589462e-03,0.0630607560,2,50,0.3589,0.4234,solved,0
0.0104123203,0.0104123203,3.9830385918e-03,0.0631113190,2,50,0.3696,0.4361,solved,0
0.0104163624,0.0104163624,3.9894304103e-03,0.0631619380,2,50,0.3884,0.4625,solved,0
0.0104204034,0.0104204034,3.9958328150e-03,0.0632126001,2,50,0.3626,0.4513,solved,0
0.0104244455,0.0104244455,4.0022492913e-03,0.0632633329,2,50,0.3645,0.4518,solved,0
0.0104284876,0.0104284876,4.0086780983e-03,0.0633141224,2,50,0.3641,0.4726,solved,0
0.0104325290,0.0104325290,4.0151181193e-03,0.0633649597,2,50,0.3685,0.4714,solved,0
0.0104365711,0.0104365711,4.0215715854e-03,0.0634158623,2,50,0.4145,0.5333,solved,0
0.0104406132,0.0104406132,4.0280373820e-03,0.0634668211,2,50,0.3721,0.4717,solved,0
0.0104446542,0.0104446542,4.0345137446e-03,0.0635178223,2,50,0.3819,0.4641,solved,0
0.0104486964,0.0104486964,4.0410043597e-03,0.0635688946,2,50,0.3599,0.4298,solved,0
0.0104527385,0.0104527385,4.0475071451e-03,0.0636200216,2,50,0.3518,0.4165,solved,0
0.0104567795,0.0104567795,4.0540204863e-03,0.0636711904,2,50,0.4316,0.5509,solved,0
0.0104608216,0.0104608216,4.0605479295e-03,0.0637224288,2,50,0.4104,0.5173,solved,0
0.0104648637,0.0104648637,4.0670877032e-03,0.0637737227,2,50,0.3671,0.4566,solved,0
0.0104689051,0.0104689051,4.0736386719e-03,0.0638250630,2,50,0.3666,0.4478,solved,0
0.0104729473,0.0104729473,4.0802032672e-03,0.0638764688,2,50,0.3603,0.4284,solved,0
0.0104769893,0.0104769893,4.0867798681e-03,0.0639279271,2,50,0.3736,0.4451,solved,0
0.0104810304,0.0104810304,4.0933673304e-03,0.0639794290,2,50,0.3551,0.4229,solved,0
0.0104850725,0.0104850725,4.0999687520e-03,0.0640309984,2,50,0.3532,0.4182,solved,0
0.0104891146,0.0104891146,4.1065825041e-03,0.0640826225,2,50,0.3556,0.4303,solved,0
0.0104931558,0.0104931558,4.1132071101e-03,0.0641342897,2,50,0.3518,0.4176,solved,0
0.0104971979,0.0104971979,4.1198455207e-03,0.0641860228,2,50,0.3652,0.4322,solved,0
0.0105012391,0.0105012391,4.1264947797e-03,0.0642377987,2,50,0.3527,0.4191,solved,0
0.0105052812,0.0105052812,4.1331578487e-03,0.0642896403,2,50,0.3583,0.4315,solved,0
0.0105093233,0.0105093233,4.1398332483e-03,0.0643415359,2,50,0.3585,0.4304,solved,0
0.0105133645,0.0105133645,4.1465194881e-03,0.0643934740,2,50,0.3735,0.4521,solved,0
0.0105174067,0.0105174067,4.1532197120e-03,0.0644454786,2,50,0.3561,0.4311,solved,0
0.0105214487,0.0105214487,4.1599319348e-03,0.0644975343,2,50,0.3660,0.4455,solved,0
0.0105254899,0.0105254899,4.1666551553e-03,0.0645496333,2,50,0.3618,0.4490,solved,0
0.0105295320,0.0105295320,4.1733922024e-03,0.0646017972,2,50,0.3823,0.4660,solved,0
0.0105335741,0.0105335741,4.1801415801e-03,0.0646540144,2,50,0.3587,0.4340,solved,0
0.0105376153,0.0105376153,4.1869017814e-03,0.0647062731,2,50,0.3596,0.4401,solved,0
0.0105416574,0.0105416574,4.1936758176e-03,0.0647585965,2,50,0.3616,0.4420,solved,0
0.0105456995,0.0105456995,4.2004621843e-03,0.0648109727,2,50,0.3524,0.4213,solved,0
0.0105497407,0.0105497407,4.2072593664e-03,0.0648633900,2,50,0.3530,0.4387,solved,0
0.0105537828,0.0105537828,4.2140703916e-03,0.0649158716,2,50,0.3661,0.4322,solved,0
0.0105578249,0.0105578249,4.2208937473e-03,0.0649684058,2,50,0.3514,0.4156,solved,0
0.0105618661,0.0105618661,4.2277279103e-03,0.0650209805,2,50,0.3695,0.4393,solved,0
0.0105659082,0.0105659082,4.2345759245e-03,0.0650736193,2,50,0.3679,0.4363,solved,0
0.0105699503,0.0105699503,4.2414362693e-03,0.0651263101,2,50,0.3535,0.4195,solved,0
0.0105739915,0.0105739915,4.2483074130e-03,0.0651790412,2,50,0.3529,0.4216,solved,0
0.0105780336,0.0105780336,4.2551924163e-03,0.0652318359,2,50,0.3517,0.4160,solved,0
0.0105820748,0.0105820748,4.2620882130e-03,0.0652846706,2,50,0.3758,0.4725,solved,0
0.0105861169,0.0105861169,4.2689978746e-03,0.0653375686,2,50,0.3617,0.4377,solved,0
0.0105901590,0.0105901590,4.2759198669e-03,0.0653905182,2,50,0.3810,0.4926,solved,0
0.0105942002,0.0105942002,4.2828526444e-03,0.0654435073,2,50,0.3752,0.4784,solved,0
0.0105982423,0.0105982423,4.2897992951e-03,0.0654965594,2,50,0.3777,0.4580,solved,0
0.0106022844,0.0106022844,4.2967582764e-03,0.0655496627,2,50,0.3720,0.4537,solved,0
0.0106063255,0.0106063255,4.3037278621e-03,0.0656028038,2,50,0.3616,0.4409,solved,0
0.0106103677,0.0106103677,4.3107116744e-03,0.0656560102,2,50,0.3581,0.4289,solved,0
0.0106144098,0.0106144098,4.3177076447e-03,0.0657092660,2,50,0.3522,0.4177,solved,0
0.0106184510,0.0106184510,4.3247143838e-03,0.0657625607,2,50,0.3705,0.4377,solved,0
0.0106224931,0.0106224931,4.3317350126e-03,0.0658159176,2,50,0.3526,0.4204,solved,0
0.0106265352,0.0106265352,4.3387679720e-03,0.0658693250,2,50,0.3531,0.4199,solved,0
0.0106305764,0.0106305764,4.3458116919e-03,0.0659227707,2,50,0.3558,0.4215,solved,0
0.0106346184,0.0106346184,4.3528691349e-03,0.0659762771,2,50,0.3728,0.4400,solved,0
0.0106386606,0.0106386606,4.3599392581e-03,0.0660298361,2,50,0.3565,0.4234,solved,0
0.0106427017,0.0106427017,4.3670197834e-03,0.0660834305,2,50,0.3521,0.4211,solved,0
0.0106467439,0.0106467439,4.3741145656e-03,0.0661370892,2,50,0.3530,0.4220,solved,0
0.0106507860,0.0106507860,4.3812215030e-03,0.0661907962,2,50,0.3999,0.5216,solved,0
0.0106548271,0.0106548271,4.3883390082e-03,0.0662445395,2,50,0.3628,0.4571,solved,0
0.0106588693,0.0106588693,4.3954707804e-03,0.0662983467,2,50,0.3718,0.4825,solved,0
0.0106629104,0.0106629104,4.4026129380e-03,0.0663521886,2,50,0.3697,0.4914,solved,0
0.0106669525,0.0106669525,4.4097691920e-03,0.0664060930,2,50,0.5381,0.8600,solved,0
0.0106709947,0.0106709947,4.4169379541e-03,0.0664600478,2,50,0.5507,0.7798,solved,0
0.0106750358,0.0106750358,4.4241170915e-03,0.0665140368,2,50,0.5104,0.7816,solved,0
0.0106790779,0.0106790779,4.4313103345e-03,0.0665680880,2,50,0.5148,0.7548,solved,0
0.0106831201,0.0106831201,4.4385160866e-03,0.0666221891,2,50,0.3988,0.5390,solved,0
0.0106871612,0.0106871612,4.4457322039e-03,0.0666763242,2,50,0.3714,0.4674,solved,0
0.0106912033,0.0106912033,4.4529624360e-03,0.0667305210,2,50,0.3617,0.4336,solved,0
0.0106952454,0.0106952454,4.4602049987e-03,0.0667847662,2,50,0.3568,0.4216,solved,0
0.0106992866,0.0106992866,4.4674582752e-03,0.0668390475,2,50,0.3529,0.4196,solved,0
0.0107033287,0.0107033287,4.4747254963e-03,0.0668933890,2,50,0.3560,0.4201,solved,0
0.0107073708,0.0107073708,4.4820050480e-03,0.0669477785,2,50,0.3538,0.4191,solved,0
0.0107114120,0.0107114120,4.4892953053e-03,0.0670022037,2,50,0.3653,0.4384,solved,0
0.0107154541,0.0107154541,4.4965995155e-03,0.0670566888,2,50,0.3720,0.4414,solved,0
0.0107194962,0.0107194962,4.5039160562e-03,0.0671112215,2,50,0.3577,0.4272,solved,0
0.0107235374,0.0107235374,4.5112432944e-03,0.0671657896,2,50,0.3592,0.4231,solved,0
0.0107275795,0.0107275795,4.5185844935e-03,0.0672204172,2,50,0.3535,0.4175,solved,0
0.0107316216,0.0107316216,4.5259380233e-03,0.0672750921,2,50,0.3756,0.4466,solved,0
0.0107356628,0.0107356628,4.5333022422e-03,0.0673298020,2,50,0.3609,0.4426,solved,0
0.0107397049,0.0107397049,4.5406804304e-03,0.0673845712,2,50,0.3586,0.4340,solved,0
0.0107437461,0.0107437461,4.5480693023e-03,0.0674393750,2,50,0.3769,0.4636,solved,0
0.0107477882,0.0107477882,4.5554721490e-03,0.0674942379,2,50,0.3586,0.4720,solved,0
0.0107518303,0.0107518303,4.5628873262e-03,0.0675491475,2,50,0.3588,0.4380,solved,0
0.0107558715,0.0107558715,4.5703131789e-03,0.0676040914,2,50,0.3625,0.4336,solved,0
0.0107599136,0.0107599136,4.5777530146e-03,0.0676590941,2,50,0.3567,0.4246,solved,0
0.0107639557,0.0107639557,4.5852051809e-03,0.0677141431,2,50,0.3558,0.4223,solved,0
0.0107679968,0.0107679968,4.5926678295e-03,0.0677692248,2,50,0.3792,0.4548,solved,0
0.0107720390,0.0107720390,4.6001448391e-03,0.0678243676,2,50,0.3574,0.4326,solved,0
0.0107760811,0.0107760811,4.6076339944e-03,0.0678795551,2,50,0.3536,0.4221,solved,0
0.0107801222,0.0107801222,4.6151336229e-03,0.0679347748,2,50,0.3568,0.4342,solved,0
0.0107841644,0.0107841644,4.6226476224e-03,0.0679900553,2,50,0.3831,0.4658,solved,0
0.0107882065,0.0107882065,4.6301737668e-03,0.0680453802,2,50,0.3606,0.4388,solved,0
0.0107922476,0.0107922476,4.6377103752e-03,0.0681007370,2,50,0.3583,0.4307,solved,0
0.0107962898,0.0107962898,4.6452613646e-03,0.0681561543,2,50,0.3624,0.4376,solved,0
0.0108003319,0.0108003319,4.6528244980e-03,0.0682116156,2,50,0.4266,0.5078,solved,0
0.0108043730,0.0108043730,4.6603980863e-03,0.0682671084,2,50,0.3581,0.4309,solved,0
0.0108084151,0.0108084151,4.6679858779e-03,0.0683226601,2,50,0.3551,0.4209,solved,0
0.0108124572,0.0108124572,4.6755860000e-03,0.0683782568,2,50,0.3510,0.4209,solved,0
0.0108164984,0.0108164984,4.6831967563e-03,0.0684338860,2,50,0.3553,0.4224,solved,0
0.0108205405,0.0108205405,4.6908215369e-03,0.0684895725,2,50,0.3544,0.4422,solved,0
0.0108245817,0.0108245817,4.6984569462e-03,0.0685452912,2,50,0.3537,0.4206,solved,0
0.0108286238,0.0108286238,4.7061063852e-03,0.0686010669,2,50,0.3563,0.4292,solved,0
0.0108326659,0.0108326659,4.7137681548e-03,0.0686568872,2,50,0.3565,0.4514,solved,0
0.0108367071,0.0108367071,4.7214405449e-03,0.0687127393,2,50,0.3723,0.4422,solved,0
0.0108407492,0.0108407492,4.7291269729e-03,0.0687686482,2,50,0.3587,0.4306,solved,0
0.0108447913,0.0108447913,4.7368257316e-03,0.0688246012,2,50,0.3562,0.4276,solved,0
0.0108488325,0.0108488325,4.7445351025e-03,0.0688805858,2,50,0.4210,0.5242,solved,0
0.0108528746,0.0108528746,4.7522585195e-03,0.0689366268,2,50,0.3847,0.4884,solved,0
0.0108569167,0.0108569167,4.7599942672e-03,0.0689927117,2,50,0.3546,0.4348,solved,0
0.0108609579,0.0108609579,4.7677406189e-03,0.0690488278,2,50,0.3573,0.4277,solved,0
0.0108650000,0.0108650000,4.7755010351e-03,0.0691050001,1,75,0.6006,0.7966,solved,1
