target_return,return,variance,std_dev,n_held,iterations,osqp_time_ms,wall_time_ms,status,refined
0.0023653252,0.0023653252,1.9849352414e-04,0.0140887730,30,25,1.7129,1.8096,solved,0
0.0023682479,0.0023682479,1.9849361020e-04,0.0140887760,30,25,1.3479,1.4295,solved,0
0.0023711715,0.0023711715,1.9849386621e-04,0.0140887851,30,25,1.3481,1.4256,solved,0
0.0023740943,0.0023740943,1.9849429202e-04,0.0140888002,30,25,1.3429,1.4181,solved,0
0.0023770177,0.0023770177,1.9849488781e-04,0.0140888214,30,25,1.3950,1.5177,solved,0
0.0023799407,0.0023799407,1.9849565340e-04,0.0140888485,30,25,1.4272,1.5587,solved,0
0.0023828640,0.0023828640,1.9849658897e-04,0.0140888818,30,25,1.3618,1.4495,solved,0
0.0023857869,0.0023857869,1.9849769428e-04,0.0140889210,30,25,1.3422,1.4201,solved,0
0.0023887104,0.0023887104,1.9849896973e-04,0.0140889662,30,25,1.3300,1.4027,solved,0
0.0023916335,0.0023916335,1.9850041490e-04,0.0140890175,30,25,1.3350,1.4099,solved,0
0.0023945568,0.0023945568,1.9850203007e-04,0.0140890748,30,25,1.3557,1.4338,solved,0
0.0023974796,0.0023974796,1.9850381482e-04,0.0140891382,30,25,1.3357,1.4110,solved,0
0.0024004029,0.0024004029,1.9850576674e-04,0.0140892075,31,25,1.3419,1.4177,solved,0
0.0024033262,0.0024033262,1.9850787841e-04,0.0140892824,31,25,1.3355,1.4114,solved,0
0.0024062493,0.0024062493,1.9851014912e-04,0.0140893630,32,25,1.3450,1.4209,solved,0
0.0024091722,0.0024091722,1.9851257263e-04,0.0140894490,33,25,1.4742,1.6416,solved,0
0.0024120953,0.0024120953,1.9851514599e-04,0.0140895403,33,25,1.3787,1.5152,solved,0
0.0024150188,0.0024150188,1.9851786910e-04,0.0140896369,33,25,1.3834,1.5028,solved,0
0.0024179420,0.0024179420,1.9852074133e-04,0.0140897389,33,25,1.3434,1.4433,solved,0
0.0024208652,0.0024208652,1.9852376294e-04,0.0140898461,33,25,1.3336,1.4099,solved,0
0.0024237881,0.0024237881,1.9852693361e-04,0.0140899586,33,25,1.3247,1.3960,solved,0
0.0024267113,0.0024267113,1.9853025397e-04,0.0140900764,33,25,1.3787,1.4545,solved,0
0.0024296346,0.0024296346,1.9853372385e-04,0.0140901996,33,25,1.3305,1.4049,solved,0
0.0024325577,0.0024325577,1.9853734287e-04,0.0140903280,33,25,1.3113,1.3817,solved,0
0.0024354807,0.0024354807,1.9854111114e-04,0.0140904617,33,25,1.3239,1.3945,solved,0
0.0024384039,0.0024384039,1.9854502904e-04,0.0140906007,33,25,1.3249,1.3971,solved,0
0.0024413269,0.0024413269,1.9854909605e-04,0.0140907450,33,25,1.4045,1.5135,solved,0
0.0024442501,0.0024442501,1.9855331272e-04,0.0140908947,33,25,1.3396,1.4344,solved,0
0.0024471730,0.0024471730,1.9855767831e-04,0.0140910496,33,25,1.3382,1.4117,solved,0
0.0024500966,0.0024500966,1.9856219436e-04,0.0140912098,33,25,1.3233,1.3954,solved,0
0.0024530198,0.0024530198,1.9856685919e-04,0.0140913753,33,25,1.3125,1.3829,solved,0
0.0024559429,0.0024559429,1.9857167324e-04,0.0140915462,33,25,1.3446,1.4183,solved,0
0.0024588658,0.0024588658,1.9857663632e-04,0.0140917223,34,25,1.3307,1.4032,solved,0
0.0024617888,0.0024617888,1.9858174471e-04,0.0140919035,34,25,1.3466,1.4223,solved,0
0.0024647122,0.0024647122,1.9858699534e-04,0.0140920898,34,25,1.3211,1.3918,solved,0
0.0024676356,0.0024676356,1.9859238750e-04,0.0140922811,34,25,1.3450,1.4152,solved,0
0.0024705584,0.0024705584,1.9859792005e-04,0.0140924774,34,25,1.3337,1.4158,solved,0
0.0024734816,0.0024734816,1.9860359487e-04,0.0140926788,34,25,1.3215,1.4172,solved,0
0.0024764050,0.0024764050,1.9860941161e-04,0.0140928851,34,25,1.3210,1.3960,solved,0
0.0024793282,0.0024793282,1.9861536948e-04,0.0140930965,34,25,1.3290,1.3994,solved,0
0.0024822515,0.0024822515,1.9862146908e-04,0.0140933129,34,25,1.3263,1.3989,solved,0
0.0024851746,0.0024851746,1.9862770978e-04,0.0140935343,34,25,1.3185,1.4441,solved,0
0.0024880977,0.0024880977,1.9863409199e-04,0.0140937607,34,25,1.3275,1.4008,solved,0
0.0024910209,0.0024910209,1.9864061593e-04,0.0140939922,34,25,1.3211,1.3917,solved,0
0.0024939442,0.0024939442,1.9864728163e-04,0.0140942287,34,25,1.3400,1.4111,solved,0
0.0024968671,0.0024968671,1.9865408791e-04,0.0140944701,34,25,1.3107,1.3806,solved,0
0.0024997904,0.0024997904,1.9866103664e-04,0.0140947166,34,25,1.3239,1.3956,solved,0
0.0025027137,0.0025027137,1.9866812691e-04,0.0140949681,34,25,1.4461,1.6469,solved,0
0.0025056368,0.0025056368,1.9867535820e-04,0.0140952247,34,25,1.6638,1.8739,solved,0
0.0025085599,0.0025085599,1.9868273101e-04,0.0140954862,34,25,1.3685,1.4991,solved,0
0.0025114832,0.0025114832,1.9869024584e-04,0.0140957528,34,25,1.3342,1.4338,solved,0
0.0025144062,0.0025144062,1.9869790141e-04,0.0140960243,34,25,1.3891,1.4732,solved,0
0.0025173295,0.0025173295,1.9870569929e-04,0.0140963009,34,25,1.3284,1.4033,solved,0
0.0025202524,0.0025202524,1.9871363760e-04,0.0140965825,34,25,1.3235,1.3968,solved,0
0.0025231757,0.0025231757,1.9872171852e-04,0.0140968691,34,25,1.3687,1.4661,solved,0
0.0025260989,0.0025260989,1.9872994068e-04,0.0140971607,34,25,1.3580,1.4350,solved,0
0.0025290221,0.0025290221,1.9873830436e-04,0.0140974574,34,25,1.3269,1.3976,solved,0
0.0025319453,0.0025319453,1.9874680957e-04,0.0140977590,34,25,1.3124,1.3814,solved,0
0.0025348684,0.0025348684,1.9875545599e-04,0.0140980657,34,25,1.3342,1.4097,solved,0
0.0025377915,0.0025377915,1.9876424393e-04,0.0140983774,34,25,1.3223,1.3956,solved,0
0.0025407148,0.0025407148,1.9877317399e-04,0.0140986941,34,25,1.3138,1.3960,solved,0
0.0025436381,0.0025436381,1.9878224558e-04,0.0140990158,34,25,1.3388,1.4172,solved,0
0.0025465610,0.0025465610,1.9879145743e-04,0.0140993424,34,25,1.3332,1.4072,solved,0
0.0025494842,0.0025494842,1.9880081174e-04,0.0140996742,34,25,1.3295,1.3999,solved,0
0.0025524076,0.0025524076,1.9881030823e-04,0.0141000109,34,25,1.3098,1.3784,solved,0
0.0025553306,0.0025553306,1.9881994492e-04,0.0141003527,34,25,1.3369,1.4095,solved,0
0.0025582537,0.0025582537,1.9882972345e-04,0.0141006994,34,25,1.3232,1.3934,solved,0
0.0025611770,0.0025611770,1.9883964418e-04,0.0141010512,34,25,1.3145,1.3989,solved,0
0.0025641001,0.0025641001,1.9884971135e-04,0.0141014081,33,25,1.4491,1.6022,solved,0
0.0025670234,0.0025670234,1.9885994414e-04,0.0141017710,33,25,1.8395,2.0850,solved,0
0.0025699465,0.0025699465,1.9887034244e-04,0.0141021396,33,25,1.7932,2.0194,solved,0
0.0025728699,0.0025728699,1.9888090804e-04,0.0141025142,33,25,1.7640,2.0325,solved,0
0.0025757930,0.0025757930,1.9889163877e-04,0.0141028947,33,25,1.7639,2.0332,solved,0
0.0025787163,0.0025787163,1.9890253647e-04,0.0141032811,33,25,1.8435,2.0961,solved,0
0.0025816394,0.0025816394,1.9891359963e-04,0.0141036733,33,25,1.5552,1.7618,solved,0
0.0025845626,0.0025845626,1.9892482939e-04,0.0141040714,33,25,1.3988,1.5472,solved,0
0.0025874859,0.0025874859,1.9893622577e-04,0.0141044754,33,25,1.4361,1.5857,solved,0
0.0025904092,0.0025904092,1.9894778838e-04,0.0141048853,33,25,1.3728,1.4868,solved,0
0.0025933325,0.0025933325,1.9895951722e-04,0.0141053010,33,25,1.4252,1.6076,solved,0
0.0025962555,0.0025962555,1.9897141106e-04,0.0141057226,33,25,1.5021,1.7408,solved,0
0.0025991788,0.0025991788,1.9898347235e-04,0.0141061502,33,25,1.3323,1.4472,solved,0
0.0026021021,0.0026021021,1.9899569987e-04,0.0141065836,33,25,1.3211,1.3926,solved,0
0.0026050252,0.0026050252,1.9900809277e-04,0.0141070228,33,25,1.3370,1.4068,solved,0
0.0026079484,0.0026079484,1.9902065232e-04,0.0141074680,33,25,1.3333,1.4039,solved,0
0.0026108717,0.0026108717,1.9903337852e-04,0.0141079190,33,25,1.3234,1.3953,solved,0
0.0026137948,0.0026137948,1.9904627006e-04,0.0141083759,33,25,1.3887,1.5301,solved,0
0.0026167181,0.0026167181,1.9905932872e-04,0.0141088387,33,25,1.3862,1.5100,solved,0
0.0026196412,0.0026196412,1.9907255269e-04,0.0141093073,33,25,1.3302,1.4169,solved,0
0.0026225645,0.0026225645,1.9908594380e-04,0.0141097818,33,25,1.3282,1.3984,solved,0
0.0026254876,0.0026254876,1.9909950021e-04,0.0141102622,33,25,1.3836,1.4566,solved,0
0.0026284111,0.0026284111,1.9911322472e-04,0.0141107486,33,25,1.3713,1.4442,solved,0
0.0026313341,0.0026313341,1.9912711309e-04,0.0141112407,33,25,1.3549,1.4648,solved,0
0.0026342572,0.0026342572,1.9914116814e-04,0.0141117387,33,25,1.3515,1.4664,solved,0
0.0026371805,0.0026371805,1.9915539038e-04,0.0141122426,33,25,1.3487,1.4451,solved,0
0.0026401040,0.0026401040,1.9916977985e-04,0.0141127524,33,25,1.3352,1.4159,solved,0
0.0026430272,0.0026430272,1.9918433407e-04,0.0141132680,33,25,1.3173,1.3989,solved,0
0.0026459501,0.0026459501,1.9919905298e-04,0.0141137895,33,25,1.3394,1.4132,solved,0
0.0026488734,0.0026488734,1.9921394014e-04,0.0141143168,33,25,1.3377,1.4113,solved,0
0.0026517968,0.0026517968,1.9922899404e-04,0.0141148501,33,25,1.3647,1.4785,solved,0
0.0026547199,0.0026547199,1.9924421262e-04,0.0141153892,33,25,1.4049,1.5453,solved,0
0.0026576430,0.0026576430,1.9925959741e-04,0.0141159342,33,25,1.3244,1.4159,solved,0
0.0026605663,0.0026605663,1.9927514948e-04,0.0141164850,32,25,1.3383,1.4111,solved,0
0.0026634896,0.0026634896,1.9929086990e-04,0.0141170418,32,25,1.3299,1.4028,solved,0
0.0026664129,0.0026664129,1.9930676080e-04,0.0141176046,32,25,1.3279,1.3980,solved,0
0.0026693360,0.0026693360,1.9932282107e-04,0.0141181734,32,25,1.3340,1.4048,solved,0
0.0026722590,0.0026722590,1.9933905124e-04,0.0141187482,32,25,1.3733,1.4964,solved,0
0.0026751823,0.0026751823,1.9935545354e-04,0.0141193291,32,25,1.4115,1.5528,solved,0
0.0026781056,0.0026781056,1.9937202631e-04,0.0141199159,32,25,1.3415,1.4346,solved,0
0.0026810285,0.0026810285,1.9938876726e-04,0.0141205087,32,25,1.3326,1.4086,solved,0
0.0026839518,0.0026839518,1.9940568097e-04,0.0141211076,32,25,1.3807,1.4556,solved,0
0.0026868751,0.0026868751,1.9942276515e-04,0.0141217125,32,25,1.3797,1.4538,solved,0
0.0026897984,0.0026897984,1.9944001981e-04,0.0141223235,32,25,1.3123,1.3841,solved,0
0.0026927212,0.0026927212,1.9945744195e-04,0.0141229403,32,25,1.3824,1.5057,solved,0
0.0026956446,0.0026956446,1.9947503813e-04,0.0141235632,32,25,1.3722,1.4965,solved,0
0.0026985679,0.0026985679,1.9949280419e-04,0.0141241922,32,25,1.3364,1.4233,solved,0
0.0027014909,0.0027014909,1.9951073888e-04,0.0141248270,32,25,1.3313,1.4042,solved,0
0.0027044143,0.0027044143,1.9952884650e-04,0.0141254680,32,25,1.3689,1.4632,solved,0
0.0027073374,0.0027073374,1.9954712273e-04,0.0141261149,32,25,1.3984,1.5011,solved,0
0.0027102605,0.0027102605,1.9956557127e-04,0.0141267679,31,25,1.3912,1.5049,solved,0
0.0027131837,0.0027131837,1.9958420759e-04,0.0141274275,31,25,1.4099,1.5294,solved,0
0.0027161070,0.0027161070,1.9960303488e-04,0.0141280938,31,25,1.3778,1.4828,solved,0
0.0027190300,0.0027190300,1.9962205055e-04,0.0141287668,31,25,1.3345,1.4195,solved,0
0.0027219534,0.0027219534,1.9964125560e-04,0.0141294464,32,25,1.3419,1.4154,solved,0
0.0027248766,0.0027248766,1.9966063770e-04,0.0141301323,32,25,1.3250,1.3972,solved,0
0.0027277999,0.0027277999,1.9968019846e-04,0.0141308244,32,25,1.3378,1.4082,solved,0
0.0027307226,0.0027307226,1.9969993315e-04,0.0141315227,32,25,1.3394,1.4286,solved,0
0.0027336460,0.0027336460,1.9971985055e-04,0.0141322274,32,25,1.9945,2.2048,solved,0
0.0027365691,0.0027365691,1.9973994390e-04,0.0141329383,32,25,2.0973,2.3093,solved,0
0.0027394924,0.0027394924,1.9976021683e-04,0.0141336555,31,25,2.0904,2.2352,solved,0
0.0027424155,0.0027424155,1.9978067338e-04,0.0141343791,31,25,2.0164,2.1328,solved,0
0.0027453386,0.0027453386,1.9980131815e-04,0.0141351094,31,25,2.0525,2.2147,solved,0
0.0027482617,0.0027482617,1.9982215115e-04,0.0141358463,31,25,2.0559,2.2290,solved,0
0.0027511851,0.0027511851,1.9984317453e-04,0.0141365899,31,25,2.0110,2.1447,solved,0
0.0027541083,0.0027541083,1.9986438473e-04,0.0141373401,31,25,2.0158,2.1327,solved,0
0.0027570312,0.0027570312,1.9988578096e-04,0.0141380968,31,25,2.0349,2.2011,solved,0
0.0027599543,0.0027599543,1.9990737503e-04,0.0141388605,30,25,1.7262,1.9246,solved,0
0.0027628776,0.0027628776,1.9992918141e-04,0.0141396316,30,25,1.3728,1.4914,solved,0
0.0027658010,0.0027658010,1.9995119968e-04,0.0141404102,30,25,1.3419,1.4183,solved,0
0.0027687239,0.0027687239,1.9997342528e-04,0.0141411960,30,25,1.3210,1.3933,solved,0
0.0027716473,0.0027716473,1.9999586579e-04,0.0141419895,30,25,1.3375,1.4220,solved,0
0.0027745704,0.0027745704,2.0001851512e-04,0.0141427902,30,25,1.4339,1.5958,solved,0
0.0027774938,0.0027774938,2.0004137789e-04,0.0141435985,30,25,1.3875,1.5374,solved,0
0.0027804167,0.0027804167,2.0006444785e-04,0.0141444140,30,25,1.3513,1.4749,solved,0
0.0027833401,0.0027833401,2.0008773287e-04,0.0141452371,30,25,1.3367,1.4592,solved,0
0.0027862631,0.0027862631,2.0011122581e-04,0.0141460675,30,25,1.4147,1.5461,solved,0
0.0027891865,0.0027891865,2.0013493308e-04,0.0141469054,30,25,1.3374,1.4331,solved,0
0.0027921093,0.0027921093,2.0015884657e-04,0.0141477506,30,25,1.3160,1.3882,solved,0
0.0027950327,0.0027950327,2.0018297609e-04,0.0141486033,30,25,1.3595,1.4568,solved,0
0.0027979559,0.0027979559,2.0020731508e-04,0.0141494634,30,25,1.3381,1.4242,solved,0
0.0028008792,0.0028008792,2.0023186602e-04,0.0141503310,30,25,1.3287,1.4017,solved,0
0.0028038023,0.0028038023,2.0025662638e-04,0.0141512058,30,25,1.3153,1.3861,solved,0
0.0028067254,0.0028067254,2.0028159785e-04,0.0141520881,30,25,1.3231,1.3935,solved,0
0.0028096484,0.0028096484,2.0030677955e-04,0.0141529778,30,25,1.3264,1.3993,solved,0
0.0028125718,0.0028125718,2.0033217582e-04,0.0141538749,30,25,1.3184,1.4107,solved,0
0.0028154949,0.0028154949,2.0035778059e-04,0.0141547794,30,25,1.3753,1.4642,solved,0
0.0028184180,0.0028184180,2.0038359646e-04,0.0141556913,30,25,1.3292,1.4096,solved,0
0.0028213413,0.0028213413,2.0040962522e-04,0.0141566107,30,25,1.3246,1.3981,solved,0
0.0028242646,0.0028242646,2.0043586510e-04,0.0141575374,30,25,1.3102,1.3824,solved,0
0.0028271878,0.0028271878,2.0046231520e-04,0.0141584715,30,25,1.3246,1.3980,solved,0
0.0028301108,0.0028301108,2.0048897459e-04,0.0141594129,30,25,1.3215,1.4021,solved,0
0.0028330341,0.0028330341,2.0051584782e-04,0.0141603619,30,25,1.3808,1.4621,solved,0
0.0028359572,0.0028359572,2.0054293032e-04,0.0141613181,30,25,1.3319,1.4196,solved,0
0.0028388807,0.0028388807,2.0057022767e-04,0.0141622819,30,25,1.3381,1.4094,solved,0
0.0028418035,0.0028418035,2.0059772956e-04,0.0141632528,30,25,1.4157,1.5273,solved,0
0.0028447269,0.0028447269,2.0062544822e-04,0.0141642313,30,25,1.3628,1.4841,solved,0
0.0028476500,0.0028476500,2.0065337514e-04,0.0141652171,30,25,1.4354,1.5284,solved,0
0.0028505733,0.0028505733,2.0068151510e-04,0.0141662103,30,25,1.3510,1.4387,solved,0
0.0028534962,0.0028534962,2.0070986228e-04,0.0141672108,30,25,1.3385,1.4169,solved,0
0.0028564196,0.0028564196,2.0073842544e-04,0.0141682189,30,25,1.3171,1.3902,solved,0
0.0028593427,0.0028593427,2.0076719678e-04,0.0141692342,30,25,1.3193,1.3922,solved,0
0.0028622660,0.0028622660,2.0079618120e-04,0.0141702569,30,25,1.3215,1.3928,solved,0
0.0028651892,0.0028651892,2.0082537575e-04,0.0141712870,30,25,1.3236,1.3950,solved,0
0.0028681122,0.0028681122,2.0085477915e-04,0.0141723244,31,25,1.3193,1.3899,solved,0
0.0028710356,0.0028710356,2.0088439624e-04,0.0141733693,31,25,1.3808,1.4808,solved,0
0.0028739588,0.0028739588,2.0091422078e-04,0.0141744214,31,25,1.3643,1.4680,solved,0
0.0028768819,0.0028768819,2.0094425374e-04,0.0141754807,31,25,1.3965,1.4787,solved,0
0.0028798050,0.0028798050,2.0097449615e-04,0.0141765474,31,25,1.3202,1.3920,solved,0
0.0028827283,0.0028827283,2.0100495011e-04,0.0141776215,31,25,1.3264,1.3971,solved,0
0.0028856515,0.0028856515,2.0103561249e-04,0.0141787028,31,25,1.3496,1.4330,solved,0
0.0028885747,0.0028885747,2.0106648433e-04,0.0141797914,31,25,1.4619,1.6710,solved,0
0.0028914977,0.0028914977,2.0109756350e-04,0.0141808873,31,25,1.4281,1.6285,solved,0
0.0028944211,0.0028944211,2.0112885640e-04,0.0141819906,31,25,1.4033,1.5867,solved,0
0.0028973443,0.0028973443,2.0116035685e-04,0.0141831011,30,25,1.3610,1.4675,solved,0
0.0029002675,0.0029002675,2.0119207957e-04,0.0141842194,30,25,1.3450,1.4420,solved,0
0.0029031906,0.0029031906,2.0122403081e-04,0.0141853456,30,25,1.3502,1.4416,solved,0
0.0029061137,0.0029061137,2.0125621164e-04,0.0141864799,30,25,1.3737,1.4547,solved,0
0.0029090372,0.0029090372,2.0128862651e-04,0.0141876223,30,25,1.3483,1.4457,solved,0
0.0029119604,0.0029119604,2.0132126768e-04,0.0141887726,30,25,1.3689,1.4913,solved,0
0.0029148837,0.0029148837,2.0135413958e-04,0.0141899309,30,25,1.3582,1.4835,solved,0
0.0029178066,0.0029178066,2.0138723656e-04,0.0141910971,30,25,1.3309,1.4384,solved,0
0.0029207300,0.0029207300,2.0142056882e-04,0.0141922714,30,25,1.3503,1.4488,solved,0
0.0029236531,0.0029236531,2.0145412726e-04,0.0141934537,30,25,1.3413,1.4412,solved,0
0.0029265765,0.0029265765,2.0148791877e-04,0.0141946440,30,25,1.3255,1.4377,solved,0
0.0029294994,0.0029294994,2.0152193409e-04,0.0141958421,30,25,1.3318,1.4382,solved,0
0.0029324226,0.0029324226,2.0155618249e-04,0.0141970484,30,25,1.4107,1.5691,solved,0
0.0029353459,0.0029353459,2.0159066169e-04,0.0141982626,30,25,1.3922,1.5420,solved,0
0.0029382693,0.0029382693,2.0162537170e-04,0.0141994849,30,25,1.3492,1.4751,solved,0
0.0029411923,0.0029411923,2.0166030655e-04,0.0142007150,30,25,1.3337,1.4539,solved,0
0.0029441156,0.0029441156,2.0169547460e-04,0.0142019532,30,25,1.3517,1.4757,solved,0
0.0029470388,0.0029470388,2.0173087105e-04,0.0142031993,30,25,1.3606,1.4921,solved,0
0.0029499621,0.0029499621,2.0176649834e-04,0.0142044535,30,25,1.3843,1.5296,solved,0
0.0029528850,0.0029528850,2.0180235033e-04,0.0142057154,30,25,1.3385,1.4614,solved,0
0.0029558082,0.0029558082,2.0183843560e-04,0.0142069855,30,25,1.3975,1.6023,solved,0
0.0029587316,0.0029587316,2.0187475296e-04,0.0142082635,30,25,1.4815,1.6854,solved,0
0.0029616547,0.0029616547,2.0191129620e-04,0.0142095495,30,25,1.4272,1.5741,solved,0
0.0029645779,0.0029645779,2.0194807030e-04,0.0142108434,30,25,1.4239,1.5930,solved,0
0.0029675011,0.0029675011,2.0198507400e-04,0.0142121453,30,25,1.4935,1.6686,solved,0
0.0029704244,0.0029704244,2.0202230955e-04,0.0142134552,29,25,1.3492,1.4862,solved,0
0.0029733476,0.0029733476,2.0205977603e-04,0.0142147732,29,25,1.3439,1.4428,solved,0
0.0029762710,0.0029762710,2.0209747731e-04,0.0142160992,29,25,1.3454,1.4428,solved,0
0.0029791939,0.0029791939,2.0213540433e-04,0.0142174331,29,25,1.3365,1.4381,solved,0
0.0029821173,0.0029821173,2.0217357007e-04,0.0142187753,29,25,1.3815,1.5276,solved,0
0.0029850404,0.0029850404,2.0221196412e-04,0.0142201253,29,25,1.5540,1.7434,solved,0
0.0029879638,0.0029879638,2.0225059434e-04,0.0142214835,29,25,1.4784,1.6789,solved,0
0.0029908868,0.0029908868,2.0228945148e-04,0.0142228496,29,25,1.4048,1.5520,solved,0
0.0029938100,0.0029938100,2.0232854349e-04,0.0142242238,29,25,1.3990,1.5876,solved,0
0.0029967332,0.0029967332,2.0236786772e-04,0.0142256061,29,25,1.3734,1.5108,solved,0
0.0029996567,0.0029996567,2.0240742824e-04,0.0142269965,29,25,1.4348,1.5940,solved,0
0.0030025795,0.0030025795,2.0244721148e-04,0.0142283946,29,25,1.3606,1.5377,solved,0
0.0030055028,0.0030055028,2.0248723373e-04,0.0142298009,29,25,1.3666,1.4963,solved,0
0.0030084261,0.0030084261,2.0252748823e-04,0.0142312153,29,25,1.3464,1.4610,solved,0
0.0030113493,0.0030113493,2.0256797356e-04,0.0142326376,29,25,1.3458,1.4432,solved,0
0.0030142724,0.0030142724,2.0260868972e-04,0.0142340679,29,25,1.3581,1.4796,solved,0
0.0030171956,0.0030171956,2.0264963949e-04,0.0142355063,29,25,1.3858,1.5836,solved,0
0.0030201191,0.0030201191,2.0269082572e-04,0.0142369528,29,25,1.4561,1.6425,solved,0
0.0030230421,0.0030230421,2.0273223711e-04,0.0142384071,29,25,1.4361,1.6155,solved,0
0.0030259656,0.0030259656,2.0277388784e-04,0.0142398697,29,25,1.3817,1.5236,solved,0
0.0030288885,0.0030288885,2.0281576221e-04,0.0142413399,29,25,1.3348,1.4604,solved,0
0.0030318117,0.0030318117,2.0285787308e-04,0.0142428183,29,25,1.3464,1.4882,solved,0
0.0030347350,0.0030347350,2.0290021763e-04,0.0142443047,29,25,1.3973,1.5508,solved,0
0.0030376584,0.0030376584,2.0294279588e-04,0.0142457992,29,25,1.4639,1.6564,solved,0
0.0030405813,0.0030405813,2.0298559903e-04,0.0142473015,29,25,1.4366,1.6373,solved,0
0.0030435045,0.0030435045,2.0302863879e-04,0.0142488118,29,25,1.3766,1.5213,solved,0
0.0030464278,0.0030464278,2.0307191225e-04,0.0142503303,29,25,1.6214,1.9045,solved,0
0.0030493510,0.0030493510,2.0311541645e-04,0.0142518566,29,25,1.8750,2.1265,solved,0
0.0030522742,0.0030522742,2.0315915287e-04,0.0142533909,29,25,1.8651,2.1317,solved,0
0.0030551973,0.0030551973,2.0320312001e-04,0.0142549332,29,25,1.8583,2.1459,solved,0
0.0030581207,0.0030581207,2.0324732389e-04,0.0142564836,29,25,1.6678,1.9313,solved,0
0.0030610439,0.0030610439,2.0329175698e-04,0.0142580418,29,25,1.4538,1.6840,solved,0
0.0030639670,0.0030639670,2.0333642076e-04,0.0142596080,29,25,1.7025,1.9555,solved,0
0.0030668901,0.0030668901,2.0338131674e-04,0.0142611822,29,25,1.8688,2.1829,solved,0
0.0030698136,0.0030698136,2.0342645112e-04,0.0142627645,29,25,2.1198,2.4807,solved,0
0.0030727368,0.0030727368,2.0347181310e-04,0.0142643546,29,25,1.7081,2.0075,solved,0
0.0030756601,0.0030756601,2.0351740886e-04,0.0142659528,29,25,1.5992,1.8624,solved,0
0.0030785830,0.0030785830,2.0356323057e-04,0.0142675587,29,25,1.3894,1.6048,solved,0
0.0030815061,0.0030815061,2.0360928761e-04,0.0142691726,29,25,1.5142,1.8215,solved,0
0.0030844295,0.0030844295,2.0365558162e-04,0.0142707947,29,25,1.5112,1.6940,solved,0
0.0030873527,0.0030873527,2.0370210469e-04,0.0142724246,29,25,1.4346,1.7879,solved,0
0.0030902759,0.0030902759,2.0374885997e-04,0.0142740625,29,25,1.6147,1.8944,solved,0
0.0030931990,0.0030931990,2.0379584587e-04,0.0142757082,29,25,2.0834,2.3313,solved,0
0.0030961224,0.0030961224,2.0384306883e-04,0.0142773621,29,25,2.1407,2.4039,solved,0
0.0030990456,0.0030990456,2.0389052078e-04,0.0142790238,29,25,1.8822,2.1536,solved,0
0.0031019687,0.0031019687,2.0393820332e-04,0.0142806934,29,25,1.8728,2.1350,solved,0
0.0031048919,0.0031048919,2.0398611971e-04,0.0142823709,29,25,1.9965,2.2549,solved,0
0.0031078152,0.0031078152,2.0403426997e-04,0.0142840565,29,25,1.5740,1.8402,solved,0
0.0031107383,0.0031107383,2.0408264914e-04,0.0142857499,29,25,1.6503,1.9872,solved,0
0.0031136614,0.0031136614,2.0413126052e-04,0.0142874512,29,25,1.8053,2.0888,solved,0
0.0031165847,0.0031165847,2.0418010746e-04,0.0142891605,29,25,1.8300,2.1576,solved,0
0.0031195079,0.0031195079,2.0422918494e-04,0.0142908777,29,25,1.7831,2.0789,solved,0
0.0031224313,0.0031224313,2.0427849803e-04,0.0142926029,29,25,2.1325,2.4335,solved,0
0.0031253542,0.0031253542,2.0432803487e-04,0.0142943358,29,25,1.8918,2.1796,solved,0
0.0031282776,0.0031282776,2.0437781243e-04,0.0142960768,29,25,1.8942,2.1704,solved,0
0.0031312007,0.0031312007,2.0442781708e-04,0.0142978256,29,25,1.9167,2.2526,solved,0
0.0031341241,0.0031341241,2.0447805911e-04,0.0142995825,29,25,1.9635,2.2759,solved,0
0.0031370473,0.0031370473,2.0452852993e-04,0.0143013471,29,25,1.9199,2.1892,solved,0
0.0031399704,0.0031399704,2.0457923124e-04,0.0143031196,29,25,1.9022,2.1879,solved,0
0.0031428936,0.0031428936,2.0463016649e-04,0.0143049001,29,25,1.8828,2.2351,solved,0
0.0031458170,0.0031458170,2.0468133747e-04,0.0143066886,29,25,1.8679,2.1625,solved,0
0.0031487400,0.0031487400,2.0473273354e-04,0.0143084847,30,25,1.8792,2.1868,solved,0
0.0031516632,0.0031516632,2.0478435945e-04,0.0143102886,30,25,1.8831,2.1779,solved,0
0.0031545864,0.0031545864,2.0483620840e-04,0.0143121001,30,25,1.9372,2.1952,solved,0
0.0031575097,0.0031575097,2.0488828219e-04,0.0143139192,30,25,1.9405,2.2020,solved,0
0.0031604329,0.0031604329,2.0494057724e-04,0.0143157458,30,25,1.9609,2.2302,solved,0
0.0031633559,0.0031633559,2.0499309173e-04,0.0143175798,30,25,1.4349,1.6891,solved,0
0.0031662791,0.0031662791,2.0504583285e-04,0.0143194215,30,25,1.3921,1.6404,solved,0
0.0031692023,0.0031692023,2.0509879702e-04,0.0143212708,30,25,1.8108,2.0909,solved,0
0.0031721255,0.0031721255,2.0515198423e-04,0.0143231276,30,25,1.7129,2.0461,solved,0
0.0031750487,0.0031750487,2.0520539448e-04,0.0143249920,30,25,1.6017,1.8581,solved,0
0.0031779720,0.0031779720,2.0525902962e-04,0.0143268639,30,25,1.4408,1.6705,solved,0
0.0031808951,0.0031808951,2.0531288413e-04,0.0143287433,30,25,1.7083,1.9238,solved,0
0.0031838184,0.0031838184,2.0536696537e-04,0.0143306303,30,25,1.4083,1.5689,solved,0
0.0031867415,0.0031867415,2.0542126594e-04,0.0143325248,30,25,1.4060,1.5661,solved,0
0.0031896645,0.0031896645,2.0547578768e-04,0.0143344267,30,25,1.7630,2.0122,solved,0
0.0031925878,0.0031925878,2.0553053806e-04,0.0143363363,30,25,2.1549,2.4228,solved,0
0.0031955110,0.0031955110,2.0558550962e-04,0.0143382534,30,25,2.0876,2.3239,solved,0
0.0031984344,0.0031984344,2.0564070800e-04,0.0143401781,30,25,2.1073,2.3282,solved,0
0.0032013574,0.0032013574,2.0569612186e-04,0.0143421101,30,25,1.9574,2.1804,solved,0
0.0032042806,0.0032042806,2.0575176255e-04,0.0143440497,30,25,1.6127,1.8557,solved,0
0.0032072038,0.0032072038,2.0580762629e-04,0.0143459969,30,25,1.5565,1.7730,solved,0
0.0032101270,0.0032101270,2.0586371306e-04,0.0143479515,30,25,1.5238,1.7159,solved,0
0.0032130500,0.0032130500,2.0592001902e-04,0.0143499136,30,25,1.8935,2.1363,solved,0
0.0032159732,0.0032159732,2.0597655187e-04,0.0143518832,30,25,1.9375,2.2111,solved,0
0.0032188965,0.0032188965,2.0603330971e-04,0.0143538604,30,25,1.7447,1.9917,solved,0
0.0032218196,0.0032218196,2.0609028671e-04,0.0143558450,30,25,1.4995,1.7234,solved,0
0.0032247429,0.0032247429,2.0614749065e-04,0.0143578373,30,25,1.6321,1.8731,solved,0
0.0032276660,0.0032276660,2.0620491372e-04,0.0143598368,30,25,1.6658,1.9391,solved,0
0.0032305893,0.0032305893,2.0626256376e-04,0.0143618440,30,25,1.9419,2.2142,solved,0
0.0032335125,0.0032335125,2.0632043489e-04,0.0143638586,30,25,2.1971,2.4723,solved,0
0.0032364355,0.0032364355,2.0637852507e-04,0.0143658806,30,25,1.8802,2.1454,solved,0
0.0032393587,0.0032393587,2.0643684227e-04,0.0143679102,30,25,1.9669,2.2497,solved,0
0.0032422820,0.0032422820,2.0649538451e-04,0.0143699473,30,25,2.0911,2.4952,solved,0
0.0032452052,0.0032452052,2.0655414780e-04,0.0143719918,30,25,2.3669,2.7202,solved,0
0.0032481286,0.0032481286,2.0661313818e-04,0.0143740439,30,25,1.9352,2.2319,solved,0
0.0032510516,0.0032510516,2.0667234352e-04,0.0143761032,30,25,2.7174,3.1063,solved,0
0.0032539748,0.0032539748,2.0673177595e-04,0.0143781701,30,25,1.9115,2.2018,solved,0
0.0032568980,0.0032568980,2.0679143141e-04,0.0143802445,30,25,1.9607,2.5301,solved,0
0.0032598212,0.0032598212,2.0685131200e-04,0.0143823264,29,25,1.9740,2.2585,solved,0
0.0032627443,0.0032627443,2.0691144537e-04,0.0143844168,29,25,2.3769,2.9014,solved,0
0.0032656676,0.0032656676,2.0697184738e-04,0.0143865162,29,25,2.4792,2.7807,solved,0
0.0032685909,0.0032685909,2.0703251394e-04,0.0143886245,29,25,1.9441,2.2268,solved,0
0.0032715142,0.0032715142,2.0709344504e-04,0.0143907416,29,25,2.3203,2.5960,solved,0
0.0032744373,0.0032744373,2.0715463649e-04,0.0143928676,29,25,2.3710,2.7076,solved,0
0.0032773605,0.0032773605,2.0721609455e-04,0.0143950024,29,25,1.9022,2.2042,solved,0
0.0032802839,0.0032802839,2.0727782137e-04,0.0143971463,29,25,2.2124,2.5174,solved,0
0.0032832072,0.0032832072,2.0733981063e-04,0.0143992990,29,25,2.1948,2.7620,solved,0
0.0032861302,0.0032861302,2.0740205802e-04,0.0144014603,29,25,5.0710,5.5609,solved,0
0.0032890536,0.0032890536,2.0746457848e-04,0.0144036307,29,25,1.8372,2.1235,solved,0
0.0032919769,0.0032919769,2.0752736135e-04,0.0144058100,29,25,1.8641,2.1456,solved,0
0.0032949002,0.0032949002,2.0759040876e-04,0.0144079981,29,25,2.1197,2.3711,solved,0
0.0032978235,0.0032978235,2.0765372072e-04,0.0144101950,29,25,2.0440,2.2961,solved,0
0.0033007466,0.0033007466,2.0771729286e-04,0.0144124007,29,25,1.9021,2.1957,solved,0
0.0033036698,0.0033036698,2.0778113169e-04,0.0144146152,29,25,2.0950,2.4400,solved,0
0.0033065930,0.0033065930,2.0784523505e-04,0.0144168386,29,25,1.9309,2.2267,solved,0
0.0033095163,0.0033095163,2.0790960515e-04,0.0144190709,29,25,1.9188,2.1744,solved,0
0.0033124393,0.0033124393,2.0797423314e-04,0.0144213118,29,25,1.8820,2.1181,solved,0
0.0033153627,0.0033153627,2.0803913837e-04,0.0144235619,28,25,1.9794,2.2545,solved,0
0.0033182860,0.0033182860,2.0810431786e-04,0.0144258212,28,25,3.4799,3.7935,solved,0
0.0033212093,0.0033212093,2.0816977495e-04,0.0144280898,27,25,1.9829,2.2604,solved,0
0.0033241322,0.0033241322,2.0823550696e-04,0.0144303675,27,25,2.0758,2.3810,solved,0
0.0033270555,0.0033270555,2.0830153314e-04,0.0144326551,27,25,2.0385,2.3616,solved,0
0.0033299789,0.0033299789,2.0836784679e-04,0.0144349523,27,25,2.0871,2.3950,solved,0
0.0033329020,0.0033329020,2.0843443880e-04,0.0144372587,27,25,1.8630,2.1543,solved,0
0.0033358251,0.0033358251,2.0850131597e-04,0.0144395746,27,25,2.0871,2.3675,solved,0
0.0033387485,0.0033387485,2.0856848519e-04,0.0144419003,27,25,2.2110,2.5148,solved,0
0.0033416716,0.0033416716,2.0863593270e-04,0.0144442353,27,25,2.0485,2.3934,solved,0
0.0033445950,0.0033445950,2.0870367232e-04,0.0144465800,27,25,2.1862,3.0363,solved,0
0.0033475180,0.0033475180,2.0877168783e-04,0.0144489338,27,25,2.1432,2.4262,solved,0
0.0033504412,0.0033504412,2.0883999316e-04,0.0144512973,27,25,1.5612,1.8490,solved,0
0.0033533645,0.0033533645,2.0890858602e-04,0.0144536703,27,25,1.9121,2.2142,solved,0
0.0033562879,0.0033562879,2.0897746643e-04,0.0144560529,27,25,1.8253,2.0928,solved,0
0.0033592110,0.0033592110,2.0904662494e-04,0.0144584448,26,25,1.9577,2.2485,solved,0
0.0033621341,0.0033621341,2.0911606869e-04,0.0144608461,26,25,1.6668,2.1059,solved,0
0.0033650575,0.0033650575,2.0918580492e-04,0.0144632571,26,25,1.9043,2.2040,solved,0
0.0033679807,0.0033679807,2.0925582172e-04,0.0144656774,26,25,1.8936,2.1501,solved,0
0.0033709039,0.0033709039,2.0932612386e-04,0.0144681071,26,25,1.9200,2.2050,solved,0
0.0033738270,0.0033738270,2.0939670891e-04,0.0144705463,26,25,1.8442,2.1347,solved,0
0.0033767503,0.0033767503,2.0946758412e-04,0.0144729950,26,25,2.1738,2.4748,solved,0
0.0033796735,0.0033796735,2.0953874225e-04,0.0144754531,26,25,1.3917,1.5965,solved,0
0.0033825967,0.0033825967,2.0961018572e-04,0.0144779206,26,25,1.4036,1.5794,solved,0
0.0033855197,0.0033855197,2.0968190959e-04,0.0144803974,26,25,1.3805,1.5077,solved,0
0.0033884430,0.0033884430,2.0975392617e-04,0.0144828839,26,25,1.4296,1.5850,solved,0
0.0033913664,0.0033913664,2.0982623057e-04,0.0144853799,26,25,1.4597,1.6824,solved,0
0.0033942896,0.0033942896,2.0989881537e-04,0.0144878851,26,25,2.0719,2.2785,solved,0
0.0033972126,0.0033972126,2.0997168050e-04,0.0144903996,26,25,2.0993,2.3107,solved,0
0.0034001358,0.0034001358,2.1004483595e-04,0.0144929237,26,25,2.1342,2.3804,solved,0
0.0034030592,0.0034030592,2.1011828176e-04,0.0144954573,26,25,1.5234,1.7593,solved,0
0.0034059824,0.0034059824,2.1019200788e-04,0.0144980001,26,25,1.7594,2.0446,solved,0
0.0034089057,0.0034089057,2.1026602187e-04,0.0145005525,26,25,1.6877,1.9964,solved,0
0.0034118286,0.0034118286,2.1034031103e-04,0.0145031138,26,25,1.4043,1.5776,solved,0
0.0034147521,0.0034147521,2.1041490080e-04,0.0145056851,26,25,1.6001,1.8210,solved,0
0.0034176753,0.0034176753,2.1048976827e-04,0.0145082655,26,25,1.7427,1.9860,solved,0
0.0034205985,0.0034205985,2.1056492106e-04,0.0145108553,26,25,1.8546,2.1286,solved,0
0.0034235215,0.0034235215,2.1064035401e-04,0.0145134542,26,25,1.4561,1.6912,solved,0
0.0034264450,0.0034264450,2.1071608524e-04,0.0145160630,26,25,1.4252,1.6052,solved,0
0.0034293682,0.0034293682,2.1079209404e-04,0.0145186809,26,25,1.3907,1.5428,solved,0
0.0034322914,0.0034322914,2.1086838817e-04,0.0145213081,26,25,1.4641,1.6529,solved,0
0.0034352143,0.0034352143,2.1094495976e-04,0.0145239444,26,25,1.8816,2.1963,solved,0
0.0034381378,0.0034381378,2.1102183164e-04,0.0145265905,27,25,1.6571,1.9594,solved,0
0.0034410610,0.0034410610,2.1109897491e-04,0.0145292455,27,25,1.8801,2.1120,solved,0
0.0034439843,0.0034439843,2.1117639912e-04,0.0145319097,27,25,1.7746,2.0068,solved,0
0.0034469073,0.0034469073,2.1125409364e-04,0.0145345827,27,25,1.6488,1.9020,solved,0
0.0034498307,0.0034498307,2.1133207709e-04,0.0145372651,27,25,1.9080,2.1909,solved,0
0.0034527539,0.0034527539,2.1141033351e-04,0.0145399564,27,25,1.8734,2.2434,solved,0
0.0034556773,0.0034556773,2.1148887359e-04,0.0145426570,27,25,1.7349,2.0452,solved,0
0.0034586005,0.0034586005,2.1156768659e-04,0.0145453665,27,25,1.7644,1.9974,solved,0
0.0034615236,0.0034615236,2.1164677516e-04,0.0145480849,27,25,1.6611,1.9418,solved,0
0.0034644469,0.0034644469,2.1172614744e-04,0.0145508126,27,25,1.9426,2.2116,solved,0
0.0034673700,0.0034673700,2.1180579256e-04,0.0145535491,27,25,2.7774,3.0738,solved,0
0.0034702934,0.0034702934,2.1188572416e-04,0.0145562950,27,25,2.4811,2.7657,solved,0
0.0034732164,0.0034732164,2.1196592309e-04,0.0145590495,27,25,3.0041,3.3152,solved,0
0.0034761398,0.0034761398,2.1204641129e-04,0.0145618135,27,25,1.9411,2.2348,solved,0
0.0034790630,0.0034790630,2.1212717228e-04,0.0145645862,27,25,1.6240,2.0457,solved,0
0.0034819864,0.0034819864,2.1220821711e-04,0.0145673682,27,25,1.6192,1.8916,solved,0
0.0034849093,0.0034849093,2.1228952633e-04,0.0145701588,27,25,1.6891,1.9565,solved,0
0.0034878327,0.0034878327,2.1237112776e-04,0.0145729588,27,25,1.8368,2.0657,solved,0
0.0034907559,0.0034907559,2.1245300189e-04,0.0145757676,27,25,1.6491,1.9161,solved,0
0.0034936794,0.0034936794,2.1253516276e-04,0.0145785858,27,25,1.8792,2.1958,solved,0
0.0034966023,0.0034966023,2.1261758502e-04,0.0145814123,27,25,2.0498,2.3521,solved,0
0.0034995257,0.0034995257,2.1270029967e-04,0.0145842483,27,25,1.8249,2.0827,solved,0
0.0035024489,0.0035024489,2.1278328696e-04,0.0145870932,27,25,1.5938,1.8778,solved,0
0.0035053721,0.0035053721,2.1286655253e-04,0.0145899470,27,25,1.6707,2.0163,solved,0
0.0035082953,0.0035082953,2.1295009638e-04,0.0145928097,27,25,1.8139,2.1054,solved,0
0.0035112185,0.0035112185,2.1303391852e-04,0.0145956815,27,25,1.9545,2.2021,solved,0
0.0035141418,0.0035141418,2.1311802183e-04,0.0145985623,27,25,1.8154,2.1043,solved,0
0.0035170650,0.0035170650,2.1320240054e-04,0.0146014520,27,25,1.8169,2.1657,solved,0
0.0035199885,0.0035199885,2.1328706624e-04,0.0146043509,27,25,1.7543,2.1457,solved,0
0.0035229114,0.0035229114,2.1337199282e-04,0.0146072582,27,25,1.9542,2.2427,solved,0
0.0035258347,0.0035258347,2.1345720930e-04,0.0146101749,27,25,2.6816,3.0445,solved,0
0.0035287580,0.0035287580,2.1354270409e-04,0.0146131004,27,25,1.8287,2.1751,solved,0
0.0035316814,0.0035316814,2.1362848012e-04,0.0146160350,27,25,1.8970,2.1848,solved,0
0.0035346043,0.0035346043,2.1371451973e-04,0.0146189781,27,25,1.9570,2.4754,solved,0
0.0035375278,0.0035375278,2.1380085531e-04,0.0146219306,27,25,1.8614,2.1270,solved,0
0.0035404510,0.0035404510,2.1388746033e-04,0.0146248918,27,25,1.8782,2.1487,solved,0
0.0035433743,0.0035433743,2.1397434661e-04,0.0146278620,27,25,1.8410,2.1074,solved,0
0.0035462973,0.0035462973,2.1406150223e-04,0.0146308408,27,25,1.7152,1.9758,solved,0
0.0035492205,0.0035492205,2.1414894209e-04,0.0146338287,27,25,1.4907,1.6846,solved,0
0.0035521439,0.0035521439,2.1423666624e-04,0.0146368257,27,25,1.4222,1.5999,solved,0
0.0035550671,0.0035550671,2.1432466269e-04,0.0146398314,27,25,1.4624,1.6798,solved,0
0.0035579903,0.0035579903,2.1441294015e-04,0.0146428460,26,25,1.7531,2.0410,solved,0
0.0035609135,0.0035609135,2.1450157943e-04,0.0146458724,26,25,2.9051,3.2507,solved,0
0.0035638369,0.0035638369,2.1459062416e-04,0.0146489120,26,25,2.3517,2.6833,solved,0
0.0035667601,0.0035667601,2.1468005403e-04,0.0146519642,27,25,1.9263,2.3406,solved,0
0.0035696833,0.0035696833,2.1476984892e-04,0.0146550281,27,25,1.8902,2.1652,solved,0
0.0035726063,0.0035726063,2.1486000068e-04,0.0146581036,27,25,1.9571,2.2355,solved,0
0.0035755297,0.0035755297,2.1495052787e-04,0.0146611912,27,25,2.0095,2.4831,solved,0
0.0035784531,0.0035784531,2.1504139713e-04,0.0146642899,28,25,1.9764,2.2453,solved,0
0.0035813764,0.0035813764,2.1513255790e-04,0.0146673978,28,25,2.0524,2.3300,solved,0
0.0035842996,0.0035842996,2.1522400837e-04,0.0146705149,28,25,2.3690,2.6798,solved,0
0.0035872229,0.0035872229,2.1531575480e-04,0.0146736415,28,25,1.5937,1.8409,solved,0
0.0035901463,0.0035901463,2.1540779721e-04,0.0146767775,28,25,1.3920,1.5809,solved,0
0.0035930697,0.0035930697,2.1550013247e-04,0.0146799228,28,25,1.4322,1.6584,solved,0
0.0035959928,0.0035959928,2.1559275106e-04,0.0146830770,28,25,3.1108,3.4053,solved,0
0.0035989162,0.0035989162,2.1568567200e-04,0.0146862409,28,25,1.8348,2.2101,solved,0
0.0036018396,0.0036018396,2.1577888578e-04,0.0146894141,28,25,2.4075,2.7243,solved,0
0.0036047630,0.0036047630,2.1587239242e-04,0.0146925965,28,25,2.0623,2.3839,solved,0
0.0036076861,0.0036076861,2.1596618226e-04,0.0146957879,28,25,2.1533,2.4576,solved,0
0.0036106094,0.0036106094,2.1606027135e-04,0.0146989888,28,25,1.6077,1.9565,solved,0
0.0036135330,0.0036135330,2.1615466297e-04,0.0147021993,28,25,2.0802,2.4245,solved,0
0.0036164563,0.0036164563,2.1624933775e-04,0.0147054187,28,25,1.4268,1.6587,solved,0
0.0036193795,0.0036193795,2.1634430210e-04,0.0147086472,28,25,1.7408,2.0531,solved,0
0.0036223028,0.0036223028,2.1643956253e-04,0.0147118851,28,25,1.8596,2.2186,solved,0
0.0036252262,0.0036252262,2.1653511907e-04,0.0147151323,28,25,1.7808,2.0678,solved,0
0.0036281495,0.0036281495,2.1663096518e-04,0.0147183887,27,25,1.7674,2.0134,solved,0
0.0036310730,0.0036310730,2.1672711975e-04,0.0147216548,27,25,2.0089,2.2338,solved,0
0.0036339961,0.0036339961,2.1682357116e-04,0.0147249303,27,25,1.8928,2.1605,solved,0
0.0036369196,0.0036369196,2.1692034581e-04,0.0147282160,27,25,1.5841,1.8878,solved,0
0.0036398429,0.0036398429,2.1701742387e-04,0.0147315113,27,25,1.8966,2.2089,solved,0
0.0036427663,0.0036427663,2.1711481528e-04,0.0147348164,27,25,1.9636,2.2830,solved,0
0.0036456895,0.0036456895,2.1721251003e-04,0.0147381312,27,25,2.0598,2.4111,solved,0
0.0036486128,0.0036486128,2.1731051814e-04,0.0147414558,27,25,1.9347,2.2135,solved,0
0.0036515363,0.0036515363,2.1740884300e-04,0.0147447904,27,25,1.6049,1.8856,solved,0
0.0036544597,0.0036544597,2.1750747454e-04,0.0147481346,27,25,1.4419,1.6410,solved,0
0.0036573829,0.0036573829,2.1760640934e-04,0.0147514884,27,25,1.4238,1.5902,solved,0
0.0036603063,0.0036603063,2.1770566094e-04,0.0147548521,27,25,1.4838,1.6717,solved,0
0.0036632296,0.0036632296,2.1780521916e-04,0.0147582255,27,25,1.4085,1.5809,solved,0
0.0036661531,0.0036661531,2.1790509424e-04,0.0147616088,27,25,1.3816,1.5333,solved,0
0.0036690762,0.0036690762,2.1800526618e-04,0.0147650014,26,25,1.4585,1.6432,solved,0
0.0036719995,0.0036719995,2.1810578118e-04,0.0147684048,26,25,1.4045,1.5538,solved,0
0.0036749229,0.0036749229,2.1820665015e-04,0.0147718195,26,25,1.3809,1.5060,solved,0
0.0036778462,0.0036778462,2.1830786618e-04,0.0147752450,26,25,1.5472,1.7640,solved,0
0.0036807696,0.0036807696,2.1840943621e-04,0.0147786818,26,25,1.4210,1.6150,solved,0
0.0036836927,0.0036836927,2.1851134629e-04,0.0147821293,26,25,1.8359,2.0872,solved,0
0.0036866161,0.0036866161,2.1861361735e-04,0.0147855882,26,25,1.8269,2.1348,solved,0
0.0036895393,0.0036895393,2.1871623191e-04,0.0147890578,26,25,1.8428,2.1101,solved,0
0.0036924626,0.0036924626,2.1881920049e-04,0.0147925387,26,25,2.0338,2.3252,solved,0
0.0036953858,0.0036953858,2.1892251603e-04,0.0147960304,26,25,2.1038,2.3699,solved,0
0.0036983091,0.0036983091,2.1902618562e-04,0.0147995333,26,25,1.4211,1.6146,solved,0
0.0037012325,0.0037012325,2.1913020928e-04,0.0148030473,26,25,1.4111,1.5799,solved,0
0.0037041557,0.0037041557,2.1923457632e-04,0.0148065721,26,25,2.0951,2.4167,solved,0
0.0037070789,0.0037070789,2.1933929385e-04,0.0148101078,26,25,1.9419,2.3663,solved,0
0.0037100022,0.0037100022,2.1944436547e-04,0.0148136547,26,25,1.6440,1.9491,solved,0
0.0037129255,0.0037129255,2.1954978760e-04,0.0148172125,26,25,1.9969,2.2832,solved,0
0.0037158489,0.0037158489,2.1965556386e-04,0.0148207815,26,25,2.1431,2.5749,solved,0
0.0037187719,0.0037187719,2.1976167611e-04,0.0148243609,26,25,1.9254,2.2103,solved,0
0.0037216953,0.0037216953,2.1986815339e-04,0.0148279518,26,25,1.8067,2.0617,solved,0
0.0037246186,0.0037246186,2.1997497755e-04,0.0148315534,26,25,1.9013,2.3013,solved,0
0.0037275420,0.0037275420,2.2008215589e-04,0.0148351662,26,25,1.4027,1.5749,solved,0
0.0037304651,0.0037304651,2.2018967372e-04,0.0148387895,26,25,1.6841,1.9085,solved,0
0.0037333883,0.0037333883,2.2029754570e-04,0.0148424238,26,25,1.8698,2.1714,solved,0
0.0037363117,0.0037363117,2.2040577558e-04,0.0148460694,26,25,1.5193,1.7589,solved,0
0.0037392350,0.0037392350,2.2051435228e-04,0.0148497257,26,25,1.8353,2.1216,solved,0
0.0037421584,0.0037421584,2.2062328323e-04,0.0148533930,26,25,1.9560,2.2563,solved,0
0.0037450815,0.0037450815,2.2073255347e-04,0.0148570708,26,25,2.5115,2.8020,solved,0
0.0037480049,0.0037480049,2.2084218545e-04,0.0148607599,26,25,2.1131,2.3505,solved,0
0.0037509282,0.0037509282,2.2095216419e-04,0.0148644598,26,25,2.1870,2.4510,solved,0
0.0037538514,0.0037538514,2.2106248966e-04,0.0148681704,26,25,2.9676,3.2683,solved,0
0.0037567746,0.0037567746,2.2117316562e-04,0.0148718918,26,25,1.9035,2.2227,solved,0
0.0037596979,0.0037596979,2.2128419587e-04,0.0148756242,26,25,1.9270,2.2442,solved,0
0.0037626213,0.0037626213,2.2139558045e-04,0.0148793676,26,25,3.4695,3.8269,solved,0
0.0037655446,0.0037655446,2.2150731173e-04,0.0148831217,26,25,4.6720,5.4686,solved,0
0.0037684678,0.0037684678,2.2161933887e-04,0.0148868848,27,25,1.9845,2.3098,solved,0
0.0037713911,0.0037713911,2.2173161609e-04,0.0148906553,27,25,2.4614,2.7781,solved,0
0.0037743145,0.0037743145,2.2184414339e-04,0.0148944333,27,25,2.0347,2.4304,solved,0
0.0037772378,0.0037772378,2.2195691310e-04,0.0148982185,27,25,2.1005,2.4998,solved,0
0.0037801609,0.0037801609,2.2206992129e-04,0.0149020106,27,25,4.2093,4.7188,solved,0
0.0037830842,0.0037830842,2.2218318346e-04,0.0149058104,27,25,2.2764,2.6000,solved,0
0.0037860075,0.0037860075,2.2229669186e-04,0.0149096174,27,25,1.7726,2.0567,solved,0
0.0037889309,0.0037889309,2.2241045039e-04,0.0149134319,27,25,1.6180,1.8708,solved,0
0.0037918542,0.0037918542,2.2252445128e-04,0.0149172535,27,25,1.8966,2.4897,solved,0
0.0037947773,0.0037947773,2.2263869058e-04,0.0149210821,27,25,1.9655,2.2883,solved,0
0.0037977006,0.0037977006,2.2275318393e-04,0.0149249182,27,25,1.7542,2.0208,solved,0
0.0038006240,0.0038006240,2.2286792745e-04,0.0149287618,27,25,1.6859,1.9613,solved,0
0.0038035475,0.0038035475,2.2298292115e-04,0.0149326127,27,25,1.9855,2.2869,solved,0
0.0038064706,0.0038064706,2.2309814535e-04,0.0149364703,27,25,2.0658,2.3627,solved,0
0.0038093939,0.0038093939,2.2321362366e-04,0.0149403355,27,25,2.0093,2.3448,solved,0
0.0038123172,0.0038123172,2.2332934822e-04,0.0149442078,27,25,1.6319,1.9461,solved,0
0.0038152406,0.0038152406,2.2344532298e-04,0.0149480876,27,25,1.5616,1.7887,solved,0
0.0038181637,0.0038181637,2.2356153205e-04,0.0149519742,27,25,1.5019,1.7039,solved,0
0.0038210870,0.0038210870,2.2367799531e-04,0.0149558683,27,25,1.4391,1.6547,solved,0
0.0038240104,0.0038240104,2.2379470881e-04,0.0149597697,27,25,1.4980,1.7025,solved,0
0.0038269337,0.0038269337,2.2391166455e-04,0.0149636782,27,25,1.3986,1.5631,solved,0
0.0038298568,0.0038298568,2.2402885851e-04,0.0149675936,27,25,1.6346,1.8889,solved,0
0.0038327801,0.0038327801,2.2414630672e-04,0.0149715165,27,25,2.3302,2.7529,solved,0
0.0038357035,0.0038357035,2.2426400519e-04,0.0149754467,27,25,1.9085,2.2368,solved,0
0.0038386268,0.0038386268,2.2438194589e-04,0.0149793840,27,25,1.8827,2.1707,solved,0
0.0038415501,0.0038415501,2.2450013282e-04,0.0149833285,27,25,4.3390,4.7655,solved,0
0.0038444733,0.0038444733,2.2461856193e-04,0.0149872800,27,25,1.8995,2.1932,solved,0
0.0038473966,0.0038473966,2.2473724133e-04,0.0149912388,27,25,1.8581,2.2235,solved,0
0.0038503201,0.0038503201,2.2485617512e-04,0.0149952051,27,25,2.2478,2.7296,solved,0
0.0038532434,0.0038532434,2.2497534701e-04,0.0149991782,27,25,2.0228,2.3812,solved,0
0.0038561665,0.0038561665,2.2509475697e-04,0.0150031582,27,25,1.9581,2.2328,solved,0
0.0038590898,0.0038590898,2.2521442133e-04,0.0150071457,27,25,1.7030,1.9787,solved,0
0.0038620132,0.0038620132,2.2533433603e-04,0.0150111404,27,25,1.6459,1.9039,solved,0
0.0038649366,0.0038649366,2.2545449698e-04,0.0150151423,27,25,1.9179,2.1820,solved,0
0.0038678596,0.0038678596,2.2557488770e-04,0.0150191507,27,25,2.3644,2.6343,solved,0
0.0038707830,0.0038707830,2.2569554114e-04,0.0150231668,27,25,1.7045,1.9633,solved,0
0.0038737064,0.0038737064,2.2581644083e-04,0.0150271901,27,25,1.9670,2.2401,solved,0
0.0038766296,0.0038766296,2.2593757848e-04,0.0150312201,27,25,1.8636,2.1795,solved,0
0.0038795527,0.0038795527,2.2605895820e-04,0.0150352572,27,25,2.9069,3.1964,solved,0
0.0038824760,0.0038824760,2.2618059245e-04,0.0150393016,27,25,1.9990,2.3177,solved,0
0.0038853994,0.0038853994,2.2630247711e-04,0.0150433533,27,25,2.3448,2.8143,solved,0
0.0038883227,0.0038883227,2.2642460385e-04,0.0150474119,27,25,4.8962,5.2435,solved,0
0.0038912458,0.0038912458,2.2654696844e-04,0.0150514773,27,25,2.6430,3.7842,solved,0
0.0038941692,0.0038941692,2.2666959184e-04,0.0150555502,27,25,8.3396,8.8911,solved,0
0.0038970926,0.0038970926,2.2679246149e-04,0.0150596302,27,25,3.3851,4.4598,solved,0
0.0039000160,0.0039000160,2.2691557740e-04,0.0150637173,27,25,2.6782,3.0969,solved,0
0.0039029393,0.0039029393,2.2703893534e-04,0.0150678112,27,25,2.0304,2.4124,solved,0
0.0039058625,0.0039058625,2.2716253529e-04,0.0150719121,27,25,1.9703,2.2518,solved,0
0.0039087858,0.0039087858,2.2728638570e-04,0.0150760202,27,25,2.8672,3.2544,solved,0
0.0039117091,0.0039117091,2.2741048234e-04,0.0150801354,27,25,1.4284,1.6165,solved,0
0.0039146325,0.0039146325,2.2753482949e-04,0.0150842577,27,25,1.5666,1.7717,solved,0
0.0039175558,0.0039175558,2.2765941862e-04,0.0150883869,27,25,2.1840,2.9468,solved,0
0.0039204792,0.0039204792,2.2778425827e-04,0.0150925233,27,25,3.7979,4.4032,solved,0
0.0039234020,0.0039234020,2.2790931848e-04,0.0150966658,27,25,2.4259,3.2247,solved,0
0.0039263254,0.0039263254,2.2803465059e-04,0.0151008162,27,25,2.0299,2.5921,solved,0
0.0039292487,0.0039292487,2.2816022465e-04,0.0151049735,27,25,1.9883,2.2685,solved,0
0.0039321720,0.0039321720,2.2828604495e-04,0.0151091378,27,25,2.0199,2.3148,solved,0
0.0039350954,0.0039350954,2.2841211581e-04,0.0151133092,27,25,3.2040,3.4900,solved,0
0.0039380187,0.0039380187,2.2853842860e-04,0.0151174875,27,25,2.5332,2.8119,solved,0
0.0039409421,0.0039409421,2.2866499197e-04,0.0151216729,27,25,2.8140,3.1223,solved,0
0.0039438654,0.0039438654,2.2879179724e-04,0.0151258652,27,25,2.2982,2.8102,solved,0
0.0039467884,0.0039467884,2.2891883571e-04,0.0151300640,27,25,3.1811,3.6821,solved,0
0.0039497117,0.0039497117,2.2904613343e-04,0.0151342702,27,25,2.0962,2.5197,solved,0
0.0039526350,0.0039526350,2.2917367740e-04,0.0151384833,27,25,3.3990,3.7636,solved,0
0.0039555584,0.0039555584,2.2930147198e-04,0.0151427036,27,25,2.8377,3.2199,solved,0
0.0039584817,0.0039584817,2.2942950844e-04,0.0151469307,27,25,2.3075,3.0070,solved,0
0.0039614051,0.0039614051,2.2955779552e-04,0.0151511648,27,25,2.4894,3.5824,solved,0
0.0039643284,0.0039643284,2.2968632446e-04,0.0151554058,27,25,2.9787,3.3934,solved,0
0.0039672518,0.0039672518,2.2981510405e-04,0.0151596538,27,25,1.8414,2.1635,solved,0
0.0039701750,0.0039701750,2.2994412106e-04,0.0151639085,27,25,1.8840,2.1819,solved,0
0.0039730980,0.0039730980,2.3007337544e-04,0.0151681698,27,25,1.7917,2.1163,solved,0
0.0039760213,0.0039760213,2.3020288931e-04,0.0151724385,27,25,2.0807,2.4817,solved,0
0.0039789446,0.0039789446,2.3033264942e-04,0.0151767141,27,25,1.9400,2.2656,solved,0
0.0039818680,0.0039818680,2.3046266022e-04,0.0151809967,27,25,1.9942,2.3191,solved,0
0.0039847913,0.0039847913,2.3059291281e-04,0.0151852861,27,25,1.8275,2.1245,solved,0
0.0039877146,0.0039877146,2.3072341165e-04,0.0151895823,27,25,2.0224,2.3272,solved,0
0.0039906380,0.0039906380,2.3085416120e-04,0.0151938857,27,25,2.1126,2.4175,solved,0
0.0039935613,0.0039935613,2.3098515252e-04,0.0151981957,27,25,1.5918,1.8331,solved,0
0.0039964843,0.0039964843,2.3111637659e-04,0.0152025122,27,25,2.1072,2.4701,solved,0
0.0039994077,0.0039994077,2.3124786487e-04,0.0152068361,27,25,24.4946,25.0158,solved,0
0.0040023310,0.0040023310,2.3137959489e-04,0.0152111668,27,25,1.8818,2.1904,solved,0
0.0040052544,0.0040052544,2.3151157567e-04,0.0152155045,27,25,1.8726,2.2650,solved,0
0.0040081776,0.0040081776,2.3164379365e-04,0.0152198487,27,25,2.8379,3.2370,solved,0
0.0040111010,0.0040111010,2.3177626692e-04,0.0152242000,27,25,2.9822,3.2995,solved,0
0.0040140243,0.0040140243,2.3190898190e-04,0.0152285581,27,25,5.2120,5.5122,solved,0
0.0040169477,0.0040169477,2.3204194768e-04,0.0152329231,27,25,2.1664,2.4720,solved,0
0.0040198710,0.0040198710,2.3217515515e-04,0.0152372949,27,25,3.3521,3.7832,solved,0
0.0040227939,0.0040227939,2.3230859058e-04,0.0152416728,27,25,3.2538,3.5876,solved,0
0.0040257172,0.0040257172,2.3244229050e-04,0.0152460582,27,25,2.3543,5.8741,solved,0
0.0040286406,0.0040286406,2.3257624124e-04,0.0152504505,27,25,2.3095,3.1004,solved,0
0.0040315639,0.0040315639,2.3271043364e-04,0.0152548495,27,25,1.9608,2.3241,solved,0
0.0040344872,0.0040344872,2.3284487228e-04,0.0152592553,27,25,1.9213,2.1820,solved,0
0.0040374106,0.0040374106,2.3297956177e-04,0.0152636680,27,25,1.8958,2.1555,solved,0
0.0040403339,0.0040403339,2.3311449723e-04,0.0152680875,26,25,1.8587,2.1087,solved,0
0.0040432573,0.0040432573,2.3324969767e-04,0.0152725145,26,25,2.2426,3.1346,solved,0
0.0040461801,0.0040461801,2.3338513101e-04,0.0152769477,26,25,1.8801,2.1542,solved,0
0.0040491033,0.0040491033,2.3352084356e-04,0.0152813888,26,25,2.3480,2.6498,solved,0
0.0040520266,0.0040520266,2.3365682146e-04,0.0152858373,26,25,1.9503,2.7254,solved,0
0.0040549499,0.0040549499,2.3379306007e-04,0.0152902930,26,25,1.9723,2.3000,solved,0
0.0040578732,0.0040578732,2.3392955939e-04,0.0152947559,26,25,3.2445,4.0625,solved,0
0.0040607966,0.0040607966,2.3406632410e-04,0.0152992263,26,25,2.0033,2.2772,solved,0
0.0040637198,0.0040637198,2.3420334017e-04,0.0153037035,26,25,1.9183,2.1861,solved,0
0.0040666431,0.0040666431,2.3434062162e-04,0.0153081881,26,25,2.8383,3.1535,solved,0
0.0040695664,0.0040695664,2.3447816379e-04,0.0153126798,26,25,2.0587,2.3792,solved,0
0.0040724892,0.0040724892,2.3461594308e-04,0.0153171780,26,25,8.3260,8.7943,solved,0
0.0040754125,0.0040754125,2.3475400662e-04,0.0153216842,26,25,1.8941,2.2313,solved,0
0.0040783359,0.0040783359,2.3489233561e-04,0.0153261977,26,25,2.1763,2.5100,solved,0
0.0040812592,0.0040812592,2.3503092059e-04,0.0153307182,26,25,1.6472,1.9296,solved,0
0.0040841825,0.0040841825,2.3516976628e-04,0.0153352459,26,25,1.5807,1.7413,solved,0
0.0040871057,0.0040871057,2.3530886792e-04,0.0153397806,26,25,2.8431,3.4057,solved,0
0.0040900290,0.0040900290,2.3544823502e-04,0.0153443226,26,25,1.7192,2.0008,solved,0
0.0040929523,0.0040929523,2.3558786284e-04,0.0153488717,26,25,2.1740,2.4940,solved,0
0.0040958752,0.0040958752,2.3572773220e-04,0.0153534274,26,25,2.1923,2.4644,solved,0
0.0040987985,0.0040987985,2.3586788140e-04,0.0153579908,26,25,2.9460,3.2631,solved,0
0.0041017217,0.0041017217,2.3600828651e-04,0.0153625612,26,25,2.0760,2.4139,solved,0
0.0041046450,0.0041046450,2.3614895712e-04,0.0153671389,26,25,10.4146,10.7941,solved,0
0.0041075683,0.0041075683,2.3628988845e-04,0.0153717237,26,25,2.2232,2.5612,solved,0
0.0041104916,0.0041104916,2.3643108049e-04,0.0153763156,26,25,2.4090,2.9150,solved,0
0.0041134149,0.0041134149,2.3657253324e-04,0.0153809146,26,25,3.2704,3.6330,solved,0
0.0041163382,0.0041163382,2.3671424670e-04,0.0153855207,26,25,1.9725,2.2332,solved,0
0.0041192616,0.0041192616,2.3685622574e-04,0.0153901340,26,25,1.9667,2.1884,solved,0
0.0041221844,0.0041221844,2.3699843628e-04,0.0153947535,26,25,2.0206,2.2587,solved,0
0.0041251076,0.0041251076,2.3714092696e-04,0.0153993807,26,25,1.4865,1.6747,solved,0
0.0041280309,0.0041280309,2.3728368322e-04,0.0154040152,26,25,1.4203,1.5495,solved,0
0.0041309542,0.0041309542,2.3742670020e-04,0.0154086567,26,25,1.3651,1.4599,solved,0
0.0041338775,0.0041338775,2.3756997788e-04,0.0154133052,26,25,1.5420,1.7240,solved,0
0.0041368008,0.0041368008,2.3771351628e-04,0.0154179608,26,25,1.6629,1.9133,solved,0
0.0041397241,0.0041397241,2.3785731539e-04,0.0154226235,26,25,1.7491,2.1203,solved,0
0.0041426473,0.0041426473,2.3800137028e-04,0.0154272930,26,25,2.0505,2.3336,solved,0
0.0041455702,0.0041455702,2.3814567103e-04,0.0154319691,26,25,2.1600,2.4024,solved,0
0.0041484935,0.0041484935,2.3829025223e-04,0.0154366529,26,25,2.1105,2.6891,solved,0
0.0041514168,0.0041514168,2.3843509414e-04,0.0154413437,26,25,2.2751,2.6749,solved,0
0.0041543401,0.0041543401,2.3858019676e-04,0.0154460415,26,25,1.9790,2.3500,solved,0
0.0041572635,0.0041572635,2.3872556507e-04,0.0154507464,26,25,2.2425,2.5023,solved,0
0.0041601867,0.0041601867,2.3887118414e-04,0.0154554581,26,25,2.2449,2.6748,solved,0
0.0041631100,0.0041631100,2.3901706890e-04,0.0154601769,26,25,2.1134,2.4528,solved,0
0.0041660333,0.0041660333,2.3916321436e-04,0.0154649027,26,25,1.9998,2.3828,solved,0
0.0041689566,0.0041689566,2.3930962054e-04,0.0154696354,26,25,1.4453,1.6115,solved,0
0.0041718794,0.0041718794,2.3945626232e-04,0.0154743744,26,25,1.5998,1.8061,solved,0
0.0041748027,0.0041748027,2.3960318988e-04,0.0154791211,26,25,2.0544,2.3785,solved,0
0.0041777260,0.0041777260,2.3975037815e-04,0.0154838748,26,25,1.4913,1.7878,solved,0
0.0041806493,0.0041806493,2.3989782713e-04,0.0154886354,26,25,1.4199,1.6065,solved,0
0.0041835726,0.0041835726,2.4004553682e-04,0.0154934030,26,25,1.6130,1.8224,solved,0
0.0041864959,0.0041864959,2.4019350722e-04,0.0154981775,26,25,1.4112,1.5805,solved,0
0.0041894192,0.0041894192,2.4034173834e-04,0.0155029590,26,25,2.1375,2.3626,solved,0
0.0041923425,0.0041923425,2.4049023016e-04,0.0155077474,26,25,2.0989,2.3459,solved,0
0.0041952653,0.0041952653,2.4063895724e-04,0.0155125419,26,25,2.0977,2.3047,solved,0
0.0041981886,0.0041981886,2.4078797044e-04,0.0155173442,26,25,2.0645,2.2503,solved,0
0.0042011118,0.0042011118,2.4093723925e-04,0.0155221532,26,25,2.2338,2.4554,solved,0
0.0042040352,0.0042040352,2.4108677898e-04,0.0155269694,26,25,2.1958,2.4997,solved,0
0.0042069585,0.0042069585,2.4123657432e-04,0.0155317924,26,25,1.8013,2.0868,solved,0
0.0042098818,0.0042098818,2.4138663037e-04,0.0155366222,26,25,1.5307,1.7708,solved,0
0.0042128051,0.0042128051,2.4153694713e-04,0.0155414590,26,25,2.6635,2.9335,solved,0
0.0042157285,0.0042157285,2.4168752976e-04,0.0155463028,26,25,2.2129,2.5464,solved,0
0.0042186512,0.0042186512,2.4183833697e-04,0.0155511523,26,25,1.7222,2.0131,solved,0
0.0042215745,0.0042215745,2.4198943582e-04,0.0155560096,26,25,1.7267,1.9879,solved,0
0.0042244978,0.0042244978,2.4214079538e-04,0.0155608739,26,25,1.8761,2.1075,solved,0
0.0042274211,0.0042274211,2.4229241566e-04,0.0155657449,26,25,1.4560,1.6580,solved,0
0.0042303444,0.0042303444,2.4244429664e-04,0.0155706229,26,25,1.5446,1.7231,solved,0
0.0042332677,0.0042332677,2.4259643834e-04,0.0155755076,26,25,1.4027,1.5250,solved,0
0.0042361910,0.0042361910,2.4274884075e-04,0.0155803992,26,25,1.5211,1.7476,solved,0
0.0042391142,0.0042391142,2.4290149864e-04,0.0155852975,26,25,1.8662,2.2847,solved,0
0.0042420375,0.0042420375,2.4305442247e-04,0.0155902028,26,25,1.9585,2.2757,solved,0
0.0042449605,0.0042449605,2.4320759127e-04,0.0155951143,26,25,1.8686,2.1069,solved,0
0.0042478837,0.0042478837,2.4336103123e-04,0.0156000331,26,25,1.3887,1.5251,solved,0
0.0042508070,0.0042508070,2.4351473715e-04,0.0156049587,26,25,1.3574,1.4565,solved,0
0.0042537303,0.0042537303,2.4366870379e-04,0.0156098912,26,25,1.3490,1.4460,solved,0
0.0042566535,0.0042566535,2.4382292585e-04,0.0156148303,26,25,1.5925,1.7813,solved,0
0.0042595768,0.0042595768,2.4397741390e-04,0.0156197764,26,25,1.9976,2.3061,solved,0
0.0042625001,0.0042625001,2.4413216266e-04,0.0156247292,26,25,1.6568,1.8858,solved,0
0.0042654235,0.0042654235,2.4428717960e-04,0.0156296890,25,25,1.3785,1.5007,solved,0
0.0042683463,0.0042683463,2.4444243537e-04,0.0156346549,25,25,1.4367,1.5987,solved,0
0.0042712696,0.0042712696,2.4459798917e-04,0.0156396288,24,25,2.0136,2.2345,solved,0
0.0042741928,0.0042741928,2.4475381199e-04,0.0156446097,24,25,1.4280,1.6595,solved,0
0.0042771161,0.0042771161,2.4490991595e-04,0.0156495979,24,25,1.4841,1.6362,solved,0
0.0042800394,0.0042800394,2.4506629573e-04,0.0156545934,24,25,1.4319,1.5932,solved,0
0.0042829626,0.0042829626,2.4522294596e-04,0.0156595960,24,25,1.6446,1.8557,solved,0
0.0042858859,0.0042858859,2.4537987736e-04,0.0156646059,24,25,2.1218,2.4128,solved,0
0.0042888092,0.0042888092,2.4553708458e-04,0.0156696230,24,25,1.7962,2.0312,solved,0
0.0042917324,0.0042917324,2.4569456223e-04,0.0156746471,24,25,1.6766,1.9049,solved,0
0.0042946551,0.0042946551,2.4585228867e-04,0.0156796776,24,25,1.4317,1.6468,solved,0
0.0042975784,0.0042975784,2.4601032328e-04,0.0156847162,24,25,1.4398,1.6226,solved,0
0.0043005016,0.0043005016,2.4616862829e-04,0.0156897619,24,25,1.5074,1.7408,solved,0
0.0043034249,0.0043034249,2.4632721453e-04,0.0156948149,24,25,1.3998,1.5990,solved,0
0.0043063481,0.0043063481,2.4648607114e-04,0.0156998749,24,25,1.5624,1.7950,solved,0
0.0043092713,0.0043092713,2.4664520356e-04,0.0157049420,24,25,1.5278,1.9575,solved,0
0.0043121946,0.0043121946,2.4680461723e-04,0.0157100165,24,25,1.4453,1.6324,solved,0
0.0043151179,0.0043151179,2.4696430672e-04,0.0157150980,24,25,1.4882,1.7161,solved,0
0.0043180406,0.0043180406,2.4712423916e-04,0.0157201857,24,25,1.4216,1.8203,solved,0
0.0043209640,0.0043209640,2.4728448572e-04,0.0157252817,24,25,1.8777,2.1340,solved,0
0.0043238872,0.0043238872,2.4744499712e-04,0.0157303845,24,25,2.1249,2.3518,solved,0
0.0043268104,0.0043268104,2.4760578432e-04,0.0157354944,24,25,2.1023,2.3161,solved,0
0.0043297337,0.0043297337,2.4776685283e-04,0.0157406116,24,25,2.6140,2.8921,solved,0
0.0043326568,0.0043326568,2.4792818611e-04,0.0157457355,24,25,3.0732,3.4966,solved,0
0.0043355801,0.0043355801,2.4808980624e-04,0.0157508668,24,25,1.9966,2.7375,solved,0
0.0043385034,0.0043385034,2.4825170219e-04,0.0157560053,24,25,3.1832,3.5312,solved,0
0.0043414266,0.0043414266,2.4841386840e-04,0.0157611506,24,25,2.2777,2.8821,solved,0
0.0043443494,0.0043443494,2.4857628817e-04,0.0157663023,24,25,3.4203,4.0398,solved,0
0.0043472727,0.0043472727,2.4873901151e-04,0.0157714619,24,25,2.1008,2.4755,solved,0
0.0043501959,0.0043501959,2.4890200509e-04,0.0157766284,24,25,2.2468,2.7022,solved,0
0.0043531191,0.0043531191,2.4906527447e-04,0.0157818020,24,25,1.9997,2.2873,solved,0
0.0043560425,0.0043560425,2.4922883085e-04,0.0157869830,24,25,1.8770,2.1924,solved,0
0.0043589657,0.0043589657,2.4939265185e-04,0.0157921706,24,25,2.1702,2.6405,solved,0
0.0043618889,0.0043618889,2.4955674865e-04,0.0157973652,24,25,1.6007,1.8625,solved,0
0.0043648122,0.0043648122,2.4972112687e-04,0.0158025671,24,25,1.3797,1.5209,solved,0
0.0043677349,0.0043677349,2.4988574709e-04,0.0158077749,24,25,1.3726,1.4823,solved,0
0.0043706582,0.0043706582,2.5005067689e-04,0.0158129908,24,25,1.4840,1.6711,solved,0
0.0043735814,0.0043735814,2.5021587686e-04,0.0158182135,24,25,2.2274,2.4931,solved,0
0.0043765046,0.0043765046,2.5038135262e-04,0.0158234431,24,25,1.5652,1.8004,solved,0
0.0043794279,0.0043794279,2.5054710986e-04,0.0158286800,24,25,1.4098,1.5589,solved,0
0.0043823512,0.0043823512,2.5071314292e-04,0.0158339238,24,25,1.5818,1.7716,solved,0
0.0043852744,0.0043852744,2.5087944610e-04,0.0158391744,24,25,1.9001,2.1689,solved,0
0.0043881977,0.0043881977,2.5104603078e-04,0.0158444322,24,25,1.5619,1.7608,solved,0
0.0043911210,0.0043911210,2.5121289128e-04,0.0158496969,24,25,1.4170,1.5898,solved,0
0.0043940437,0.0043940437,2.5137999327e-04,0.0158549675,24,25,1.4996,1.7489,solved,0
0.0043969670,0.0043969670,2.5154740535e-04,0.0158602461,24,25,1.5682,1.8339,solved,0
0.0043998903,0.0043998903,2.5171509324e-04,0.0158655316,24,25,1.5577,1.7968,solved,0
0.0044028135,0.0044028135,2.5188305121e-04,0.0158708239,24,25,1.8433,2.0742,solved,0
0.0044057367,0.0044057367,2.5205128497e-04,0.0158761231,24,25,1.6245,1.8693,solved,0
0.0044086600,0.0044086600,2.5221980030e-04,0.0158814294,24,25,1.7062,1.9956,solved,0
0.0044115832,0.0044115832,2.5238858568e-04,0.0158867425,24,25,1.5430,1.8119,solved,0
0.0044145065,0.0044145065,2.5255765263e-04,0.0158920626,24,25,1.5112,1.7377,solved,0
0.0044174293,0.0044174293,2.5272696642e-04,0.0158973887,24,25,1.8655,2.1496,solved,0
0.0044203525,0.0044203525,2.5289657916e-04,0.0159027224,24,25,1.6036,1.8364,solved,0
0.0044232757,0.0044232757,2.5306646770e-04,0.0159080630,24,25,1.4595,1.6662,solved,0
0.0044261990,0.0044261990,2.5323663787e-04,0.0159134106,24,25,1.6305,1.8249,solved,0
0.0044291223,0.0044291223,2.5340709151e-04,0.0159187654,23,25,1.4634,1.6537,solved,0
0.0044320455,0.0044320455,2.5357785689e-04,0.0159241281,23,25,2.4961,2.7556,solved,0
0.0044349689,0.0044349689,2.5374895564e-04,0.0159294995,23,25,1.6509,1.9122,solved,0
0.0044378922,0.0044378922,2.5392037021e-04,0.0159348790,23,25,1.5450,1.8028,solved,0
0.0044408155,0.0044408155,2.5409210646e-04,0.0159402668,23,25,1.5465,1.7565,solved,0
0.0044437384,0.0044437384,2.5426414081e-04,0.0159456621,23,25,1.7191,2.1725,solved,0
0.0044466617,0.0044466617,2.5443652036e-04,0.0159510664,23,25,2.1443,2.5125,solved,0
0.0044495850,0.0044495850,2.5460922157e-04,0.0159564790,23,25,2.2136,2.4547,solved,0
0.0044525083,0.0044525083,2.5478224447e-04,0.0159618998,23,25,2.1329,2.3684,solved,0
0.0044554317,0.0044554317,2.5495559496e-04,0.0159673290,23,25,2.6392,2.9865,solved,0
0.0044583550,0.0044583550,2.5512926121e-04,0.0159727662,23,25,1.9765,2.2700,solved,0
0.0044612782,0.0044612782,2.5530324317e-04,0.0159782115,23,25,1.8353,2.1184,solved,0
0.0044642015,0.0044642015,2.5547755275e-04,0.0159836652,23,25,1.6584,1.8955,solved,0
0.0044671244,0.0044671244,2.5565216009e-04,0.0159891263,23,25,1.5400,1.7877,solved,0
0.0044700477,0.0044700477,2.5582711297e-04,0.0159945964,23,25,1.6443,1.8402,solved,0
0.0044729710,0.0044729710,2.5600238752e-04,0.0160000746,23,25,1.4156,1.5727,solved,0
0.0044758944,0.0044758944,2.5617798976e-04,0.0160055612,23,25,1.3813,1.5233,solved,0
0.0044788177,0.0044788177,2.5635390767e-04,0.0160110558,23,25,1.4717,1.6661,solved,0
0.0044817410,0.0044817410,2.5653014725e-04,0.0160165585,23,25,1.7224,2.0085,solved,0
0.0044846644,0.0044846644,2.5670671455e-04,0.0160220696,23,25,2.0622,2.3362,solved,0
0.0044875877,0.0044875877,2.5688359749e-04,0.0160275886,23,25,1.5507,1.7658,solved,0
0.0044905104,0.0044905104,2.5706076570e-04,0.0160331147,23,25,1.5600,1.7330,solved,0
0.0044934337,0.0044934337,2.5723829191e-04,0.0160386499,23,25,1.3918,1.5324,solved,0
0.0044963571,0.0044963571,2.5741614986e-04,0.0160441936,22,25,1.4020,1.5344,solved,0
0.0044992805,0.0044992805,2.5759435564e-04,0.0160497463,22,25,1.5232,1.6969,solved,0
0.0045022039,0.0045022039,2.5777291267e-04,0.0160553079,22,25,1.7202,1.9448,solved,0
0.0045051272,0.0045051272,2.5795181482e-04,0.0160608784,22,25,1.4204,1.5922,solved,0
0.0045080506,0.0045080506,2.5813107435e-04,0.0160664581,22,25,1.4185,1.6062,solved,0
0.0045109741,0.0045109741,2.5831069128e-04,0.0160720469,22,25,1.5015,1.7016,solved,0
0.0045138973,0.0045138973,2.5849064100e-04,0.0160776441,22,25,1.5073,1.7893,solved,0
0.0045168203,0.0045168203,2.5867092958e-04,0.0160832500,22,25,1.6403,1.9406,solved,0
0.0045197437,0.0045197437,2.5885159406e-04,0.0160888655,22,25,1.5639,1.7758,solved,0
0.0045226670,0.0045226670,2.5903260360e-04,0.0160944899,22,25,1.4396,1.6215,solved,0
0.0045255904,0.0045255904,2.5921397058e-04,0.0161001233,22,25,1.4613,1.6411,solved,0
0.0045285138,0.0045285138,2.5939568881e-04,0.0161057657,22,25,1.3962,1.5450,solved,0
0.0045314372,0.0045314372,2.5957775829e-04,0.0161114170,22,25,1.3867,1.5367,solved,0
0.0045343606,0.0045343606,2.5976017903e-04,0.0161170772,22,25,1.5117,1.7075,solved,0
0.0045372839,0.0045372839,2.5994294477e-04,0.0161227462,22,25,1.5333,1.7970,solved,0
0.0045402068,0.0045402068,2.6012603666e-04,0.0161284233,22,25,1.8692,2.1531,solved,0
0.0045431302,0.0045431302,2.6030951108e-04,0.0161341102,22,25,2.1333,2.3714,solved,0
0.0045460535,0.0045460535,2.6049333047e-04,0.0161398058,22,25,2.2535,2.5845,solved,0
0.0045489769,0.0045489769,2.6067750740e-04,0.0161455104,22,25,1.9869,2.3805,solved,0
0.0045519003,0.0045519003,2.6086203558e-04,0.0161512240,22,25,1.7797,2.0558,solved,0
0.0045548237,0.0045548237,2.6104691501e-04,0.0161569463,22,25,1.4260,1.6014,solved,0
0.0045577471,0.0045577471,2.6123214570e-04,0.0161626776,22,25,1.7987,2.0548,solved,0
0.0045606704,0.0045606704,2.6141772129e-04,0.0161684174,22,25,3.3164,3.8146,solved,0
0.0045635938,0.0045635938,2.6160365447e-04,0.0161741663,22,25,2.0001,2.2987,solved,0
0.0045665167,0.0045665167,2.6178990702e-04,0.0161799230,22,25,1.5424,1.7717,solved,0
0.0045694401,0.0045694401,2.6197654265e-04,0.0161856894,22,25,1.6885,1.9472,solved,0
0.0045723635,0.0045723635,2.6216352953e-04,0.0161914647,22,25,2.1641,2.4811,solved,0
0.0045752869,0.0045752869,2.6235086767e-04,0.0161972488,22,25,1.8192,2.1405,solved,0
0.0045782102,0.0045782102,2.6253855064e-04,0.0162030414,22,25,1.6567,1.9266,solved,0
0.0045811336,0.0045811336,2.6272659128e-04,0.0162088430,22,25,1.7684,1.9995,solved,0
0.0045840569,0.0045840569,2.6291497672e-04,0.0162146531,22,25,1.7131,1.9883,solved,0
0.0045869803,0.0045869803,2.6310371985e-04,0.0162204722,22,25,1.8469,2.1558,solved,0
0.0045899032,0.0045899032,2.6329278186e-04,0.0162262991,22,25,1.8298,2.1369,solved,0
0.0045928266,0.0045928266,2.6348222744e-04,0.0162321356,22,25,1.8180,2.0787,solved,0
0.0045957500,0.0045957500,2.6367202427e-04,0.0162379809,22,25,1.8474,2.1084,solved,0
0.0045986734,0.0045986734,2.6386217236e-04,0.0162438349,22,25,3.3736,3.9038,solved,0
0.0046015967,0.0046015967,2.6405266518e-04,0.0162496974,22,25,1.6198,1.9001,solved,0
0.0046045201,0.0046045201,2.6424351576e-04,0.0162555688,22,25,1.4237,1.5775,solved,0
0.0046074435,0.0046074435,2.6443471760e-04,0.0162614488,22,25,1.6074,1.8463,solved,0
0.0046103668,0.0046103668,2.6462626413e-04,0.0162673373,22,25,1.7879,2.4824,solved,0
0.0046132903,0.0046132903,2.6481817504e-04,0.0162732349,22,25,1.8513,2.1299,solved,0
0.0046162131,0.0046162131,2.6501039114e-04,0.0162791398,22,25,1.4840,1.7150,solved,0
0.0046191365,0.0046191365,2.6520299792e-04,0.0162850544,22,25,1.4574,1.6557,solved,0
0.0046220599,0.0046220599,2.6539595596e-04,0.0162909777,22,25,1.3655,1.4842,solved,0
0.0046249833,0.0046249833,2.6558926525e-04,0.0162969097,22,25,1.5008,1.7298,solved,0
0.0046279066,0.0046279066,2.6578291916e-04,0.0163028500,22,25,1.5821,1.8207,solved,0
0.0046308301,0.0046308301,2.6597693759e-04,0.0163087994,22,25,1.4797,1.7118,solved,0
0.0046337534,0.0046337534,2.6617129419e-04,0.0163147569,21,25,1.4379,1.5997,solved,0
0.0046366767,0.0046366767,2.6636600545e-04,0.0163207232,21,25,1.4036,1.5436,solved,0
0.0046395997,0.0046395997,2.6656105241e-04,0.0163266975,21,25,1.3751,1.5442,solved,0
0.0046425231,0.0046425231,2.6675648182e-04,0.0163326814,21,25,1.6945,2.0686,solved,0
0.0046454465,0.0046454465,2.6695226700e-04,0.0163386740,21,25,1.5295,1.7089,solved,0
0.0046483698,0.0046483698,2.6714840123e-04,0.0163446750,21,25,1.3585,1.4684,solved,0
0.0046512933,0.0046512933,2.6734490467e-04,0.0163506851,21,25,1.3686,1.4494,solved,0
0.0046542167,0.0046542167,2.6754175716e-04,0.0163567037,21,25,1.3738,1.4780,solved,0
0.0046571401,0.0046571401,2.6773896543e-04,0.0163627310,21,25,1.4159,1.5845,solved,0
0.0046600634,0.0046600634,2.6793652270e-04,0.0163687667,21,25,1.7713,2.0287,solved,0
0.0046629869,0.0046629869,2.6813444927e-04,0.0163748114,21,25,1.8495,2.0723,solved,0
0.0046659098,0.0046659098,2.6833269091e-04,0.0163808636,21,25,1.4354,1.5837,solved,0
0.0046688331,0.0046688331,2.6853131541e-04,0.0163869251,21,25,1.3726,1.5156,solved,0
0.0046717565,0.0046717565,2.6873030246e-04,0.0163929955,21,25,1.4740,1.6467,solved,0
0.0046746800,0.0046746800,2.6892965211e-04,0.0163990747,21,25,1.4550,1.6534,solved,0
0.0046776033,0.0046776033,2.6912934388e-04,0.0164051621,21,25,1.7116,1.9762,solved,0
0.0046805267,0.0046805267,2.6932939825e-04,0.0164112583,21,25,1.4595,1.6631,solved,0
0.0046834501,0.0046834501,2.6952980839e-04,0.0164173630,21,25,1.3981,1.5435,solved,0
0.0046863735,0.0046863735,2.6973057431e-04,0.0164234763,21,25,1.3854,1.5088,solved,0
0.0046892964,0.0046892964,2.6993166156e-04,0.0164295971,21,25,1.3394,1.4433,solved,0
0.0046922199,0.0046922199,2.7013314586e-04,0.0164357277,21,25,1.6512,1.8780,solved,0
0.0046951431,0.0046951431,2.7033496522e-04,0.0164418662,21,25,1.3956,1.5511,solved,0
0.0046980665,0.0046980665,2.7053715415e-04,0.0164480137,21,25,1.4712,1.6305,solved,0
0.0047009900,0.0047009900,2.7073970579e-04,0.0164541699,21,25,1.3766,1.5062,solved,0
0.0047039134,0.0047039134,2.7094260627e-04,0.0164603343,21,25,1.3473,1.4677,solved,0
0.0047068368,0.0047068368,2.7114586253e-04,0.0164665073,21,25,1.3564,1.4691,solved,0
0.0047097601,0.0047097601,2.7134946759e-04,0.0164726885,21,25,1.4936,1.6391,solved,0
0.0047126831,0.0047126831,2.7155340745e-04,0.0164788776,21,25,1.4256,1.6237,solved,0
0.0047156065,0.0047156065,2.7175773096e-04,0.0164850760,21,25,1.7369,1.9864,solved,0
0.0047185299,0.0047185299,2.7196241025e-04,0.0164912829,21,25,1.7151,1.9364,solved,0
0.0047214532,0.0047214532,2.7216743829e-04,0.0164974979,21,25,1.4265,1.5978,solved,0
0.0047243767,0.0047243767,2.7237283614e-04,0.0165037219,21,25,1.6025,1.8195,solved,0
0.0047273000,0.0047273000,2.7257857569e-04,0.0165099538,21,25,1.6672,1.9036,solved,0
0.0047302234,0.0047302234,2.7278467806e-04,0.0165161944,21,25,1.4415,1.6101,solved,0
0.0047331468,0.0047331468,2.7299113619e-04,0.0165224434,21,25,1.4587,1.6369,solved,0
0.0047360702,0.0047360702,2.7319795010e-04,0.0165287008,21,25,1.3586,1.5260,solved,0
0.0047389931,0.0047389931,2.7340508431e-04,0.0165349655,21,25,1.9380,2.3040,solved,0
0.0047419166,0.0047419166,2.7361261681e-04,0.0165412399,21,25,2.0203,2.3511,solved,0
0.0047448398,0.0047448398,2.7382048375e-04,0.0165475220,21,25,1.8464,2.1214,solved,0
0.0047477634,0.0047477634,2.7402873493e-04,0.0165538133,21,25,1.9687,2.2421,solved,0
0.0047506867,0.0047506867,2.7423732050e-04,0.0165601123,21,25,1.8514,2.1400,solved,0
0.0047536101,0.0047536101,2.7444626898e-04,0.0165664199,21,25,1.7230,2.0132,solved,0
0.0047565334,0.0047565334,2.7465556607e-04,0.0165727356,21,25,1.5652,1.8824,solved,0
0.0047594569,0.0047594569,2.7486523326e-04,0.0165790601,21,25,1.5145,1.7115,solved,0
0.0047623798,0.0047623798,2.7507521310e-04,0.0165853916,21,25,1.3783,1.5224,solved,0
0.0047653032,0.0047653032,2.7528558461e-04,0.0165917324,21,25,1.4018,1.5652,solved,0
0.0047682265,0.0047682265,2.7549630467e-04,0.0165980814,21,25,1.5387,1.7295,solved,0
0.0047711499,0.0047711499,2.7570738771e-04,0.0166044388,21,25,1.4511,1.6439,solved,0
0.0047740734,0.0047740734,2.7591883376e-04,0.0166108047,21,25,1.4256,1.5905,solved,0
0.0047769967,0.0047769967,2.7613062110e-04,0.0166171785,21,25,1.4096,1.5902,solved,0
0.0047799202,0.0047799202,2.7634277872e-04,0.0166235610,21,25,1.7222,2.0792,solved,0
0.0047828435,0.0047828435,2.7655527758e-04,0.0166299512,21,25,1.4626,1.6733,solved,0
0.0047857670,0.0047857670,2.7676814677e-04,0.0166363502,21,25,1.7170,2.0492,solved,0
0.0047886899,0.0047886899,2.7698135589e-04,0.0166427569,20,25,1.4009,1.5699,solved,0
0.0047916132,0.0047916132,2.7719501315e-04,0.0166491745,20,25,1.3882,1.5282,solved,0
0.0047945367,0.0047945367,2.7740910418e-04,0.0166556028,20,25,1.4471,1.6354,solved,0
0.0047974602,0.0047974602,2.7762361438e-04,0.0166620411,20,25,1.4804,1.6754,solved,0
0.0048003835,0.0048003835,2.7783852903e-04,0.0166684891,20,25,1.4713,1.6562,solved,0
0.0048033069,0.0048033069,2.7805387017e-04,0.0166749474,20,25,1.8294,2.0955,solved,0
0.0048062303,0.0048062303,2.7826963044e-04,0.0166814157,20,25,1.4317,1.6255,solved,0
0.0048091537,0.0048091537,2.7848580985e-04,0.0166878941,20,25,1.3678,1.5076,solved,0
0.0048120767,0.0048120767,2.7870240764e-04,0.0166943825,19,25,1.3870,1.5339,solved,0
0.0048150002,0.0048150002,2.7891953292e-04,0.0167008842,19,25,1.6705,1.8907,solved,0
0.0048179238,0.0048179238,2.7913715652e-04,0.0167073983,19,25,2.0100,2.2995,solved,0
0.0048208473,0.0048208473,2.7935526354e-04,0.0167139242,19,25,1.5344,1.7973,solved,0
0.0048237708,0.0048237708,2.7957386143e-04,0.0167204624,19,25,2.0855,2.3864,solved,0
0.0048266944,0.0048266944,2.7979295767e-04,0.0167270128,19,25,1.9673,2.3033,solved,0
0.0048296178,0.0048296178,2.8001252977e-04,0.0167335749,19,25,2.0712,2.4047,solved,0
0.0048325413,0.0048325413,2.8023260023e-04,0.0167401493,19,25,1.9328,2.2776,solved,0
0.0048354648,0.0048354648,2.8045316155e-04,0.0167467358,19,25,1.9834,2.2659,solved,0
0.0048383878,0.0048383878,2.8067419425e-04,0.0167533338,18,25,1.9529,2.2029,solved,0
0.0048413113,0.0048413113,2.8089582637e-04,0.0167599471,18,25,2.1508,2.4471,solved,0
0.0048442349,0.0048442349,2.8111803097e-04,0.0167665748,18,25,1.8422,2.1245,solved,0
0.0048471585,0.0048471585,2.8134080051e-04,0.0167732168,18,25,1.5365,1.8157,solved,0
0.0048500820,0.0048500820,2.8156412732e-04,0.0167798727,18,25,1.9760,2.2835,solved,0
0.0048530055,0.0048530055,2.8178801901e-04,0.0167865428,18,25,1.9394,2.2538,solved,0
0.0048559290,0.0048559290,2.8201247559e-04,0.0167932271,18,25,1.9438,2.3363,solved,0
0.0048588525,0.0048588525,2.8223749705e-04,0.0167999255,18,25,1.5773,1.8042,solved,0
0.0048617756,0.0048617756,2.8246305250e-04,0.0168066372,18,25,1.4568,1.6397,solved,0
0.0048646991,0.0048646991,2.8268920366e-04,0.0168133638,18,25,1.9897,2.2546,solved,0
0.0048676227,0.0048676227,2.8291592747e-04,0.0168201049,18,25,2.7453,3.2877,solved,0
0.0048705462,0.0048705462,2.8314320841e-04,0.0168268597,18,25,2.4970,2.9408,solved,0
0.0048734697,0.0048734697,2.8337105424e-04,0.0168336287,18,25,1.8785,2.1560,solved,0
0.0048763932,0.0048763932,2.8359946496e-04,0.0168404117,18,25,1.8674,2.2220,solved,0
0.0048793167,0.0048793167,2.8382844057e-04,0.0168472087,18,25,2.1603,2.4643,solved,0
0.0048822403,0.0048822403,2.8405798891e-04,0.0168540200,18,25,1.9354,2.2577,solved,0
0.0048851638,0.0048851638,2.8428809431e-04,0.0168608450,18,25,1.6055,1.8971,solved,0
0.0048880869,0.0048880869,2.8451873298e-04,0.0168676831,18,25,1.6828,1.9806,solved,0
0.0048910104,0.0048910104,2.8474996807e-04,0.0168745361,18,25,2.0964,2.4033,solved,0
0.0048939339,0.0048939339,2.8498176804e-04,0.0168814030,18,25,2.5137,2.8367,solved,0
0.0048968575,0.0048968575,2.8521414085e-04,0.0168882841,18,25,2.4409,2.7971,solved,0
0.0048997810,0.0048997810,2.8544707061e-04,0.0168951789,18,25,2.8480,3.7424,solved,0
0.0049027045,0.0049027045,2.8568056526e-04,0.0169020876,18,25,2.2780,2.8067,solved,0
0.0049056281,0.0049056281,2.8591463281e-04,0.0169090104,18,25,1.8695,2.2067,solved,0
0.0049085516,0.0049085516,2.8614925724e-04,0.0169159468,18,25,2.1386,2.5530,solved,0
0.0049114747,0.0049114747,2.8638441434e-04,0.0169228962,18,25,2.3480,2.6904,solved,0
0.0049143982,0.0049143982,2.8662016847e-04,0.0169298603,18,25,2.2673,2.5664,solved,0
0.0049173217,0.0049173217,2.8685648749e-04,0.0169368382,18,25,1.7151,1.9995,solved,0
0.0049202452,0.0049202452,2.8709337138e-04,0.0169438299,18,25,2.1053,2.8143,solved,0
0.0049231687,0.0049231687,2.8733082017e-04,0.0169508354,18,25,4.4763,4.8251,solved,0
0.0049260923,0.0049260923,2.8756884199e-04,0.0169578549,18,25,1.4567,1.6794,solved,0
0.0049290159,0.0049290159,2.8780742873e-04,0.0169648881,18,25,1.6662,2.0534,solved,0
0.0049319395,0.0049319395,2.8804658040e-04,0.0169719351,18,25,1.8085,2.1398,solved,0
0.0049348629,0.0049348629,2.8828628057e-04,0.0169789953,18,25,1.5065,1.7496,solved,0
0.0049377860,0.0049377860,2.8852652091e-04,0.0169860684,18,25,1.8815,2.1562,solved,0
0.0049407094,0.0049407094,2.8876735072e-04,0.0169931560,18,25,2.2006,2.5166,solved,0
0.0049436329,0.0049436329,2.8900875364e-04,0.0170002575,18,25,3.0368,3.3800,solved,0
0.0049465566,0.0049465566,2.8925073802e-04,0.0170073730,18,25,1.9955,2.2871,solved,0
0.0049494802,0.0049494802,2.8949327906e-04,0.0170145020,18,25,1.6992,1.9390,solved,0
0.0049524037,0.0049524037,2.8973637669e-04,0.0170216444,18,25,1.5085,1.7673,solved,0
0.0049553272,0.0049553272,2.8998003921e-04,0.0170288003,18,25,2.0416,2.3574,solved,0
0.0049582506,0.0049582506,2.9022425825e-04,0.0170359695,18,25,2.9433,4.0198,solved,0
0.0049611739,0.0049611739,2.9046903376e-04,0.0170431521,18,25,1.7259,2.0209,solved,0
0.0049640973,0.0049640973,2.9071438248e-04,0.0170503485,18,25,1.6668,2.0915,solved,0
0.0049670208,0.0049670208,2.9096030446e-04,0.0170575586,18,25,2.7522,3.0981,solved,0
0.0049699446,0.0049699446,2.9120681665e-04,0.0170647829,18,25,1.5535,1.7633,solved,0
0.0049728680,0.0049728680,2.9145386001e-04,0.0170720198,18,25,1.5213,1.7316,solved,0
0.0049757914,0.0049757914,2.9170146820e-04,0.0170792701,18,25,1.4731,1.6855,solved,0
0.0049787149,0.0049787149,2.9194964975e-04,0.0170865342,18,25,4.7302,5.0069,solved,0
0.0049816383,0.0049816383,2.9219838766e-04,0.0170938114,18,25,2.0131,2.3297,solved,0
0.0049845615,0.0049845615,2.9244767334e-04,0.0171011015,18,25,3.4217,3.9683,solved,0
0.0049874850,0.0049874850,2.9269754947e-04,0.0171084058,18,25,1.8218,2.1389,solved,0
0.0049904085,0.0049904085,2.9294799047e-04,0.0171157235,18,25,2.2386,2.7295,solved,0
0.0049933322,0.0049933322,2.9319901356e-04,0.0171230550,18,25,1.9466,2.2371,solved,0
0.0049962557,0.0049962557,2.9345058437e-04,0.0171303994,18,25,2.0572,2.4020,solved,0
0.0049991791,0.0049991791,2.9370271144e-04,0.0171377569,18,25,3.1916,3.6002,solved,0
0.0050021026,0.0050021026,2.9395541201e-04,0.0171451279,18,25,2.0338,2.4702,solved,0
0.0050050264,0.0050050264,2.9420870348e-04,0.0171525130,18,25,2.2455,2.6149,solved,0
0.0050079498,0.0050079498,2.9446252518e-04,0.0171599104,18,25,2.6218,2.9461,solved,0
0.0050108727,0.0050108727,2.9471686818e-04,0.0171673198,18,25,1.8744,2.1609,solved,0
0.0050137965,0.0050137965,2.9497185440e-04,0.0171747447,18,25,1.8544,2.3212,solved,0
0.0050167199,0.0050167199,2.9522737063e-04,0.0171821818,18,25,2.1196,2.7646,solved,0
0.0050196434,0.0050196434,2.9548346047e-04,0.0171896324,18,25,2.2737,2.6329,solved,0
0.0050225668,0.0050225668,2.9574010640e-04,0.0171970959,18,25,2.3825,2.7864,solved,0
0.0050254906,0.0050254906,2.9599735242e-04,0.0172045736,18,25,2.3263,3.0799,solved,0
0.0050284140,0.0050284140,2.9625512812e-04,0.0172120634,18,25,1.9762,2.3778,solved,0
0.0050313375,0.0050313375,2.9651347753e-04,0.0172195667,18,25,1.8543,2.1610,solved,0
0.0050342607,0.0050342607,2.9677236521e-04,0.0172270823,18,25,1.7456,2.0616,solved,0
0.0050371842,0.0050371842,2.9703184433e-04,0.0172346118,18,25,1.7409,2.0227,solved,0
0.0050401076,0.0050401076,2.9729187942e-04,0.0172421541,18,25,1.8887,2.1517,solved,0
0.0050430310,0.0050430310,2.9755247936e-04,0.0172497095,18,25,1.6127,1.9067,solved,0
0.0050459549,0.0050459549,2.9781368886e-04,0.0172572793,18,25,1.6364,1.9414,solved,0
0.0050488783,0.0050488783,2.9807541859e-04,0.0172648608,18,25,1.4525,1.6751,solved,0
0.0050518017,0.0050518017,2.9833771317e-04,0.0172724553,18,25,1.4344,1.5902,solved,0
0.0050547252,0.0050547252,2.9860058159e-04,0.0172800631,18,25,1.8732,2.1040,solved,0
0.0050576489,0.0050576489,2.9886403395e-04,0.0172876845,17,25,2.3558,2.6432,solved,0
0.0050605720,0.0050605720,2.9912800254e-04,0.0172953174,17,25,1.4715,1.6477,solved,0
0.0050634955,0.0050634955,2.9939257815e-04,0.0173029644,17,25,1.3952,1.5243,solved,0
0.0050664190,0.0050664190,2.9965772470e-04,0.0173106246,17,25,1.3797,1.5059,solved,0
0.0050693424,0.0050693424,2.9992343309e-04,0.0173182976,17,25,2.2484,2.6965,solved,0
0.0050722662,0.0050722662,3.0018974885e-04,0.0173259848,17,25,2.0532,2.3572,solved,0
0.0050751897,0.0050751897,3.0045660825e-04,0.0173336842,17,25,1.4360,1.6734,solved,0
0.0050781131,0.0050781131,3.0072402944e-04,0.0173413964,17,25,1.3989,1.5435,solved,0
0.0050810366,0.0050810366,3.0099203070e-04,0.0173491219,17,25,1.5560,1.7114,solved,0
0.0050839598,0.0050839598,3.0126057531e-04,0.0173568596,17,25,1.7197,1.9835,solved,0
0.0050868833,0.0050868833,3.0152971840e-04,0.0173646111,17,25,1.4909,1.7246,solved,0
0.0050898070,0.0050898070,3.0179945089e-04,0.0173723761,17,25,1.9727,2.3644,solved,0
0.0050927305,0.0050927305,3.0206973589e-04,0.0173801535,17,25,1.5483,1.7859,solved,0
0.0050956541,0.0050956541,3.0234060110e-04,0.0173879441,17,25,1.3690,1.5452,solved,0
0.0050985775,0.0050985775,3.0261201870e-04,0.0173957471,17,25,1.4486,1.6818,solved,0
0.0051015013,0.0051015013,3.0288404445e-04,0.0174035641,17,25,1.4819,1.6942,solved,0
0.0051044247,0.0051044247,3.0315660393e-04,0.0174113929,17,25,1.3934,1.5382,solved,0
0.0051073482,0.0051073482,3.0342974366e-04,0.0174192349,17,25,1.4453,1.5774,solved,0
0.0051102714,0.0051102714,3.0370342622e-04,0.0174270889,17,25,1.3537,1.4641,solved,0
0.0051131949,0.0051131949,3.0397770777e-04,0.0174349565,17,25,1.4221,1.6509,solved,0
0.0051161183,0.0051161183,3.0425255085e-04,0.0174428367,17,25,1.5214,1.7790,solved,0
0.0051190418,0.0051190418,3.0452797425e-04,0.0174507299,17,25,1.5547,1.7719,solved,0
0.0051219656,0.0051219656,3.0480399695e-04,0.0174586367,17,25,1.3857,1.5061,solved,0
0.0051248890,0.0051248890,3.0508055283e-04,0.0174665553,17,25,1.3568,1.4392,solved,0
0.0051278125,0.0051278125,3.0535768909e-04,0.0174744868,17,25,1.3500,1.4319,solved,0
0.0051307361,0.0051307361,3.0563540580e-04,0.0174824313,17,25,1.3375,1.4226,solved,0
0.0051336592,0.0051336592,3.0591364585e-04,0.0174903872,17,25,1.9752,2.2108,solved,0
0.0051365827,0.0051365827,3.0619249487e-04,0.0174983569,17,25,1.4951,1.6982,solved,0
0.0051395062,0.0051395062,3.0647191483e-04,0.0175063393,17,25,1.4641,1.6804,solved,0
0.0051424300,0.0051424300,3.0675193449e-04,0.0175143351,17,25,1.3599,1.4725,solved,0
0.0051453534,0.0051453534,3.0703248678e-04,0.0175223425,17,25,1.3991,1.5222,solved,0
0.0051482769,0.0051482769,3.0731361959e-04,0.0175303628,17,25,1.4184,1.6055,solved,0
0.0051512006,0.0051512006,3.0759534264e-04,0.0175383962,17,25,1.6081,1.8574,solved,0
0.0051541241,0.0051541241,3.0787761737e-04,0.0175464417,17,25,1.5021,1.6968,solved,0
0.0051570476,0.0051570476,3.0816046304e-04,0.0175544998,17,25,1.3674,1.5299,solved,0
0.0051599708,0.0051599708,3.0844385080e-04,0.0175625696,16,125,4.5958,4.9234,solved,1
0.0051628942,0.0051628942,3.0872789586e-04,0.0175706544,16,50,2.0097,2.1867,solved,0
0.0051658177,0.0051658177,3.0901264024e-04,0.0175787554,16,50,2.6347,2.8903,solved,0
0.0051687411,0.0051687411,3.0929806446e-04,0.0175868719,16,50,2.1564,2.3988,solved,0
0.0051716645,0.0051716645,3.0958417825e-04,0.0175950044,16,50,2.1739,2.3951,solved,0
0.0051745879,0.0051745879,3.0987098161e-04,0.0176031526,16,50,2.3666,2.6171,solved,0
0.0051775114,0.0051775114,3.1015848439e-04,0.0176113169,16,50,1.9888,2.1811,solved,0
0.0051804349,0.0051804349,3.1044667678e-04,0.0176194971,16,50,1.9802,2.1106,solved,0
0.0051833578,0.0051833578,3.1073549943e-04,0.0176276913,16,50,2.1671,2.3623,solved,0
0.0051862813,0.0051862813,3.1102507092e-04,0.0176359029,16,50,2.1339,2.3448,solved,0
0.0051892048,0.0051892048,3.1131533202e-04,0.0176441302,16,50,2.0037,2.1578,solved,0
0.0051921282,0.0051921282,3.1160627278e-04,0.0176523730,16,50,1.9935,2.1261,solved,0
0.0051950517,0.0051950517,3.1189791309e-04,0.0176606317,16,50,2.0198,2.1933,solved,0
0.0051979752,0.0051979752,3.1219024302e-04,0.0176689061,16,50,2.0316,2.2030,solved,0
0.0052008983,0.0052008983,3.1248322243e-04,0.0176771950,16,50,2.0775,2.2597,solved,0
0.0052038218,0.0052038218,3.1277693150e-04,0.0176855006,16,50,2.0076,2.1521,solved,0
0.0052067452,0.0052067452,3.1307132011e-04,0.0176938215,16,50,1.9595,2.0666,solved,0
0.0052096684,0.0052096684,3.1336637807e-04,0.0177021574,16,50,2.7681,2.9889,solved,0
0.0052125918,0.0052125918,3.1366214577e-04,0.0177105095,16,50,2.0350,2.2384,solved,0
0.0052155153,0.0052155153,3.1395861319e-04,0.0177188773,16,50,2.1819,2.4109,solved,0
0.0052184385,0.0052184385,3.1425573970e-04,0.0177272598,16,50,2.6218,2.9116,solved,0
0.0052213620,0.0052213620,3.1455358629e-04,0.0177356586,16,50,2.3187,2.6127,solved,0
0.0052242854,0.0052242854,3.1485211226e-04,0.0177440726,16,50,2.2540,2.4997,solved,0
0.0052272089,0.0052272089,3.1515133806e-04,0.0177525023,16,50,1.9987,2.1707,solved,0
0.0052301324,0.0052301324,3.1545125347e-04,0.0177609474,16,50,1.9677,2.0939,solved,0
0.0052330553,0.0052330553,3.1575179673e-04,0.0177694062,16,50,2.2658,2.4737,solved,0
0.0052359786,0.0052359786,3.1605307060e-04,0.0177778815,16,50,2.0658,2.2469,solved,0
0.0052389021,0.0052389021,3.1635505468e-04,0.0177863727,16,50,1.9651,2.0692,solved,0
0.0052418256,0.0052418256,3.1665772837e-04,0.0177948793,16,50,1.9959,2.1235,solved,0
0.0052447490,0.0052447490,3.1696108129e-04,0.0178034008,16,50,2.3409,2.5991,solved,0
0.0052476725,0.0052476725,3.1726513419e-04,0.0178119380,16,50,2.0571,2.2310,solved,0
0.0052505960,0.0052505960,3.1756987671e-04,0.0178204904,16,50,1.9643,2.0738,solved,0
0.0052535194,0.0052535194,3.1787529838e-04,0.0178290577,16,50,2.0213,2.1530,solved,0
0.0052564424,0.0052564424,3.1818136770e-04,0.0178376391,16,50,2.7347,2.9591,solved,0
0.0052593658,0.0052593658,3.1848816842e-04,0.0178462368,16,50,2.9825,3.2713,solved,0
0.0052622893,0.0052622893,3.1879566924e-04,0.0178548500,16,50,2.8814,3.2116,solved,0
0.0052652128,0.0052652128,3.1910385968e-04,0.0178634784,16,50,3.2201,3.4933,solved,0
0.0052681362,0.0052681362,3.1941272916e-04,0.0178721216,16,50,2.9979,3.2859,solved,0
0.0052710597,0.0052710597,3.1972229880e-04,0.0178807802,16,50,2.2666,2.5305,solved,0
0.0052739832,0.0052739832,3.2003255807e-04,0.0178894538,16,50,2.1625,2.4895,solved,0
0.0052769066,0.0052769066,3.2034349631e-04,0.0178981423,16,50,2.3036,2.6230,solved,0
0.0052798301,0.0052798301,3.2065513478e-04,0.0179068460,16,50,2.0133,2.1642,solved,0
0.0052827530,0.0052827530,3.2096739871e-04,0.0179155630,16,50,1.9729,2.0834,solved,0
0.0052856764,0.0052856764,3.2128040556e-04,0.0179242965,16,50,2.0451,2.2107,solved,0
0.0052885999,0.0052885999,3.2159411272e-04,0.0179330453,16,50,2.0785,2.3522,solved,0
0.0052915233,0.0052915233,3.2190849873e-04,0.0179418087,16,50,2.0369,2.2221,solved,0
0.0052944468,0.0052944468,3.2222358510e-04,0.0179505873,16,50,1.9866,2.1074,solved,0
0.0052973703,0.0052973703,3.2253936109e-04,0.0179593809,16,50,1.9523,2.0685,solved,0
0.0053002937,0.0053002937,3.2285581586e-04,0.0179681890,16,50,1.9940,2.1129,solved,0
0.0053032172,0.0053032172,3.2317297107e-04,0.0179770123,16,50,1.9651,2.0823,solved,0
0.0053061402,0.0053061402,3.2349076146e-04,0.0179858489,16,50,2.1316,2.3231,solved,0
0.0053090635,0.0053090635,3.2380927397e-04,0.0179947013,16,50,1.9939,2.1760,solved,0
0.0053119870,0.0053119870,3.2412849785e-04,0.0180035690,16,50,2.0444,2.2496,solved,0
0.0053149104,0.0053149104,3.2444840040e-04,0.0180124513,16,50,2.2804,2.5550,solved,0
0.0053178339,0.0053178339,3.2476900350e-04,0.0180213485,16,50,1.9984,2.1708,solved,0
0.0053207574,0.0053207574,3.2509029621e-04,0.0180302606,16,50,1.9684,2.0940,solved,0
0.0053236808,0.0053236808,3.2541226752e-04,0.0180391870,16,50,1.9526,2.0632,solved,0
0.0053266043,0.0053266043,3.2573493944e-04,0.0180481284,16,50,2.2478,2.4326,solved,0
0.0053295277,0.0053295277,3.2605828991e-04,0.0180570842,16,50,1.9818,2.1277,solved,0
0.0053324507,0.0053324507,3.2638228557e-04,0.0180660534,16,50,1.9848,2.0992,solved,0
0.0053353742,0.0053353742,3.2670702620e-04,0.0180750388,16,50,1.9869,2.1636,solved,0
0.0053382976,0.0053382976,3.2703244531e-04,0.0180840384,16,50,2.4819,2.6974,solved,0
0.0053412211,0.0053412211,3.2735856515e-04,0.0180930530,16,50,3.0141,3.2236,solved,0
0.0053441446,0.0053441446,3.2768537461e-04,0.0181020821,16,50,2.9683,3.1688,solved,0
0.0053470678,0.0053470678,3.2801284005e-04,0.0181111248,16,50,3.0528,3.2424,solved,0
0.0053499912,0.0053499912,3.2834101744e-04,0.0181201826,16,50,2.7222,2.9772,solved,0
0.0053529147,0.0053529147,3.2866989566e-04,0.0181292552,16,50,2.2198,2.4340,solved,0
0.0053558378,0.0053558378,3.2899941835e-04,0.0181383411,16,50,1.9962,2.1203,solved,0
0.0053587613,0.0053587613,3.2932967571e-04,0.0181474427,16,50,2.1984,2.4518,solved,0
0.0053616844,0.0053616844,3.2966057736e-04,0.0181565574,16,50,2.1035,2.3154,solved,0
0.0053646079,0.0053646079,3.2999221385e-04,0.0181656878,16,50,2.0009,2.1352,solved,0
0.0053675314,0.0053675314,3.3032453997e-04,0.0181748326,16,50,2.0260,2.1497,solved,0
0.0053704549,0.0053704549,3.3065755570e-04,0.0181839917,16,50,2.0679,2.2324,solved,0
0.0053733783,0.0053733783,3.3099124962e-04,0.0181931649,16,50,2.1150,2.2983,solved,0
0.0053763018,0.0053763018,3.3132564457e-04,0.0182023527,16,50,1.9772,2.0880,solved,0
0.0053792252,0.0053792252,3.3166071765e-04,0.0182115545,16,50,1.9613,2.0437,solved,0
0.0053821482,0.0053821482,3.3199643432e-04,0.0182207693,16,50,1.9955,2.1238,solved,0
0.0053850717,0.0053850717,3.3233289797e-04,0.0182299999,16,50,2.4479,2.6289,solved,0
0.0053879950,0.0053879950,3.3267002815e-04,0.0182392442,16,50,1.9966,2.1409,solved,0
0.0053909184,0.0053909184,3.3300785942e-04,0.0182485029,16,50,1.9619,2.0580,solved,0
0.0053938419,0.0053938419,3.3334639185e-04,0.0182577762,16,50,1.9530,2.0442,solved,0
0.0053967654,0.0053967654,3.3368561390e-04,0.0182670636,16,50,2.0464,2.1758,solved,0
0.0053996889,0.0053996889,3.3402552557e-04,0.0182763652,16,50,2.0704,2.2892,solved,0
0.0054026123,0.0054026123,3.3436611519e-04,0.0182856806,16,50,2.7472,2.9940,solved,0
0.0054055353,0.0054055353,3.3470734764e-04,0.0182950088,16,50,2.6601,2.8944,solved,0
0.0054084588,0.0054084588,3.3504932802e-04,0.0183043527,16,50,2.7085,2.9987,solved,0
0.0054113822,0.0054113822,3.3539198628e-04,0.0183137103,16,50,2.7004,2.9375,solved,0
0.0054143057,0.0054143057,3.3573534586e-04,0.0183230823,16,50,2.2196,2.4279,solved,0
0.0054172292,0.0054172292,3.3607939506e-04,0.0183324683,16,50,2.0649,2.2532,solved,0
0.0054201526,0.0054201526,3.3642412208e-04,0.0183418680,16,50,2.0953,2.2670,solved,0
0.0054230761,0.0054230761,3.3676955050e-04,0.0183512820,16,50,1.9707,2.0801,solved,0
0.0054259996,0.0054259996,3.3711566853e-04,0.0183607099,16,50,1.9476,2.0261,solved,0
0.0054289230,0.0054289230,3.3746246430e-04,0.0183701515,16,50,1.9422,2.0232,solved,0
0.0054318458,0.0054318458,3.3780987825e-04,0.0183796050,16,50,2.0687,2.2410,solved,0
0.0054347693,0.0054347693,3.3815806495e-04,0.0183890746,16,50,2.1224,2.2898,solved,0
0.0054376928,0.0054376928,3.3850694126e-04,0.0183985581,16,50,1.9742,2.0868,solved,0
0.0054406162,0.0054406162,3.3885649522e-04,0.0184080552,16,50,2.0964,2.2141,solved,0
0.0054435397,0.0054435397,3.3920675074e-04,0.0184175664,16,50,2.0081,2.1588,solved,0
0.0054464632,0.0054464632,3.3955769588e-04,0.0184270914,16,50,2.0499,2.2243,solved,0
0.0054493866,0.0054493866,3.3990931859e-04,0.0184366298,16,50,1.9785,2.1183,solved,0
0.0054523098,0.0054523098,3.4026162724e-04,0.0184461819,15,50,1.9561,2.0598,solved,0
0.0054552331,0.0054552331,3.4061469753e-04,0.0184557497,15,50,2.4369,2.6062,solved,0
0.0054581565,0.0054581565,3.4096853052e-04,0.0184653332,15,50,3.0278,3.2297,solved,0
0.0054610799,0.0054610799,3.4132311416e-04,0.0184749320,15,50,2.9326,3.0915,solved,0
0.0054640033,0.0054640033,3.4167844844e-04,0.0184845462,15,50,2.7345,2.9258,solved,0
0.0054669267,0.0054669267,3.4203453336e-04,0.0184941757,15,50,2.3323,2.5183,solved,0
0.0054698501,0.0054698501,3.4239136893e-04,0.0185038204,15,50,2.1419,2.3148,solved,0
0.0054727735,0.0054727735,3.4274895514e-04,0.0185134804,15,50,1.9751,2.0928,solved,0
0.0054756969,0.0054756969,3.4310729199e-04,0.0185231556,15,50,2.2046,2.3690,solved,0
0.0054786203,0.0054786203,3.4346637949e-04,0.0185328460,15,50,2.4515,2.6675,solved,0
0.0054815433,0.0054815433,3.4382616834e-04,0.0185425502,15,50,2.0742,2.2735,solved,0
0.0054844667,0.0054844667,3.4418675702e-04,0.0185522709,15,50,2.0320,2.2435,solved,0
0.0054873901,0.0054873901,3.4454809634e-04,0.0185620068,15,50,1.9865,2.1313,solved,0
0.0054903135,0.0054903135,3.4491018631e-04,0.0185717578,15,50,2.6924,2.9055,solved,0
0.0054932369,0.0054932369,3.4527302691e-04,0.0185815238,15,50,2.0348,2.2054,solved,0
0.0054961606,0.0054961606,3.4563665552e-04,0.0185913059,15,50,1.9819,2.1122,solved,0
0.0054990840,0.0054990840,3.4600099749e-04,0.0186011021,15,50,1.9608,2.0825,solved,0
0.0055020074,0.0055020074,3.4636609010e-04,0.0186109132,15,50,2.1009,2.3321,solved,0
0.0055049304,0.0055049304,3.4673188325e-04,0.0186207380,15,50,2.2390,2.4325,solved,0
0.0055078538,0.0055078538,3.4709847705e-04,0.0186305791,15,50,2.0573,2.2155,solved,0
0.0055107772,0.0055107772,3.4746582149e-04,0.0186404351,15,50,1.9962,2.1422,solved,0
0.0055137006,0.0055137006,3.4783391658e-04,0.0186503061,15,50,2.0500,2.2592,solved,0
0.0055166240,0.0055166240,3.4820276231e-04,0.0186601919,15,50,2.0884,2.3364,solved,0
0.0055195474,0.0055195474,3.4857235868e-04,0.0186700926,15,50,2.0152,2.1840,solved,0
0.0055224710,0.0055224710,3.4894273106e-04,0.0186800089,15,50,2.0040,2.1534,solved,0
0.0055253944,0.0055253944,3.4931382877e-04,0.0186899392,15,50,1.9787,2.1252,solved,0
0.0055283175,0.0055283175,3.4968563892e-04,0.0186998834,15,50,2.3510,2.5273,solved,0
0.0055312409,0.0055312409,3.5005823784e-04,0.0187098433,15,50,2.1183,2.3103,solved,0
0.0055341643,0.0055341643,3.5043158740e-04,0.0187198180,15,50,1.9585,2.1046,solved,0
0.0055370877,0.0055370877,3.5080568761e-04,0.0187298075,15,50,1.9757,2.0888,solved,0
0.0055400111,0.0055400111,3.5118053845e-04,0.0187398116,15,50,2.0315,2.2244,solved,0
0.0055429345,0.0055429345,3.5155613995e-04,0.0187498304,15,50,2.0754,2.2762,solved,0
0.0055458581,0.0055458581,3.5193251785e-04,0.0187598645,15,50,1.9563,2.0768,solved,0
0.0055487815,0.0055487815,3.5230962068e-04,0.0187699126,15,50,2.0433,2.1458,solved,0
0.0055517049,0.0055517049,3.5268747415e-04,0.0187799754,15,50,1.9538,2.0465,solved,0
0.0055546280,0.0055546280,3.5306603955e-04,0.0187900516,14,50,2.1036,2.2823,solved,0
0.0055575512,0.0055575512,3.5344538868e-04,0.0188001433,14,50,2.0126,2.1631,solved,0
0.0055604749,0.0055604749,3.5382558750e-04,0.0188102522,14,50,1.9742,2.0895,solved,0
0.0055633983,0.0055633983,3.5420653207e-04,0.0188203754,14,50,1.9598,2.0659,solved,0
0.0055663216,0.0055663216,3.5458824828e-04,0.0188305138,14,50,2.0791,2.2276,solved,0
0.0055692453,0.0055692453,3.5497080154e-04,0.0188406688,14,50,2.0878,2.2919,solved,0
0.0055721687,0.0055721687,3.5535410031e-04,0.0188508382,14,50,2.6044,2.8801,solved,0
0.0055750921,0.0055750921,3.5573818379e-04,0.0188610229,14,50,2.8429,3.3247,solved,0
0.0055780152,0.0055780152,3.5612301245e-04,0.0188712218,14,50,2.8885,3.3640,solved,0
0.0055809386,0.0055809386,3.5650866528e-04,0.0188814371,14,50,2.5846,2.9157,solved,0
0.0055838619,0.0055838619,3.5689508959e-04,0.0188916672,14,50,2.2452,2.6210,solved,0
0.0055867856,0.0055867856,3.5728235160e-04,0.0189019140,14,50,2.7099,2.9990,solved,0
0.0055897091,0.0055897091,3.5767037192e-04,0.0189121752,14,50,2.8158,3.0672,solved,0
0.0055926323,0.0055926323,3.5805913707e-04,0.0189224506,14,50,2.6546,2.9437,solved,0
0.0055955560,0.0055955560,3.5844875352e-04,0.0189327429,14,50,2.5967,2.8172,solved,0
0.0055984794,0.0055984794,3.5883911475e-04,0.0189430492,14,50,2.3648,2.6301,solved,0
0.0056014027,0.0056014027,3.5923024730e-04,0.0189533703,14,50,2.7722,2.9952,solved,0
0.0056043259,0.0056043259,3.5962215109e-04,0.0189637062,14,50,2.8362,3.0490,solved,0
0.0056072492,0.0056072492,3.6001485293e-04,0.0189740574,14,50,2.1942,2.4156,solved,0
0.0056101726,0.0056101726,3.6040835292e-04,0.0189844240,14,50,2.3965,2.5743,solved,0
0.0056130963,0.0056130963,3.6080267811e-04,0.0189948066,14,50,2.4942,2.7674,solved,0
0.0056160198,0.0056160198,3.6119776113e-04,0.0190052035,14,50,2.6594,3.0072,solved,0
0.0056189430,0.0056189430,3.6159358826e-04,0.0190156143,14,50,2.2603,2.5325,solved,0
0.0056218667,0.0056218667,3.6199026790e-04,0.0190260418,14,50,2.4725,2.7151,solved,0
0.0056247902,0.0056247902,3.6238770520e-04,0.0190364835,14,50,2.7093,2.9606,solved,0
0.0056277132,0.0056277132,3.6278585909e-04,0.0190469383,14,50,2.1913,2.3839,solved,0
0.0056306366,0.0056306366,3.6318485213e-04,0.0190574094,14,50,2.3462,2.5326,solved,0
0.0056335600,0.0056335600,3.6358462989e-04,0.0190678953,14,50,1.9908,2.1397,solved,0
0.0056364837,0.0056364837,3.6398523350e-04,0.0190783970,14,50,2.0014,2.1234,solved,0
0.0056394071,0.0056394071,3.6438658077e-04,0.0190889125,14,50,2.1943,2.3650,solved,0
0.0056423303,0.0056423303,3.6478868521e-04,0.0190994420,14,50,1.9766,2.1387,solved,0
0.0056452538,0.0056452538,3.6519161565e-04,0.0191099873,14,50,2.0038,2.1323,solved,0
0.0056481775,0.0056481775,3.6559535851e-04,0.0191205481,14,50,2.0115,2.1897,solved,0
0.0056511009,0.0056511009,3.6599984469e-04,0.0191311224,14,50,2.6112,2.8619,solved,0
0.0056540240,0.0056540240,3.6640507395e-04,0.0191417103,14,50,2.0738,2.3581,solved,0
0.0056569472,0.0056569472,3.6681110168e-04,0.0191523132,14,50,1.9967,2.1446,solved,0
0.0056598707,0.0056598707,3.6721795580e-04,0.0191629318,14,50,1.9742,2.1062,solved,0
0.0056627944,0.0056627944,3.6762562260e-04,0.0191735657,14,50,2.1874,2.3526,solved,0
0.0056657178,0.0056657178,3.6803403233e-04,0.0191842131,14,50,2.0521,2.2277,solved,0
0.0056686410,0.0056686410,3.6844319876e-04,0.0191948743,14,50,1.9780,2.0898,solved,0
0.0056715647,0.0056715647,3.6885321997e-04,0.0192055518,14,50,1.9455,2.0245,solved,0
0.0056744882,0.0056744882,3.6926399794e-04,0.0192162431,14,50,1.9382,2.0181,solved,0
0.0056774110,0.0056774110,3.6967546203e-04,0.0192269462,14,50,2.0287,2.1856,solved,0
0.0056803347,0.0056803347,3.7008783759e-04,0.0192376672,14,50,2.0035,2.1675,solved,0
0.0056832580,0.0056832580,3.7050094143e-04,0.0192484010,14,50,2.0181,2.1392,solved,0
0.0056861814,0.0056861814,3.7091484411e-04,0.0192591496,14,50,1.9620,2.1196,solved,0
0.0056891051,0.0056891051,3.7132957411e-04,0.0192699137,14,50,2.7404,3.0140,solved,0
0.0056920284,0.0056920284,3.7174503207e-04,0.0192806907,14,50,2.7170,3.0424,solved,0
0.0056949518,0.0056949518,3.7216128895e-04,0.0192914823,14,50,2.5706,2.8526,solved,0
0.0056978755,0.0056978755,3.7257837338e-04,0.0193022893,14,50,2.8245,3.1600,solved,0
0.0057007989,0.0057007989,3.7299619978e-04,0.0193131095,14,50,2.9531,3.3363,solved,0
0.0057037220,0.0057037220,3.7341476788e-04,0.0193239429,14,50,2.0531,2.2691,solved,0
0.0057066454,0.0057066454,3.7383416362e-04,0.0193347915,14,50,2.2283,2.4461,solved,0
0.0057095687,0.0057095687,3.7425432969e-04,0.0193456540,14,50,2.7112,2.9802,solved,0
0.0057124921,0.0057124921,3.7467529484e-04,0.0193565311,14,50,2.6599,3.0177,solved,0
0.0057154158,0.0057154158,3.7509708801e-04,0.0193674234,14,50,2.5895,2.8672,solved,0
0.0057183391,0.0057183391,3.7551960820e-04,0.0193783283,14,50,2.5815,2.8350,solved,0
0.0057212626,0.0057212626,3.7594294204e-04,0.0193892481,14,50,2.1665,2.5216,solved,0
0.0057241863,0.0057241863,3.7636708968e-04,0.0194001827,14,50,2.0098,2.2000,solved,0
0.0057271090,0.0057271090,3.7679187673e-04,0.0194111277,14,50,1.9800,2.1246,solved,0
0.0057300328,0.0057300328,3.7721760844e-04,0.0194220907,14,50,2.6715,2.9356,solved,0
0.0057329560,0.0057329560,3.7764403746e-04,0.0194330656,14,50,2.8267,3.1438,solved,0
0.0057358794,0.0057358794,3.7807128035e-04,0.0194440551,14,50,2.3692,2.6731,solved,0
0.0057388031,0.0057388031,3.7849935193e-04,0.0194550598,14,50,3.7092,4.0078,solved,0
0.0057417266,0.0057417266,3.7892817901e-04,0.0194660776,14,50,3.1772,3.5135,solved,0
0.0057446498,0.0057446498,3.7935774674e-04,0.0194771083,14,50,3.1806,3.6270,solved,0
0.0057475733,0.0057475733,3.7978814328e-04,0.0194881539,14,50,2.7601,3.1459,solved,0
0.0057504963,0.0057504963,3.8021925077e-04,0.0194992115,14,50,2.2632,2.6557,solved,0
0.0057534199,0.0057534199,3.8065123586e-04,0.0195102854,13,50,2.4889,2.7645,solved,0
0.0057563432,0.0057563432,3.8108400118e-04,0.0195213729,13,50,2.6523,2.9381,solved,0
0.0057592667,0.0057592667,3.8151762856e-04,0.0195324763,13,50,2.4649,2.9972,solved,0
0.0057621898,0.0057621898,3.8195202891e-04,0.0195435930,13,50,2.3464,2.7364,solved,0
0.0057651133,0.0057651133,3.8238732113e-04,0.0195547263,13,50,2.5147,2.7558,solved,0
0.0057680369,0.0057680369,3.8282346075e-04,0.0195658749,13,50,2.2237,2.4810,solved,0
0.0057709601,0.0057709601,3.8326037306e-04,0.0195770369,13,50,2.4960,2.7304,solved,0
0.0057738836,0.0057738836,3.8369816264e-04,0.0195882149,13,50,2.4679,2.7700,solved,0
0.0057768066,0.0057768066,3.8413670961e-04,0.0195994058,13,50,5.4429,6.0510,solved,0
0.0057797298,0.0057797298,3.8457611886e-04,0.0196106124,13,50,3.5300,3.9369,solved,0
0.0057826532,0.0057826532,3.8501639057e-04,0.0196218345,13,50,3.3313,3.7020,solved,0
0.0057855768,0.0057855768,3.8545752490e-04,0.0196330722,13,50,3.8646,4.8201,solved,0
0.0057885001,0.0057885001,3.8589944636e-04,0.0196443235,13,50,3.7330,4.1491,solved,0
0.0057914235,0.0057914235,3.8634221535e-04,0.0196555899,13,50,3.3715,3.7688,solved,0
0.0057943467,0.0057943467,3.8678578638e-04,0.0196668703,13,50,3.0084,3.6776,solved,0
0.0057972703,0.0057972703,3.8723025058e-04,0.0196781669,13,50,6.1008,6.7471,solved,0
0.0058001932,0.0058001932,3.8767544059e-04,0.0196894754,13,50,3.4536,3.7935,solved,0
0.0058031165,0.0058031165,3.8812152383e-04,0.0197008001,13,50,3.0075,3.4915,solved,0
0.0058060400,0.0058060400,3.8856847004e-04,0.0197121402,13,50,2.9570,3.7217,solved,0
0.0058089634,0.0058089634,3.8901623340e-04,0.0197234945,13,50,3.4609,3.8660,solved,0
0.0058118867,0.0058118867,3.8946481381e-04,0.0197348629,13,50,3.2451,3.5125,solved,0
0.0058148102,0.0058148102,3.8991425735e-04,0.0197462467,13,50,3.1867,3.4781,solved,0
0.0058177337,0.0058177337,3.9036453338e-04,0.0197576449,13,50,3.2936,3.7713,solved,0
0.0058206569,0.0058206569,3.9081559554e-04,0.0197690565,13,50,28.3112,28.9270,solved,0
0.0058235804,0.0058235804,3.9126753643e-04,0.0197804837,13,50,19.5971,20.4922,solved,0
0.0058265031,0.0058265031,3.9172018578e-04,0.0197919222,13,50,5.0525,5.4581,solved,0
0.0058294266,0.0058294266,3.9217379139e-04,0.0198033783,13,50,2.6525,3.1620,solved,0
0.0058323501,0.0058323501,3.9262822947e-04,0.0198148487,13,50,3.1795,3.5807,solved,0
0.0058352734,0.0058352734,3.9308346885e-04,0.0198263327,13,50,3.8313,4.2418,solved,0
0.0058381969,0.0058381969,3.9353957183e-04,0.0198378318,13,50,2.6434,2.9834,solved,0
0.0058411203,0.0058411203,3.9399649164e-04,0.0198493449,13,50,3.0536,3.4647,solved,0
0.0058440435,0.0058440435,3.9445422017e-04,0.0198608716,12,50,2.7506,3.1101,solved,0
0.0058469670,0.0058469670,3.9491286550e-04,0.0198724147,12,50,2.6814,3.0509,solved,0
0.0058498897,0.0058498897,3.9537225785e-04,0.0198839699,12,50,2.7543,3.0550,solved,0
0.0058528130,0.0058528130,3.9583261717e-04,0.0198955426,12,50,2.8106,3.2038,solved,0
0.0058557365,0.0058557365,3.9629388082e-04,0.0199071314,12,50,2.3797,2.7127,solved,0
0.0058586599,0.0058586599,3.9675600152e-04,0.0199187349,12,50,2.4323,2.7535,solved,0
0.0058615834,0.0058615834,3.9721901089e-04,0.0199303540,12,50,2.7741,3.0716,solved,0
0.0058645067,0.0058645067,3.9768286136e-04,0.0199419874,12,50,2.4290,2.6991,solved,0
0.0058674300,0.0058674300,3.9814758458e-04,0.0199536359,12,50,2.0754,2.2217,solved,0
0.0058703535,0.0058703535,3.9861321244e-04,0.0199653002,12,50,2.2275,2.5306,solved,0
0.0058732767,0.0058732767,3.9907966525e-04,0.0199769784,12,50,2.2756,2.5458,solved,0
0.0058761995,0.0058761995,3.9954692675e-04,0.0199886700,12,50,2.0610,2.3055,solved,0
0.0058791230,0.0058791230,4.0001517292e-04,0.0200003793,12,50,2.1013,2.3504,solved,0
0.0058820463,0.0058820463,4.0048425984e-04,0.0200121028,12,50,2.1498,2.3815,solved,0
0.0058849696,0.0058849696,4.0095421951e-04,0.0200238413,12,50,2.1112,2.2961,solved,0
0.0058878931,0.0058878931,4.0142508418e-04,0.0200355954,12,50,2.0154,2.1644,solved,0
0.0058908163,0.0058908163,4.0189677326e-04,0.0200473632,12,50,2.5727,2.8217,solved,0
0.0058937399,0.0058937399,4.0236939976e-04,0.0200591475,12,50,2.8409,3.3390,solved,0
0.0058966631,0.0058966631,4.0284283435e-04,0.0200709450,12,50,2.7332,3.0470,solved,0
0.0058995859,0.0058995859,4.0331707666e-04,0.0200827557,12,50,2.4738,2.7547,solved,0
0.0059025095,0.0059025095,4.0379232159e-04,0.0200945844,12,50,2.4319,2.6512,solved,0
0.0059054327,0.0059054327,4.0426837425e-04,0.0201064262,12,50,2.5618,2.8210,solved,0
0.0059083560,0.0059083560,4.0474531594e-04,0.0201182831,12,50,2.1291,2.4051,solved,0
0.0059112795,0.0059112795,4.0522316309e-04,0.0201301556,12,50,2.3785,2.6265,solved,0
0.0059142028,0.0059142028,4.0570185033e-04,0.0201420419,12,50,2.6343,3.0318,solved,0
0.0059171261,0.0059171261,4.0618141033e-04,0.0201539428,12,50,2.0475,2.2704,solved,0
0.0059200496,0.0059200496,4.0666187598e-04,0.0201658592,12,50,2.0261,2.2537,solved,0
0.0059229729,0.0059229729,4.0714318154e-04,0.0201777893,12,50,2.2624,2.6278,solved,0
0.0059258957,0.0059258957,4.0762527730e-04,0.0201897320,12,50,2.2454,2.5199,solved,0
0.0059288192,0.0059288192,4.0810836129e-04,0.0202016920,12,50,2.1056,2.3228,solved,0
0.0059317424,0.0059317424,4.0859226845e-04,0.0202136654,12,50,2.4310,2.6662,solved,0
0.0059346660,0.0059346660,4.0907711469e-04,0.0202256549,12,50,2.1413,2.3570,solved,0
0.0059375893,0.0059375893,4.0956278398e-04,0.0202376576,12,50,2.1472,2.3592,solved,0
0.0059405125,0.0059405125,4.1004930935e-04,0.0202496743,12,50,2.4462,2.7119,solved,0
0.0059434360,0.0059434360,4.1053675749e-04,0.0202617067,12,50,3.0979,3.3873,solved,0
0.0059463593,0.0059463593,4.1102504506e-04,0.0202737526,12,50,3.1145,3.3974,solved,0
0.0059492821,0.0059492821,4.1151412164e-04,0.0202858108,12,50,3.0839,3.3194,solved,0
0.0059522055,0.0059522055,4.1200417134e-04,0.0202978859,12,50,2.8602,3.1405,solved,0
0.0059551289,0.0059551289,4.1249509386e-04,0.0203099752,12,50,2.7926,3.0889,solved,0
0.0059580523,0.0059580523,4.1298688918e-04,0.0203220789,12,50,2.5907,2.8665,solved,0
0.0059609757,0.0059609757,4.1347955732e-04,0.0203341967,12,50,2.2031,2.5766,solved,0
0.0059638989,0.0059638989,4.1397306447e-04,0.0203463280,12,50,3.0996,3.3875,solved,0
0.0059668222,0.0059668222,4.1446746124e-04,0.0203584739,12,50,2.2292,2.4998,solved,0
0.0059697457,0.0059697457,4.1496276467e-04,0.0203706349,12,50,2.2293,2.5425,solved,0
0.0059726690,0.0059726690,4.1545890701e-04,0.0203828091,12,50,2.6796,2.9984,solved,0
0.0059755921,0.0059755921,4.1595588806e-04,0.0203949966,12,50,3.1480,3.6686,solved,0
0.0059785153,0.0059785153,4.1645375879e-04,0.0204071987,12,50,2.2586,2.5369,solved,0
0.0059814386,0.0059814386,4.1695251929e-04,0.0204194153,12,50,2.0368,2.2340,solved,0
0.0059843619,0.0059843619,4.1745215254e-04,0.0204316459,12,50,2.0893,2.3029,solved,0
0.0059872854,0.0059872854,4.1795269281e-04,0.0204438913,12,50,2.4693,2.7368,solved,0
0.0059902087,0.0059902087,4.1845408344e-04,0.0204561503,11,50,2.3132,2.5606,solved,0
0.0059931321,0.0059931321,4.1895646350e-04,0.0204684260,11,75,2.6828,2.9280,solved,0
0.0059960554,0.0059960554,4.1945981642e-04,0.0204807182,11,75,3.1791,3.4432,solved,0
0.0059989782,0.0059989782,4.1996407301e-04,0.0204930250,11,75,3.2109,3.4535,solved,0
0.0060019015,0.0060019015,4.2046940580e-04,0.0205053507,11,75,3.3440,3.5924,solved,0
0.0060048249,0.0060048249,4.2097574596e-04,0.0205176935,11,75,2.7802,3.0185,solved,0
0.0060077482,0.0060077482,4.2148305884e-04,0.0205300526,11,75,2.7170,2.9222,solved,0
0.0060106715,0.0060106715,4.2199136174e-04,0.0205424283,11,75,3.3245,3.5687,solved,0
0.0060135949,0.0060135949,4.2250067210e-04,0.0205548211,11,75,4.0165,4.2870,solved,0
0.0060165179,0.0060165179,4.2301090267e-04,0.0205672289,11,75,3.9714,4.1940,solved,0
0.0060194413,0.0060194413,4.2352219308e-04,0.0205796548,11,75,3.9256,4.1399,solved,0
0.0060223643,0.0060223643,4.2403440343e-04,0.0205920957,11,75,3.9560,4.2317,solved,0
0.0060252877,0.0060252877,4.2454767389e-04,0.0206045547,11,75,4.4655,4.7618,solved,0
0.0060282110,0.0060282110,4.2506191683e-04,0.0206170298,11,75,2.7945,3.0360,solved,0
0.0060311340,0.0060311340,4.2557709688e-04,0.0206295200,11,75,3.0881,3.4014,solved,0
0.0060340574,0.0060340574,4.2609333745e-04,0.0206420284,11,75,3.0854,3.3277,solved,0
0.0060369807,0.0060369807,4.2661055040e-04,0.0206545528,11,75,3.4127,3.7237,solved,0
0.0060399041,0.0060399041,4.2712877112e-04,0.0206670939,11,75,2.8205,3.0726,solved,0
0.0060428274,0.0060428274,4.2764796415e-04,0.0206796510,11,75,2.8295,3.0248,solved,0
0.0060457507,0.0060457507,4.2816814721e-04,0.0206922243,11,75,3.2842,3.5300,solved,0
0.0060486735,0.0060486735,4.2868923106e-04,0.0207048118,11,75,3.6150,3.9076,solved,0
0.0060515969,0.0060515969,4.2921141188e-04,0.0207174181,11,75,3.6024,3.9856,solved,0
0.0060545202,0.0060545202,4.2973456487e-04,0.0207300402,11,75,3.0963,3.3811,solved,0
0.0060574435,0.0060574435,4.3025870789e-04,0.0207426784,11,75,3.4500,3.9461,solved,0
0.0060603669,0.0060603669,4.3078385892e-04,0.0207553333,11,75,3.0641,3.3585,solved,0
0.0060632901,0.0060632901,4.3130996400e-04,0.0207680034,11,75,2.9038,3.1290,solved,0
0.0060662134,0.0060662134,4.3183707710e-04,0.0207806900,11,75,2.9545,3.2099,solved,0
0.0060691369,0.0060691369,4.3236521638e-04,0.0207933936,11,75,3.5075,3.8023,solved,0
0.0060720596,0.0060720596,4.3289420089e-04,0.0208061097,11,75,3.7387,4.1787,solved,0
0.0060749830,0.0060749830,4.3342430207e-04,0.0208188449,11,75,3.6243,3.9389,solved,0
0.0060779063,0.0060779063,4.3395537515e-04,0.0208315956,11,75,3.3970,3.7426,solved,0
0.0060808296,0.0060808296,4.3448743827e-04,0.0208443623,11,75,3.4832,3.8299,solved,0
0.0060837530,0.0060837530,4.3502050965e-04,0.0208571453,11,75,3.5175,3.7533,solved,0
0.0060866763,0.0060866763,4.3555455285e-04,0.0208699438,11,75,3.1020,3.3953,solved,0
0.0060895996,0.0060895996,4.3608958607e-04,0.0208827581,11,75,3.8178,4.1019,solved,0
0.0060925230,0.0060925230,4.3662562766e-04,0.0208955887,11,75,4.4800,4.7662,solved,0
0.0060954460,0.0060954460,4.3716258580e-04,0.0209084334,11,75,3.7504,4.0605,solved,0
0.0060983688,0.0060983688,4.3770049692e-04,0.0209212929,11,75,3.4042,3.7237,solved,0
0.0061012922,0.0061012922,4.3823950846e-04,0.0209341708,11,75,3.6765,3.9755,solved,0
0.0061042155,0.0061042155,4.3877949159e-04,0.0209470640,11,75,4.1909,4.5919,solved,0
0.0061071390,0.0061071390,4.3932050180e-04,0.0209599738,11,75,4.2049,4.5091,solved,0
0.0061100622,0.0061100622,4.3986244650e-04,0.0209728979,11,75,4.3211,4.7344,solved,0
0.0061129854,0.0061129854,4.4040538115e-04,0.0209858376,11,75,3.5538,3.9216,solved,0
0.0061159088,0.0061159088,4.4094934301e-04,0.0209987938,11,75,3.8101,4.1597,solved,0
0.0061188322,0.0061188322,4.4149429496e-04,0.0210117656,11,75,5.7046,6.0627,solved,0
0.0061217549,0.0061217549,4.4204010616e-04,0.0210247498,11,75,6.3648,6.8516,solved,0
0.0061246782,0.0061246782,4.4258701933e-04,0.0210377522,11,75,5.0101,5.3502,solved,0
0.0061276017,0.0061276017,4.4313496004e-04,0.0210507710,11,75,4.2031,4.5883,solved,0
0.0061305250,0.0061305250,4.4368385333e-04,0.0210638043,11,75,4.6959,5.2229,solved,0
0.0061334483,0.0061334483,4.4423373664e-04,0.0210768531,11,75,4.0241,4.3723,solved,0
0.0061363716,0.0061363716,4.4478460998e-04,0.0210899173,11,75,4.7205,5.2271,solved,0
0.0061392949,0.0061392949,4.4533647334e-04,0.0211029968,11,75,3.5189,3.8959,solved,0
0.0061422182,0.0061422182,4.4588932673e-04,0.0211160917,11,75,3.8778,5.3952,solved,0
0.0061451416,0.0061451416,4.4644318910e-04,0.0211292023,11,75,3.5543,4.0390,solved,0
0.0061480644,0.0061480644,4.4699792758e-04,0.0211423255,11,75,5.8723,7.1853,solved,0
0.0061509877,0.0061509877,4.4755375090e-04,0.0211554662,11,75,3.8357,4.2647,solved,0
0.0061539110,0.0061539110,4.4811056425e-04,0.0211686222,11,75,4.1299,4.4824,solved,0
0.0061568343,0.0061568343,4.4866836762e-04,0.0211817933,11,75,3.6002,4.0355,solved,0
0.0061597578,0.0061597578,4.4922719928e-04,0.0211949805,11,75,3.8206,4.1768,solved,0
0.0061626811,0.0061626811,4.4978698277e-04,0.0212081820,11,75,3.2131,3.5783,solved,0
0.0061656043,0.0061656043,4.5034773708e-04,0.0212213981,11,75,3.8536,4.4552,solved,0
0.0061685277,0.0061685277,4.5090951982e-04,0.0212346302,11,75,4.4211,4.8670,solved,0
0.0061714505,0.0061714505,4.5147217704e-04,0.0212478746,11,75,3.6706,4.0317,solved,0
0.0061743738,0.0061743738,4.5203592045e-04,0.0212611364,11,75,6.7427,7.2573,solved,0
0.0061772969,0.0061772969,4.5260061522e-04,0.0212744122,11,75,6.0385,6.5871,solved,0
0.0061802203,0.0061802203,4.5316635799e-04,0.0212877044,11,75,3.5840,4.2140,solved,0
0.0061831435,0.0061831435,4.5373305204e-04,0.0213010106,11,75,5.4930,6.0433,solved,0
0.0061860669,0.0061860669,4.5430077492e-04,0.0213143326,11,75,7.1140,7.5806,solved,0
0.0061889903,0.0061889903,4.5486948789e-04,0.0213276695,11,75,4.4261,5.0699,solved,0
0.0061919135,0.0061919135,4.5543915195e-04,0.0213410204,11,75,6.3407,6.8825,solved,0
0.0061948369,0.0061948369,4.5600984504e-04,0.0213543870,11,75,4.3692,4.7210,solved,0
0.0061977597,0.0061977597,4.5658141079e-04,0.0213677657,11,75,5.0540,5.4938,solved,0
0.0062006831,0.0062006831,4.5715408386e-04,0.0213811619,11,75,10.9279,11.8302,solved,0
0.0062036063,0.0062036063,4.5772770774e-04,0.0213945719,11,75,7.2026,7.8591,solved,0
0.0062065297,0.0062065297,4.5830236093e-04,0.0214079976,11,75,7.9667,8.8520,solved,0
0.0062094531,0.0062094531,4.5887800421e-04,0.0214214380,11,75,14.5232,15.1582,solved,0
0.0062123764,0.0062123764,4.5945461783e-04,0.0214348925,11,75,13.1116,13.7532,solved,0
0.0062152996,0.0062152996,4.6003220171e-04,0.0214483613,11,75,6.0902,6.6691,solved,0
0.0062182230,0.0062182230,4.6061081517e-04,0.0214618456,11,75,4.3506,4.8033,solved,0
0.0062211458,0.0062211458,4.6119029965e-04,0.0214753417,11,75,7.7953,8.0939,solved,0
0.0062240692,0.0062240692,4.6177089309e-04,0.0214888551,11,75,4.2090,4.4833,solved,0
0.0062269925,0.0062269925,4.6235245670e-04,0.0215023826,11,75,2.7995,3.0819,solved,0
0.0062299157,0.0062299157,4.6293499040e-04,0.0215159241,11,75,2.8883,3.1246,solved,0
0.0062328391,0.0062328391,4.6351855400e-04,0.0215294810,11,75,3.7582,4.0827,solved,0
0.0062357625,0.0062357625,4.6410310770e-04,0.0215430524,11,75,3.4860,3.8319,solved,0
0.0062386858,0.0062386858,4.6468863145e-04,0.0215566378,11,75,3.1489,3.4770,solved,0
0.0062416091,0.0062416091,4.6527514522e-04,0.0215702375,11,75,3.5664,3.8718,solved,0
0.0062445324,0.0062445324,4.6586264902e-04,0.0215838516,11,75,3.0099,3.2715,solved,0
0.0062474552,0.0062474552,4.6645104210e-04,0.0215974777,11,75,3.1620,3.4167,solved,0
0.0062503787,0.0062503787,4.6704056613e-04,0.0216111214,11,75,3.0744,3.3807,solved,0
0.0062533017,0.0062533017,4.6763097925e-04,0.0216247770,11,75,2.8104,3.0848,solved,0
0.0062562250,0.0062562250,4.6822244294e-04,0.0216384483,11,75,3.5166,3.8462,solved,0
0.0062591483,0.0062591483,4.6881489665e-04,0.0216521338,11,75,3.6736,4.0394,solved,0
0.0062620717,0.0062620717,4.6940836071e-04,0.0216658339,11,75,4.1478,4.5042,solved,0
0.0062649950,0.0062649950,4.7000279450e-04,0.0216795478,11,75,3.7193,4.0349,solved,0
0.0062679184,0.0062679184,4.7059823871e-04,0.0216932763,11,75,3.2420,3.5827,solved,0
0.0062708411,0.0062708411,4.7119453007e-04,0.0217070157,11,75,4.3876,4.9126,solved,0
0.0062737644,0.0062737644,4.7179193377e-04,0.0217207719,11,75,4.3042,4.6188,solved,0
0.0062766878,0.0062766878,4.7239034798e-04,0.0217345427,11,75,4.2644,4.6292,solved,0
0.0062796111,0.0062796111,4.7298973176e-04,0.0217483271,11,75,3.7273,4.1712,solved,0
0.0062825345,0.0062825345,4.7359012612e-04,0.0217621260,11,75,3.7289,4.0288,solved,0
0.0062854578,0.0062854578,4.7419148999e-04,0.0217759383,11,75,3.2649,3.5740,solved,0
0.0062883811,0.0062883811,4.7479384388e-04,0.0217897647,11,75,3.3256,3.5859,solved,0
0.0062913043,0.0062913043,4.7539716713e-04,0.0218036045,11,75,3.2662,3.6428,solved,0
0.0062942273,0.0062942273,4.7600143897e-04,0.0218174572,11,75,2.9954,3.2520,solved,0
0.0062971506,0.0062971506,4.7660676279e-04,0.0218313253,11,75,3.1509,3.4637,solved,0
0.0063000738,0.0063000738,4.7721305588e-04,0.0218452067,11,75,3.2668,3.5526,solved,0
0.0063029972,0.0063029972,4.7782038052e-04,0.0218591029,11,75,2.6802,2.8954,solved,0
0.0063059205,0.0063059205,4.7842867441e-04,0.0218730125,11,75,2.6496,2.8220,solved,0
0.0063088440,0.0063088440,4.7903800006e-04,0.0218869367,11,75,3.9356,4.2256,solved,0
0.0063117673,0.0063117673,4.7964827407e-04,0.0219008738,11,75,4.0082,4.4048,solved,0
0.0063146905,0.0063146905,4.8025951718e-04,0.0219148241,11,75,3.9177,4.1292,solved,0
0.0063176137,0.0063176137,4.8087175025e-04,0.0219287882,11,75,3.8424,4.0229,solved,0
0.0063205367,0.0063205367,4.8148493129e-04,0.0219427649,11,75,3.9118,4.1083,solved,0
0.0063234599,0.0063234599,4.8209914420e-04,0.0219567562,11,75,3.9080,4.1351,solved,0
0.0063263834,0.0063263834,4.8271441026e-04,0.0219707626,11,75,3.5061,3.7207,solved,0
0.0063293067,0.0063293067,4.8333062428e-04,0.0219847817,11,75,2.7432,2.9743,solved,0
0.0063322297,0.0063322297,4.8394776494e-04,0.0219988128,11,75,2.7370,2.9420,solved,0
0.0063351531,0.0063351531,4.8456598008e-04,0.0220128594,11,75,2.7447,2.9455,solved,0
0.0063380764,0.0063380764,4.8518516411e-04,0.0220269191,11,75,2.8576,3.0854,solved,0
0.0063409997,0.0063409997,4.8580533816e-04,0.0220409922,11,75,2.6049,2.7330,solved,0
0.0063439226,0.0063439226,4.8642641718e-04,0.0220550769,11,75,2.5564,2.6509,solved,0
0.0063468459,0.0063468459,4.8704857115e-04,0.0220691769,11,75,2.5775,2.6876,solved,0
0.0063497692,0.0063497692,4.8767171514e-04,0.0220832904,11,75,2.7138,2.8929,solved,0
0.0063526926,0.0063526926,4.8829587052e-04,0.0220974177,11,75,2.6014,2.7537,solved,0
0.0063556159,0.0063556159,4.8892099460e-04,0.0221115579,11,75,2.5836,2.7147,solved,0
0.0063585392,0.0063585392,4.8954710870e-04,0.0221257115,11,75,2.6856,2.8541,solved,0
0.0063614626,0.0063614626,4.9017423429e-04,0.0221398788,11,75,2.6235,2.7628,solved,0
0.0063643858,0.0063643858,4.9080230697e-04,0.0221540585,11,75,2.5916,2.7298,solved,0
0.0063673091,0.0063673091,4.9143139106e-04,0.0221682519,12,75,2.6365,2.8113,solved,0
0.0063702320,0.0063702320,4.9206137425e-04,0.0221824565,12,75,2.7412,2.9627,solved,0
0.0063731553,0.0063731553,4.9269242625e-04,0.0221966760,12,75,2.5941,2.7180,solved,0
0.0063760786,0.0063760786,4.9332446094e-04,0.0222109086,12,75,2.6898,2.7767,solved,0
0.0063790020,0.0063790020,4.9395749997e-04,0.0222251547,12,75,2.8305,3.0055,solved,0
0.0063819254,0.0063819254,4.9459152175e-04,0.0222394137,12,75,2.6249,2.7616,solved,0
0.0063848487,0.0063848487,4.9522650453e-04,0.0222536852,12,75,2.6950,2.8410,solved,0
0.0063877721,0.0063877721,4.9586249176e-04,0.0222679701,12,75,2.7420,2.9246,solved,0
0.0063906954,0.0063906954,4.9649943993e-04,0.0222822674,12,75,2.6134,2.7518,solved,0
0.0063936183,0.0063936183,4.9713728342e-04,0.0222965756,12,75,2.5637,2.6567,solved,0
0.0063965416,0.0063965416,4.9777619681e-04,0.0223108986,12,75,2.6865,2.8274,solved,0
0.0063994648,0.0063994648,4.9841607097e-04,0.0223252340,12,75,2.7291,2.9197,solved,0
0.0064023882,0.0064023882,4.9905697162e-04,0.0223395831,12,75,2.6371,2.8053,solved,0
0.0064053120,0.0064053120,4.9969903139e-04,0.0223539489,11,75,2.6288,2.7827,solved,0
0.0064082355,0.0064082355,5.0034224478e-04,0.0223683313,11,75,2.6568,2.8506,solved,0
0.0064111591,0.0064111591,5.0098670200e-04,0.0223827322,11,75,3.0158,3.2404,solved,0
0.0064140828,0.0064140828,5.0163240317e-04,0.0223971517,11,75,2.6282,2.7752,solved,0
0.0064170064,0.0064170064,5.0227930413e-04,0.0224115886,11,75,2.5840,2.6947,solved,0
0.0064199296,0.0064199296,5.0292733817e-04,0.0224260415,11,75,2.7883,2.9432,solved,0
0.0064228533,0.0064228533,5.0357670488e-04,0.0224405148,11,75,2.5682,2.6794,solved,0
0.0064257768,0.0064257768,5.0422724897e-04,0.0224550050,11,75,2.6047,2.6861,solved,0
0.0064287005,0.0064287005,5.0487905946e-04,0.0224695140,11,75,2.9651,3.1826,solved,0
0.0064316240,0.0064316240,5.0553204716e-04,0.0224840398,11,75,2.6387,2.8111,solved,0
0.0064345477,0.0064345477,5.0618630142e-04,0.0224985844,11,75,2.6235,2.7774,solved,0
0.0064374714,0.0064374714,5.0684177761e-04,0.0225131468,11,75,2.6351,2.7816,solved,0
0.0064403950,0.0064403950,5.0749845325e-04,0.0225277263,11,75,3.0409,3.2192,solved,0
0.0064433181,0.0064433181,5.0815623811e-04,0.0225423210,11,75,2.7477,2.9231,solved,0
0.0064462417,0.0064462417,5.0881535723e-04,0.0225569359,11,75,2.6733,2.8446,solved,0
0.0064491654,0.0064491654,5.0947572080e-04,0.0225715689,11,75,2.6534,2.8413,solved,0
0.0064520892,0.0064520892,5.1013732896e-04,0.0225862199,11,75,2.7135,2.8882,solved,0
0.0064550126,0.0064550126,5.1080006836e-04,0.0226008865,11,75,2.9834,3.1572,solved,0
0.0064579363,0.0064579363,5.1146409764e-04,0.0226155720,11,75,2.7577,2.9593,solved,0
0.0064608599,0.0064608599,5.1212932607e-04,0.0226302745,11,75,2.7432,2.9268,solved,0
0.0064637836,0.0064637836,5.1279579917e-04,0.0226449950,11,75,2.5876,2.7099,solved,0
0.0064667071,0.0064667071,5.1346344848e-04,0.0226597319,11,75,2.6191,2.7697,solved,0
0.0064696303,0.0064696303,5.1413225085e-04,0.0226744846,11,75,3.0640,3.3042,solved,0
0.0064725540,0.0064725540,5.1480238945e-04,0.0226892571,11,75,2.6264,2.7684,solved,0
0.0064754776,0.0064754776,5.1547372698e-04,0.0227040465,11,75,2.7058,2.9171,solved,0
0.0064784013,0.0064784013,5.1614630939e-04,0.0227188536,11,75,2.7538,2.9834,solved,0
0.0064813249,0.0064813249,5.1682009067e-04,0.0227336775,11,75,2.7032,2.8940,solved,0
0.0064842484,0.0064842484,5.1749507068e-04,0.0227485180,11,75,2.7719,2.9603,solved,0
0.0064871722,0.0064871722,5.1817134190e-04,0.0227633772,11,75,3.2937,3.5885,solved,0
0.0064900957,0.0064900957,5.1884882950e-04,0.0227782534,10,100,4.0305,4.4268,solved,0
0.0064930188,0.0064930188,5.1952760889e-04,0.0227931483,10,100,4.2892,4.6509,solved,0
0.0064959424,0.0064959424,5.2020789025e-04,0.0228080663,10,100,4.8616,5.1114,solved,0
0.0064988660,0.0064988660,5.2088955760e-04,0.0228230050,10,100,4.7247,5.0023,solved,0
0.0065017897,0.0065017897,5.2157263433e-04,0.0228379648,10,100,3.8478,4.1852,solved,0
0.0065047133,0.0065047133,5.2225707370e-04,0.0228529445,10,100,4.6531,4.9812,solved,0
0.0065076369,0.0065076369,5.2294289906e-04,0.0228679448,10,100,4.4079,4.6958,solved,0
0.0065105604,0.0065105604,5.2363008688e-04,0.0228829650,10,100,4.8311,5.1158,solved,0
0.0065134840,0.0065134840,5.2431868417e-04,0.0228980061,10,100,4.6281,4.9235,solved,0
0.0065164076,0.0065164076,5.2500866745e-04,0.0229130676,10,100,6.1192,6.4183,solved,0
0.0065193308,0.0065193308,5.2569994203e-04,0.0229281474,10,100,4.8280,5.2346,solved,0
0.0065222541,0.0065222541,5.2639262594e-04,0.0229432479,10,100,4.7027,5.0088,solved,0
0.0065251778,0.0065251778,5.2708679062e-04,0.0229583708,10,100,5.7134,6.0151,solved,0
0.0065281013,0.0065281013,5.2778229375e-04,0.0229735129,10,100,4.8596,5.1862,solved,0
0.0065310250,0.0065310250,5.2847923050e-04,0.0229886761,10,100,4.1836,4.5390,solved,0
0.0065339485,0.0065339485,5.2917750551e-04,0.0230038585,10,100,4.6359,4.9546,solved,0
0.0065368721,0.0065368721,5.2987719037e-04,0.0230190615,10,100,4.6641,5.1324,solved,0
0.0065397957,0.0065397957,5.3057826122e-04,0.0230342845,10,100,5.9291,6.6210,solved,0
0.0065427189,0.0065427189,5.3128062185e-04,0.0230495254,10,100,7.1137,7.5798,solved,0
0.0065456424,0.0065456424,5.3198444039e-04,0.0230647879,10,100,7.7787,8.2983,solved,0
0.0065485660,0.0065485660,5.3268966897e-04,0.0230800708,10,100,4.3405,4.6261,solved,0
0.0065514896,0.0065514896,5.3339628353e-04,0.0230953736,10,100,5.6498,5.9488,solved,0
0.0065544133,0.0065544133,5.3410430833e-04,0.0231106968,10,100,5.3984,6.0923,solved,0
0.0065573369,0.0065573369,5.3481369492e-04,0.0231260393,10,100,6.2717,6.5580,solved,0
0.0065602604,0.0065602604,5.3552444316e-04,0.0231414011,10,100,5.3201,5.5738,solved,0
0.0065631841,0.0065631841,5.3623662606e-04,0.0231567836,10,100,4.5267,4.8207,solved,0
0.0065661072,0.0065661072,5.3695004850e-04,0.0231721826,9,400,23.4312,24.4468,solved,1
0.0065690307,0.0065690307,5.3766499775e-04,0.0231876044,9,100,5.8902,6.3803,solved,0
0.0065719543,0.0065719543,5.3838143911e-04,0.0232030481,9,100,4.4395,5.1149,solved,0
0.0065748778,0.0065748778,5.3909932355e-04,0.0232185125,9,100,6.6873,7.0954,solved,0
0.0065778014,0.0065778014,5.3981870019e-04,0.0232339988,9,100,4.6491,4.9796,solved,0
0.0065807250,0.0065807250,5.4053954451e-04,0.0232495063,9,100,3.7943,4.0245,solved,0
0.0065836484,0.0065836484,5.4126180702e-04,0.0232650340,9,100,4.0884,4.3512,solved,0
0.0065865721,0.0065865721,5.4198561136e-04,0.0232805844,9,100,4.4633,4.8156,solved,0
0.0065894956,0.0065894956,5.4271083384e-04,0.0232961549,8,425,15.9647,16.6584,solved,1
0.0065924189,0.0065924189,5.4343751575e-04,0.0233117463,8,125,4.7861,5.1045,solved,0
0.0065953422,0.0065953422,5.4416574304e-04,0.0233273604,8,125,6.8662,7.1853,solved,0
0.0065982657,0.0065982657,5.4489556566e-04,0.0233429982,8,125,7.3567,7.6505,solved,0
0.0066011894,0.0066011894,5.4562698396e-04,0.0233586597,8,125,5.5677,5.8527,solved,0
0.0066041129,0.0066041129,5.4635989785e-04,0.0233743427,8,125,5.7683,6.0468,solved,0
0.0066070364,0.0066070364,5.4709435731e-04,0.0233900483,8,125,5.0868,5.4380,solved,0
0.0066099598,0.0066099598,5.4783033716e-04,0.0234057757,8,125,4.7870,5.2104,solved,0
0.0066128833,0.0066128833,5.4856788773e-04,0.0234215262,8,125,6.2036,6.5713,solved,0
0.0066158065,0.0066158065,5.4930690796e-04,0.0234372974,8,125,5.5734,6.0038,solved,0
0.0066187300,0.0066187300,5.5004754952e-04,0.0234530925,8,125,4.6085,4.9719,solved,0
0.0066216535,0.0066216535,5.5078973667e-04,0.0234689100,8,125,4.6027,4.8396,solved,0
0.0066245772,0.0066245772,5.5153352033e-04,0.0234847508,8,125,4.9258,5.2219,solved,0
0.0066275005,0.0066275005,5.5227874770e-04,0.0235006116,8,125,4.3209,4.5739,solved,0
0.0066304242,0.0066304242,5.5302562272e-04,0.0235164968,8,125,3.9490,4.2057,solved,0
0.0066333477,0.0066333477,5.5377399229e-04,0.0235324030,8,125,4.7140,5.0183,solved,0
0.0066362711,0.0066362711,5.5452388175e-04,0.0235483308,8,125,5.3691,5.7244,solved,0
0.0066391947,0.0066391947,5.5527536815e-04,0.0235642816,8,125,5.5852,6.4821,solved,0
0.0066421178,0.0066421178,5.5602827132e-04,0.0235802517,8,125,6.8550,7.2622,solved,0
0.0066450413,0.0066450413,5.5678282298e-04,0.0235962460,8,125,5.6812,6.0263,solved,0
0.0066479648,0.0066479648,5.5753892023e-04,0.0236122621,8,125,5.4757,5.8311,solved,0
0.0066508883,0.0066508883,5.5829656305e-04,0.0236283000,8,125,5.1827,5.4332,solved,0
0.0066538119,0.0066538119,5.5905577744e-04,0.0236443604,8,125,4.1523,4.3795,solved,0
0.0066567353,0.0066567353,5.5981648543e-04,0.0236604414,8,125,3.9075,4.3068,solved,0
0.0066596590,0.0066596590,5.6057881718e-04,0.0236765457,8,125,4.9055,5.1564,solved,0
0.0066625825,0.0066625825,5.6134264242e-04,0.0236926706,8,125,4.1627,4.4567,solved,0
0.0066655055,0.0066655055,5.6210788221e-04,0.0237088144,8,125,4.6630,4.9388,solved,0
0.0066684289,0.0066684289,5.6287477208e-04,0.0237249820,8,125,4.5016,4.7840,solved,0
0.0066713526,0.0066713526,5.6364328636e-04,0.0237411728,8,125,3.8580,4.1509,solved,0
0.0066742761,0.0066742761,5.6441329370e-04,0.0237573840,8,125,4.6100,4.8960,solved,0
0.0066771995,0.0066771995,5.6518482020e-04,0.0237736161,8,125,4.4408,4.7427,solved,0
0.0066801232,0.0066801232,5.6595797159e-04,0.0237898712,8,125,4.3127,4.5687,solved,0
0.0066830467,0.0066830467,5.6673261572e-04,0.0238061466,8,125,4.3463,4.6293,solved,0
0.0066859701,0.0066859701,5.6750877884e-04,0.0238224428,8,125,4.1703,4.4092,solved,0
0.0066888936,0.0066888936,5.6828651408e-04,0.0238387607,8,125,3.8977,4.1050,solved,0
0.0066918168,0.0066918168,5.6906571484e-04,0.0238550983,8,125,3.8234,3.9748,solved,0
0.0066947403,0.0066947403,5.6984654107e-04,0.0238714587,8,125,4.0802,4.2673,solved,0
0.0066976637,0.0066976637,5.7062888608e-04,0.0238878397,8,125,4.1551,4.3561,solved,0
0.0067005874,0.0067005874,5.7141285710e-04,0.0239042435,8,125,3.8449,4.0364,solved,0
0.0067035109,0.0067035109,5.7219832011e-04,0.0239206672,8,125,3.8794,4.0508,solved,0
0.0067064344,0.0067064344,5.7298532871e-04,0.0239371120,8,125,3.8225,3.9747,solved,0
0.0067093579,0.0067093579,5.7377388288e-04,0.0239535777,8,125,4.6176,5.3570,solved,0
0.0067122813,0.0067122813,5.7456395557e-04,0.0239700637,8,125,3.9607,4.1985,solved,0
0.0067152046,0.0067152046,5.7535554664e-04,0.0239865701,8,125,3.8161,4.0183,solved,0
0.0067181280,0.0067181280,5.7614871023e-04,0.0240030979,8,125,4.5737,4.8155,solved,0
0.0067210515,0.0067210515,5.7694344650e-04,0.0240196471,8,125,5.2331,5.4760,solved,0
0.0067239751,0.0067239751,5.7773975561e-04,0.0240362176,8,125,4.9614,5.2103,solved,0
0.0067268985,0.0067268985,5.7853755578e-04,0.0240528076,8,125,4.9142,5.1452,solved,0
0.0067298223,0.0067298223,5.7933701089e-04,0.0240694207,8,125,4.9803,5.1890,solved,0
0.0067327456,0.0067327456,5.8013787479e-04,0.0240860515,8,125,4.9938,5.2234,solved,0
0.0067356692,0.0067356692,5.8094036648e-04,0.0241027045,8,125,5.2481,5.4860,solved,0
0.0067385927,0.0067385927,5.8174437633e-04,0.0241193776,8,125,4.1331,4.3424,solved,0
0.0067415158,0.0067415158,5.8254982143e-04,0.0241360689,8,125,3.8021,3.9329,solved,0
0.0067444394,0.0067444394,5.8335694985e-04,0.0241527835,8,125,3.9245,4.0884,solved,0
0.0067473627,0.0067473627,5.8416554090e-04,0.0241695168,8,125,4.0491,4.2538,solved,0
0.0067502864,0.0067502864,5.8497578827e-04,0.0241862727,8,125,4.0310,4.2705,solved,0
0.0067532099,0.0067532099,5.8578752585e-04,0.0242030479,8,125,3.8426,3.9942,solved,0
0.0067561333,0.0067561333,5.8660078116e-04,0.0242198427,8,125,3.8658,4.0376,solved,0
0.0067590569,0.0067590569,5.8741574146e-04,0.0242366611,7,150,4.8149,5.0149,solved,0
0.0067619806,0.0067619806,5.8823291204e-04,0.0242535134,7,175,5.1198,5.2627,solved,0
0.0067649039,0.0067649039,5.8905222824e-04,0.0242703982,7,175,7.7251,7.9270,solved,0
0.0067678273,0.0067678273,5.8987382985e-04,0.0242873183,7,175,7.5004,7.7443,solved,0
0.0067707511,0.0067707511,5.9069780175e-04,0.0243042754,7,175,7.5688,7.7872,solved,0
0.0067736746,0.0067736746,5.9152394679e-04,0.0243212653,7,175,7.2649,7.4795,solved,0
0.0067765985,0.0067765985,5.9235246290e-04,0.0243382921,7,175,5.1058,5.3030,solved,0
0.0067795220,0.0067795220,5.9318312339e-04,0.0243553510,7,175,5.1554,5.3555,solved,0
0.0067824456,0.0067824456,5.9401606998e-04,0.0243724449,7,175,5.5708,5.7777,solved,0
0.0067853693,0.0067853693,5.9485130290e-04,0.0243895737,7,175,6.9135,7.1205,solved,0
0.0067882925,0.0067882925,5.9568865028e-04,0.0244067337,7,175,5.5746,5.7633,solved,0
0.0067912162,0.0067912162,5.9652839857e-04,0.0244239309,7,175,5.7975,6.0133,solved,0
0.0067941399,0.0067941399,5.9737040474e-04,0.0244411621,7,175,5.1533,5.3653,solved,0
0.0067970635,0.0067970635,5.9821463988e-04,0.0244584268,7,175,5.0278,5.2293,solved,0
0.0067999872,0.0067999872,5.9906116173e-04,0.0244757260,7,175,5.5068,5.6894,solved,0
0.0068029108,0.0068029108,5.9990991239e-04,0.0244930585,7,175,5.0261,5.2021,solved,0
0.0068058344,0.0068058344,6.0076092077e-04,0.0245104247,7,175,5.3302,5.5115,solved,0
0.0068087582,0.0068087582,6.0161424533e-04,0.0245278259,7,175,5.0329,5.1814,solved,0
0.0068116817,0.0068116817,6.0246974001e-04,0.0245452590,7,175,5.0299,5.1649,solved,0
0.0068146049,0.0068146049,6.0332740413e-04,0.0245627239,7,175,4.9769,5.1303,solved,0
0.0068175285,0.0068175285,6.0418744318e-04,0.0245802246,7,175,5.1214,5.3970,solved,0
0.0068204523,0.0068204523,6.0504979902e-04,0.0245977600,7,175,5.0112,5.1636,solved,0
0.0068233760,0.0068233760,6.0591438329e-04,0.0246153282,7,175,4.9964,5.1964,solved,0
0.0068262994,0.0068262994,6.0678113636e-04,0.0246329279,7,175,5.1420,5.3105,solved,0
0.0068292232,0.0068292232,6.0765026592e-04,0.0246505632,7,175,5.0231,5.1658,solved,0
0.0068321469,0.0068321469,6.0852162366e-04,0.0246682311,7,175,5.6682,5.9085,solved,0
0.0068350706,0.0068350706,6.0939523929e-04,0.0246859320,7,175,5.0735,5.2424,solved,0
0.0068379937,0.0068379937,6.1027093281e-04,0.0247036623,7,175,5.0859,5.2472,solved,0
0.0068409173,0.0068409173,6.1114903365e-04,0.0247214286,7,175,5.0645,5.2374,solved,0
0.0068438410,0.0068438410,6.1202942237e-04,0.0247392284,7,175,5.2165,5.4027,solved,0
0.0068467646,0.0068467646,6.1291203874e-04,0.0247570604,7,175,5.2405,5.4250,solved,0
0.0068496883,0.0068496883,6.1379694314e-04,0.0247749257,7,175,5.2000,5.3814,solved,0
0.0068526119,0.0068526119,6.1468407504e-04,0.0247928231,7,175,5.0372,5.2293,solved,0
0.0068555356,0.0068555356,6.1557349512e-04,0.0248107536,7,175,5.0104,5.1707,solved,0
0.0068584592,0.0068584592,6.1646514254e-04,0.0248287161,7,175,5.2974,5.6201,solved,0
0.0068613829,0.0068613829,6.1735907830e-04,0.0248467116,7,175,5.0984,5.2700,solved,0
0.0068643062,0.0068643062,6.1825514918e-04,0.0248647371,7,175,5.0785,5.2185,solved,0
0.0068672299,0.0068672299,6.1915360038e-04,0.0248827973,7,175,4.9913,5.1174,solved,0
0.0068701533,0.0068701533,6.2005421693e-04,0.0249008879,7,175,5.0086,5.1309,solved,0
0.0068730772,0.0068730772,6.2095724551e-04,0.0249190137,7,175,5.0185,5.1119,solved,0
0.0068760007,0.0068760007,6.2186240828e-04,0.0249371692,7,175,5.0126,5.1254,solved,0
0.0068789244,0.0068789244,6.2276989077e-04,0.0249553580,7,175,4.9695,5.0648,solved,0
0.0068818479,0.0068818479,6.2367956884e-04,0.0249735774,7,175,5.2373,5.3833,solved,0
0.0068847717,0.0068847717,6.2459159816e-04,0.0249918306,7,175,5.4142,5.6075,solved,0
0.0068876949,0.0068876949,6.2550569767e-04,0.0250101119,7,175,5.1201,5.2987,solved,0
0.0068906185,0.0068906185,6.2642217983e-04,0.0250284274,7,175,5.0236,5.2428,solved,0
0.0068935421,0.0068935421,6.2734091971e-04,0.0250467746,7,175,5.0791,5.2477,solved,0
0.0068964658,0.0068964658,6.2826194886e-04,0.0250651541,7,175,4.9782,5.1489,solved,0
0.0068993894,0.0068993894,6.2918520426e-04,0.0250835644,7,175,5.0214,5.1616,solved,0
0.0069023131,0.0069023131,6.3011074909e-04,0.0251020069,7,175,4.9367,5.0650,solved,0
0.0069052366,0.0069052366,6.3103848825e-04,0.0251204795,7,175,5.3667,5.5376,solved,0
0.0069081604,0.0069081604,6.3196858053e-04,0.0251389853,7,175,5.2098,5.4226,solved,0
0.0069110840,0.0069110840,6.3290094673e-04,0.0251575227,6,175,5.3171,5.4794,solved,0
0.0069140070,0.0069140070,6.3383658382e-04,0.0251761114,6,75,2.5792,2.7075,solved,0
0.0069169304,0.0069169304,6.3477617588e-04,0.0251947649,6,75,2.6158,2.7480,solved,0
0.0069198539,0.0069198539,6.3571962747e-04,0.0252134811,6,75,2.5589,2.6781,solved,0
0.0069227774,0.0069227774,6.3666690651e-04,0.0252322592,6,75,2.6155,2.7611,solved,0
0.0069257008,0.0069257008,6.3761798041e-04,0.0252510986,6,75,2.5624,2.6975,solved,0
0.0069286240,0.0069286240,6.3857281604e-04,0.0252699983,6,75,2.5519,2.6750,solved,0
0.0069315475,0.0069315475,6.3953157691e-04,0.0252889616,6,75,2.5915,2.7109,solved,0
0.0069344709,0.0069344709,6.4049413225e-04,0.0253079855,6,75,2.5387,2.6606,solved,0
0.0069373939,0.0069373939,6.4146038229e-04,0.0253270682,6,75,2.5494,2.6699,solved,0
0.0069403174,0.0069403174,6.4243062474e-04,0.0253462152,6,75,2.5230,2.6111,solved,0
0.0069432408,0.0069432408,6.4340466126e-04,0.0253654226,6,75,2.5202,2.5926,solved,0
0.0069461643,0.0069461643,6.4438255848e-04,0.0253846914,6,75,2.5586,2.6671,solved,0
0.0069490878,0.0069490878,6.4536428316e-04,0.0254040210,6,75,2.5848,2.7085,solved,0
0.0069520112,0.0069520112,6.4634980151e-04,0.0254234105,6,75,2.5520,2.6666,solved,0
0.0069549346,0.0069549346,6.4733914705e-04,0.0254428604,6,75,2.5536,2.6654,solved,0
0.0069578579,0.0069578579,6.4833228574e-04,0.0254623700,6,75,2.5424,2.6575,solved,0
0.0069607814,0.0069607814,6.4932931971e-04,0.0254819411,6,75,2.5437,2.6562,solved,0
0.0069637045,0.0069637045,6.5033004392e-04,0.0255015694,6,75,2.5641,2.6854,solved,0
0.0069666278,0.0069666278,6.5133466340e-04,0.0255212590,6,75,2.5377,2.6453,solved,0
0.0069695513,0.0069695513,6.5234317894e-04,0.0255410097,6,75,2.5483,2.6665,solved,0
0.0069724746,0.0069724746,6.5335545254e-04,0.0255608187,6,75,2.6210,2.7714,solved,0
0.0069753981,0.0069753981,6.5437162272e-04,0.0255806885,6,75,2.5834,2.7436,solved,0
0.0069783216,0.0069783216,6.5539162035e-04,0.0256006176,6,75,2.5792,2.7078,solved,0
0.0069812450,0.0069812450,6.5641541035e-04,0.0256206052,6,75,2.6078,2.7159,solved,0
0.0069841685,0.0069841685,6.5744306275e-04,0.0256406525,6,75,2.5571,2.6394,solved,0
0.0069870914,0.0069870914,6.5847433052e-04,0.0256607547,6,75,2.5449,2.6193,solved,0
0.0069900149,0.0069900149,6.5950963705e-04,0.0256809197,6,75,2.5678,2.6668,solved,0
0.0069929383,0.0069929383,6.6054873542e-04,0.0257011427,6,75,2.5499,2.6280,solved,0
0.0069958615,0.0069958615,6.6159158950e-04,0.0257214228,6,75,2.5889,2.6642,solved,0
0.0069987850,0.0069987850,6.6263837786e-04,0.0257417633,6,75,2.5402,2.6155,solved,0
0.0070017085,0.0070017085,6.6368899367e-04,0.0257621621,6,75,2.5548,2.6361,solved,0
0.0070046320,0.0070046320,6.6474343693e-04,0.0257826189,6,75,2.5490,2.6309,solved,0
0.0070075554,0.0070075554,6.6580167139e-04,0.0258031330,6,75,2.5664,2.6759,solved,0
0.0070104788,0.0070104788,6.6686373303e-04,0.0258237049,6,75,2.5919,2.7183,solved,0
0.0070134018,0.0070134018,6.6792947576e-04,0.0258443316,6,75,2.6250,2.7538,solved,0
0.0070163253,0.0070163253,6.6899922792e-04,0.0258650194,6,75,2.5418,2.6274,solved,0
0.0070192486,0.0070192486,6.7007273396e-04,0.0258857632,6,75,2.5523,2.6250,solved,0
0.0070221721,0.0070221721,6.7115014076e-04,0.0259065656,6,75,2.6366,2.7263,solved,0
0.0070250956,0.0070250956,6.7223137502e-04,0.0259274252,6,75,2.5199,2.6138,solved,0
0.0070280190,0.0070280190,6.7331639954e-04,0.0259483410,6,75,2.5510,2.6256,solved,0
0.0070309425,0.0070309425,6.7440528857e-04,0.0259693144,6,75,2.6504,2.7316,solved,0
0.0070338657,0.0070338657,6.7549789273e-04,0.0259903423,6,75,2.5240,2.6066,solved,0
0.0070367887,0.0070367887,6.7659424841e-04,0.0260114253,6,75,2.5472,2.6240,solved,0
0.0070397121,0.0070397121,6.7769458104e-04,0.0260325677,6,75,2.5766,2.6830,solved,0
0.0070426356,0.0070426356,6.7879877870e-04,0.0260537671,6,75,2.5518,2.6533,solved,0
0.0070455590,0.0070455590,6.7990676585e-04,0.0260750219,6,75,2.5598,2.6471,solved,0
0.0070484825,0.0070484825,6.8101861829e-04,0.0260963334,6,75,2.5749,2.6499,solved,0
0.0070514060,0.0070514060,6.8213429818e-04,0.0261177009,6,75,2.5681,2.6480,solved,0
0.0070543295,0.0070543295,6.8325380552e-04,0.0261391240,6,75,2.5212,2.5985,solved,0
0.0070572530,0.0070572530,6.8437714032e-04,0.0261606028,6,75,2.5937,2.7086,solved,0
0.0070601759,0.0070601759,6.8550407084e-04,0.0261821327,6,75,2.5572,2.6461,solved,0
0.0070630992,0.0070630992,6.8663498225e-04,0.0262037208,6,75,2.5919,2.6679,solved,0
0.0070660227,0.0070660227,6.8776979836e-04,0.0262253656,6,75,2.5260,2.6035,solved,0
0.0070689461,0.0070689461,6.8890840290e-04,0.0262470647,6,75,2.5186,2.6005,solved,0
0.0070718694,0.0070718694,6.9005079549e-04,0.0262688179,6,75,2.5264,2.6138,solved,0
0.0070747929,0.0070747929,6.9119709356e-04,0.0262906275,6,75,2.5338,2.6129,solved,0
0.0070777164,0.0070777164,6.9234721909e-04,0.0263124917,6,75,2.6039,2.6848,solved,0
0.0070806399,0.0070806399,6.9350117206e-04,0.0263344104,6,75,2.5253,2.6043,solved,0
0.0070835632,0.0070835632,6.9465887316e-04,0.0263563820,6,75,2.5147,2.5908,solved,0
0.0070864862,0.0070864862,6.9582028178e-04,0.0263784056,6,75,2.5273,2.6080,solved,0
0.0070894096,0.0070894096,6.9698567627e-04,0.0264004863,6,75,2.5227,2.6550,solved,0
0.0070923331,0.0070923331,6.9815493801e-04,0.0264226217,6,75,2.5344,2.6087,solved,0
0.0070952565,0.0070952565,6.9932798701e-04,0.0264448102,6,75,2.5790,2.6543,solved,0
0.0070981800,0.0070981800,7.0050490352e-04,0.0264670532,6,75,2.5486,2.6247,solved,0
0.0071011035,0.0071011035,7.0168564749e-04,0.0264893497,6,75,2.5316,2.6047,solved,0
0.0071040270,0.0071040270,7.0287021891e-04,0.0265116997,6,75,2.5329,2.6039,solved,0
0.0071069502,0.0071069502,7.0405849563e-04,0.0265341006,6,75,2.5893,2.6897,solved,0
0.0071098732,0.0071098732,7.0525051733e-04,0.0265565532,6,75,2.5855,2.6774,solved,0
0.0071127966,0.0071127966,7.0644652909e-04,0.0265790619,6,75,2.6284,2.7017,solved,0
0.0071157200,0.0071157200,7.0764636803e-04,0.0266016234,6,75,2.5375,2.6099,solved,0
0.0071186435,0.0071186435,7.0885007540e-04,0.0266242385,6,75,2.5722,2.6486,solved,0
0.0071215670,0.0071215670,7.1005761023e-04,0.0266469062,6,75,2.5289,2.6252,solved,0
0.0071244904,0.0071244904,7.1126893101e-04,0.0266696256,6,75,2.6282,2.7939,solved,0
0.0071274138,0.0071274138,7.1248407897e-04,0.0266923974,6,75,2.5779,2.7256,solved,0
0.0071303372,0.0071303372,7.1370305413e-04,0.0267152214,6,75,2.8452,3.0224,solved,0
0.0071332607,0.0071332607,7.1492589838e-04,0.0267380983,6,75,2.5791,2.7325,solved,0
0.0071361837,0.0071361837,7.1615235995e-04,0.0267610231,6,75,2.5934,2.7277,solved,0
0.0071391071,0.0071391071,7.1738281629e-04,0.0267840030,6,75,2.8236,3.0130,solved,0
0.0071420306,0.0071420306,7.1861714211e-04,0.0268070353,6,75,3.0478,3.2672,solved,0
0.0071449540,0.0071449540,7.1985525296e-04,0.0268301184,6,75,2.6482,2.8108,solved,0
0.0071478773,0.0071478773,7.2109714845e-04,0.0268532521,6,75,2.6622,2.7990,solved,0
0.0071508007,0.0071508007,7.2234291355e-04,0.0268764379,6,75,2.9812,3.1724,solved,0
0.0071537242,0.0071537242,7.2359254866e-04,0.0268996756,6,75,2.9298,3.1930,solved,0
0.0071566476,0.0071566476,7.2484596827e-04,0.0269229636,6,75,2.8895,3.1455,solved,0
0.0071595706,0.0071595706,7.2610304279e-04,0.0269462992,6,75,3.3280,3.6592,solved,0
0.0071624941,0.0071624941,7.2736415947e-04,0.0269696896,6,75,2.6890,2.9216,solved,0
0.0071654175,0.0071654175,7.2862906026e-04,0.0269931299,6,75,2.7183,2.8622,solved,0
0.0071683410,0.0071683410,7.2989783171e-04,0.0270166214,6,75,2.8102,3.0340,solved,0
0.0071712644,0.0071712644,7.3117038702e-04,0.0270401625,6,75,2.6009,2.7524,solved,0
0.0071741879,0.0071741879,7.3244681324e-04,0.0270637546,6,75,2.6291,2.8103,solved,0
0.0071771112,0.0071771112,7.3372697921e-04,0.0270873952,6,75,2.6544,2.8751,solved,0
0.0071800347,0.0071800347,7.3501106007e-04,0.0271110874,6,75,2.6140,2.7706,solved,0
0.0071829580,0.0071829580,7.3629888016e-04,0.0271348278,6,75,2.5993,2.7954,solved,0
0.0071858810,0.0071858810,7.3759039442e-04,0.0271586155,6,75,3.9142,4.1364,solved,0
0.0071888045,0.0071888045,7.3888595673e-04,0.0271824568,6,75,3.9062,4.1084,solved,0
0.0071917279,0.0071917279,7.4018530198e-04,0.0272063467,6,75,3.8609,4.0457,solved,0
0.0071946513,0.0071946513,7.4148847442e-04,0.0272302860,6,75,3.7798,4.0072,solved,0
0.0071975748,0.0071975748,7.4279551882e-04,0.0272542752,6,75,3.0145,3.2309,solved,0
0.0072004983,0.0072004983,7.4410639068e-04,0.0272783136,6,75,2.6473,2.9396,solved,0
0.0072034217,0.0072034217,7.4542104496e-04,0.0273024000,6,75,2.6469,2.8539,solved,0
0.0072063453,0.0072063453,7.4673965997e-04,0.0273265377,5,75,2.5811,2.7213,solved,0
0.0072092685,0.0072092685,7.4806220306e-04,0.0273507258,5,75,2.6476,2.8221,solved,0
0.0072121921,0.0072121921,7.4938907262e-04,0.0273749716,5,75,2.6299,2.8858,solved,0
0.0072151156,0.0072151156,7.5072004238e-04,0.0273992708,5,75,2.6165,2.7623,solved,0
0.0072180393,0.0072180393,7.5205524911e-04,0.0274236257,5,75,2.5936,2.7057,solved,0
0.0072209629,0.0072209629,7.5339455604e-04,0.0274480337,5,75,2.5461,2.6595,solved,0
0.0072238865,0.0072238865,7.5473800875e-04,0.0274724955,5,75,2.6126,2.7752,solved,0
0.0072268103,0.0072268103,7.5608569957e-04,0.0274970126,5,75,2.6787,2.8504,solved,0
0.0072297338,0.0072297338,7.5743739783e-04,0.0275215806,5,75,2.5559,2.6667,solved,0
0.0072326576,0.0072326576,7.5879338094e-04,0.0275462045,5,75,2.6343,2.7351,solved,0
0.0072355806,0.0072355806,7.6015313768e-04,0.0275708748,5,75,2.6657,2.8578,solved,0
0.0072385043,0.0072385043,7.6151736563e-04,0.0275956041,5,75,2.5543,2.6730,solved,0
0.0072414278,0.0072414278,7.6288564590e-04,0.0276203846,5,75,2.6146,2.7674,solved,0
0.0072443516,0.0072443516,7.6425821271e-04,0.0276452204,5,75,3.3581,3.5687,solved,0
0.0072472751,0.0072472751,7.6563478441e-04,0.0276701063,5,75,2.6172,2.7867,solved,0
0.0072501987,0.0072501987,7.6701554892e-04,0.0276950456,5,75,2.6731,2.8471,solved,0
0.0072531225,0.0072531225,7.6840055408e-04,0.0277200389,5,75,2.6527,2.8236,solved,0
0.0072560460,0.0072560460,7.6978956286e-04,0.0277450818,5,75,2.6210,2.8052,solved,0
0.0072589691,0.0072589691,7.7118252624e-04,0.0277701733,5,75,2.7275,2.9106,solved,0
0.0072618929,0.0072618929,7.7257996905e-04,0.0277953228,5,75,2.6141,2.7658,solved,0
0.0072648165,0.0072648165,7.7398146220e-04,0.0278205223,5,75,2.6811,2.8825,solved,0
0.0072677401,0.0072677401,7.7538710113e-04,0.0278457735,5,75,2.5994,2.7596,solved,0
0.0072706638,0.0072706638,7.7679693415e-04,0.0278710770,5,75,2.5891,2.7230,solved,0
0.0072735874,0.0072735874,7.7821086479e-04,0.0278964310,5,75,2.7511,2.9846,solved,0
0.0072765109,0.0072765109,7.7962889265e-04,0.0279218354,5,75,2.6464,2.8441,solved,0
0.0072794347,0.0072794347,7.8105121217e-04,0.0279472935,5,75,2.6122,2.7680,solved,0
0.0072823582,0.0072823582,7.8247753146e-04,0.0279727999,5,75,2.7903,3.0171,solved,0
0.0072852814,0.0072852814,7.8390784925e-04,0.0279983544,5,75,2.6340,2.7947,solved,0
0.0072882051,0.0072882051,7.8534255740e-04,0.0280239640,5,75,2.6230,2.8629,solved,0
0.0072911287,0.0072911287,7.8678136234e-04,0.0280496232,5,75,2.8421,3.0919,solved,0
0.0072940523,0.0072940523,7.8822431307e-04,0.0280753328,5,75,2.5927,2.7567,solved,0
0.0072969760,0.0072969760,7.8967145915e-04,0.0281010936,5,75,2.6499,2.8624,solved,0
0.0072998995,0.0072998995,7.9112265188e-04,0.0281269026,5,75,2.7104,2.9419,solved,0
0.0073028231,0.0073028231,7.9257803996e-04,0.0281527626,5,75,2.8050,2.9870,solved,0
0.0073057469,0.0073057469,7.9403767382e-04,0.0281786741,5,75,3.9187,4.1091,solved,0
0.0073086701,0.0073086701,7.9550115322e-04,0.0282046300,5,75,2.8575,3.0462,solved,0
0.0073115936,0.0073115936,7.9696892810e-04,0.0282306381,5,75,2.7014,2.9108,solved,0
0.0073145171,0.0073145171,7.9844084849e-04,0.0282566956,5,75,2.6116,2.7837,solved,0
0.0073174408,0.0073174408,7.9991701549e-04,0.0282828042,5,75,2.7249,2.9108,solved,0
0.0073203645,0.0073203645,8.0139732857e-04,0.0283089620,5,75,2.9568,3.2438,solved,0
0.0073232882,0.0073232882,8.0288178772e-04,0.0283351687,5,75,2.6120,2.7936,solved,0
0.0073262118,0.0073262118,8.0437034195e-04,0.0283614235,5,75,2.6162,2.8773,solved,0
0.0073291352,0.0073291352,8.0586293971e-04,0.0283877252,5,75,2.6346,2.8504,solved,0
0.0073320585,0.0073320585,8.0735963143e-04,0.0284140745,5,75,2.6313,2.8121,solved,0
0.0073349822,0.0073349822,8.0886067372e-04,0.0284404760,5,75,2.5895,2.7718,solved,0
0.0073379058,0.0073379058,8.1036581053e-04,0.0284669249,5,75,2.6734,2.8783,solved,0
0.0073408294,0.0073408294,8.1187509312e-04,0.0284934219,5,75,2.6766,2.8689,solved,0
0.0073437532,0.0073437532,8.1338862518e-04,0.0285199689,5,75,2.7589,2.9509,solved,0
0.0073466767,0.0073466767,8.1490614765e-04,0.0285465610,5,75,2.6357,2.9107,solved,0
0.0073496004,0.0073496004,8.1642791987e-04,0.0285732028,5,75,2.5973,2.7771,solved,0
0.0073525240,0.0073525240,8.1795378589e-04,0.0285998914,5,75,2.7112,3.0348,solved,0
0.0073554475,0.0073554475,8.1948374529e-04,0.0286266265,5,75,2.6701,2.8776,solved,0
0.0073583707,0.0073583707,8.2101769256e-04,0.0286534063,5,75,2.6100,2.7570,solved,0
0.0073612945,0.0073612945,8.2255610061e-04,0.0286802389,5,75,2.6078,2.7503,solved,0
0.0073642180,0.0073642180,8.2409849652e-04,0.0287071158,5,75,2.7420,2.9665,solved,0
0.0073671416,0.0073671416,8.2564509091e-04,0.0287340406,5,75,2.6568,2.8616,solved,0
0.0073700653,0.0073700653,8.2719588420e-04,0.0287610133,5,75,2.7982,3.2481,solved,0
0.0073729889,0.0073729889,8.2875077030e-04,0.0287880317,5,75,2.8715,3.0727,solved,0
0.0073759124,0.0073759124,8.3030974879e-04,0.0288150958,5,75,2.5896,2.7338,solved,0
0.0073788362,0.0073788362,8.3187303339e-04,0.0288422092,5,75,2.6419,2.8004,solved,0
0.0073817594,0.0073817594,8.3344014227e-04,0.0288693634,5,75,2.5937,2.7747,solved,0
0.0073846829,0.0073846829,8.3501155727e-04,0.0288965665,5,75,2.6252,2.8148,solved,0
0.0073876066,0.0073876066,8.3658722570e-04,0.0289238176,5,75,2.6861,2.8589,solved,0
0.0073905302,0.0073905302,8.3816698609e-04,0.0289511137,5,75,2.6764,2.9746,solved,0
0.0073934538,0.0073934538,8.3975089227e-04,0.0289784557,5,75,2.7363,2.9734,solved,0
0.0073963776,0.0073963776,8.4133905301e-04,0.0290058452,5,75,2.6375,2.8149,solved,0
0.0073993012,0.0073993012,8.4293125105e-04,0.0290332783,5,75,2.6159,2.7900,solved,0
0.0074022247,0.0074022247,8.4452754019e-04,0.0290607560,5,75,2.5870,2.7535,solved,0
0.0074051485,0.0074051485,8.4612813929e-04,0.0290882818,5,75,2.6424,2.7901,solved,0
0.0074080716,0.0074080716,8.4773250004e-04,0.0291158462,5,75,2.6291,2.8367,solved,0
0.0074109951,0.0074109951,8.4934122555e-04,0.0291434594,5,75,2.6655,2.8363,solved,0
0.0074139189,0.0074139189,8.5095426229e-04,0.0291711203,5,75,2.6526,2.8509,solved,0
0.0074168425,0.0074168425,8.5257133461e-04,0.0291988242,5,75,2.5924,2.7205,solved,0
0.0074197661,0.0074197661,8.5419255272e-04,0.0292265727,5,75,2.5966,2.7378,solved,0
0.0074226898,0.0074226898,8.5581797229e-04,0.0292543667,5,75,2.6359,2.7992,solved,0
0.0074256133,0.0074256133,8.5744742630e-04,0.0292822032,5,75,2.6217,2.7723,solved,0
0.0074285368,0.0074285368,8.5908102582e-04,0.0293100840,5,75,2.5766,2.6981,solved,0
0.0074314600,0.0074314600,8.6071860257e-04,0.0293380061,5,75,2.8197,2.9957,solved,0
0.0074343838,0.0074343838,8.6236066137e-04,0.0293659780,5,75,2.6067,2.7654,solved,0
0.0074373074,0.0074373074,8.6400675378e-04,0.0293939918,5,75,2.5705,2.6786,solved,0
0.0074402310,0.0074402310,8.6565699196e-04,0.0294220494,5,75,2.6237,2.7629,solved,0
0.0074431547,0.0074431547,8.6731143260e-04,0.0294501517,5,75,2.6658,2.8808,solved,0
0.0074460782,0.0074460782,8.6896990570e-04,0.0294782955,5,75,2.6395,2.8002,solved,0
0.0074490020,0.0074490020,8.7063269513e-04,0.0295064856,5,75,2.9900,3.2130,solved,0
0.0074519255,0.0074519255,8.7229945966e-04,0.0295347162,5,75,2.6783,2.8871,solved,0
0.0074548491,0.0074548491,8.7397042692e-04,0.0295629908,5,75,2.8643,3.0811,solved,0
0.0074577723,0.0074577723,8.7564531050e-04,0.0295913046,5,75,2.6226,2.7684,solved,0
0.0074606961,0.0074606961,8.7732468379e-04,0.0296196672,5,75,2.6599,2.8168,solved,0
0.0074636195,0.0074636195,8.7900797282e-04,0.0296480686,5,75,2.5874,2.7038,solved,0
0.0074665432,0.0074665432,8.8069558045e-04,0.0296765156,5,75,2.5863,2.7188,solved,0
0.0074694669,0.0074694669,8.8238733415e-04,0.0297050052,5,75,3.0656,3.2783,solved,0
0.0074723904,0.0074723904,8.8408311777e-04,0.0297335352,5,75,2.7590,2.9708,solved,0
0.0074753142,0.0074753142,8.8578322155e-04,0.0297621105,5,75,2.5920,2.7245,solved,0
0.0074782378,0.0074782378,8.8748735495e-04,0.0297907260,5,75,2.5612,2.6652,solved,0
0.0074811609,0.0074811609,8.8919534164e-04,0.0298193786,5,75,2.8756,3.0997,solved,0
0.0074840845,0.0074840845,8.9090776591e-04,0.0298480781,5,75,2.9284,3.1440,solved,0
0.0074870082,0.0074870082,8.9262439476e-04,0.0298768204,5,75,2.6196,2.7884,solved,0
0.0074899318,0.0074899318,8.9434511074e-04,0.0299056033,5,75,2.6816,2.8585,solved,0
0.0074928554,0.0074928554,8.9606997251e-04,0.0299344279,5,75,2.6217,2.8029,solved,0
0.0074957791,0.0074957791,8.9779903928e-04,0.0299632949,5,75,2.7595,2.9967,solved,0
0.0074987028,0.0074987028,8.9953225212e-04,0.0299922032,5,75,2.6511,2.8530,solved,0
0.0075016263,0.0075016263,9.0126949204e-04,0.0300211507,5,75,2.6371,2.8036,solved,0
0.0075045499,0.0075045499,9.0301093710e-04,0.0300501404,5,75,2.6087,2.7478,solved,0
0.0075074731,0.0075074731,9.0475628883e-04,0.0300791670,5,75,2.6508,2.8347,solved,0
0.0075103968,0.0075103968,9.0650608481e-04,0.0301082395,5,75,2.9792,3.2770,solved,0
0.0075133204,0.0075133204,9.0825996680e-04,0.0301373517,5,75,2.7827,3.0437,solved,0
0.0075162441,0.0075162441,9.1001805478e-04,0.0301665055,5,75,2.6456,2.8287,solved,0
0.0075191676,0.0075191676,9.1178016814e-04,0.0301956978,5,75,3.4778,3.7283,solved,0
0.0075220913,0.0075220913,9.1354654798e-04,0.0302249326,5,75,3.2507,3.5385,solved,0
0.0075250149,0.0075250149,9.1531701326e-04,0.0302542065,5,75,2.8223,3.0842,solved,0
0.0075279385,0.0075279385,9.1709162432e-04,0.0302835207,5,75,2.7249,3.0005,solved,0
0.0075308617,0.0075308617,9.1887013752e-04,0.0303128708,5,75,3.1260,3.4088,solved,0
0.0075337854,0.0075337854,9.2065310064e-04,0.0303422659,5,75,3.4234,3.6984,solved,0
0.0075367089,0.0075367089,9.2244008744e-04,0.0303716988,5,75,3.3988,3.6475,solved,0
0.0075396326,0.0075396326,9.2423134242e-04,0.0304011734,5,75,2.7586,3.0049,solved,0
0.0075425562,0.0075425562,9.2602668199e-04,0.0304306865,5,75,2.8075,3.1034,solved,0
0.0075454798,0.0075454798,9.2782616734e-04,0.0304602391,5,75,3.6269,3.9063,solved,0
0.0075484035,0.0075484035,9.2962986025e-04,0.0304898321,5,75,3.5400,3.7764,solved,0
0.0075513271,0.0075513271,9.3143763732e-04,0.0305194633,5,75,3.2758,3.5306,solved,0
0.0075542508,0.0075542508,9.3324962222e-04,0.0305491346,5,75,2.6654,2.8605,solved,0
0.0075571738,0.0075571738,9.3506531787e-04,0.0305788377,5,75,3.0969,3.2887,solved,0
0.0075600975,0.0075600975,9.3688559392e-04,0.0306085869,5,75,2.6149,2.7705,solved,0
0.0075630211,0.0075630211,9.3870995356e-04,0.0306383739,5,75,2.5793,2.7112,solved,0
0.0075659448,0.0075659448,9.4053852161e-04,0.0306682005,5,75,2.5726,2.7538,solved,0
0.0075688684,0.0075688684,9.4237117297e-04,0.0306980646,5,75,2.5683,2.7147,solved,0
0.0075717921,0.0075717921,9.4420803301e-04,0.0307279683,5,75,2.7992,2.9877,solved,0
0.0075747157,0.0075747157,9.4604897609e-04,0.0307579092,5,75,2.6586,2.8666,solved,0
0.0075776393,0.0075776393,9.4789406495e-04,0.0307878883,5,75,2.5718,2.7172,solved,0
0.0075805625,0.0075805625,9.4974304630e-04,0.0308179014,5,75,2.5821,2.7175,solved,0
0.0075834861,0.0075834861,9.5159642617e-04,0.0308479566,5,75,2.5849,2.7165,solved,0
0.0075864098,0.0075864098,9.5345401543e-04,0.0308780507,5,75,2.7334,2.9613,solved,0
0.0075893334,0.0075893334,9.5531568700e-04,0.0309081816,5,75,2.9204,3.1678,solved,0
0.0075922570,0.0075922570,9.5718150437e-04,0.0309383501,5,75,2.7937,3.0296,solved,0
0.0075951806,0.0075951806,9.5905146752e-04,0.0309685561,5,75,2.6128,2.7815,solved,0
0.0075981042,0.0075981042,9.6092557646e-04,0.0309987996,5,75,2.5776,2.7122,solved,0
0.0076010278,0.0076010278,9.6280383118e-04,0.0310290804,5,75,2.7883,2.9738,solved,0
0.0076039511,0.0076039511,9.6468603832e-04,0.0310593953,5,75,3.2181,3.4288,solved,0
0.0076068747,0.0076068747,9.6657258419e-04,0.0310897505,5,75,2.6134,2.7719,solved,0
0.0076097984,0.0076097984,9.6846334059e-04,0.0311201436,5,75,2.7189,2.9096,solved,0
0.0076127219,0.0076127219,9.7035811329e-04,0.0311505716,5,75,2.6019,2.7695,solved,0
0.0076156456,0.0076156456,9.7225716154e-04,0.0311810385,5,75,2.6193,2.7527,solved,0
0.0076185692,0.0076185692,9.7416029070e-04,0.0312115410,5,75,2.8163,3.1312,solved,0
0.0076214928,0.0076214928,9.7606756564e-04,0.0312420800,5,75,2.7405,3.0125,solved,0
0.0076244165,0.0076244165,9.7797905182e-04,0.0312726566,5,75,2.6141,2.7745,solved,0
0.0076273401,0.0076273401,9.7989461848e-04,0.0313032685,5,75,2.5835,2.7354,solved,0
0.0076302633,0.0076302633,9.8181406799e-04,0.0313339124,5,75,3.3035,3.5270,solved,0
0.0076331868,0.0076331868,9.8373785978e-04,0.0313645956,5,75,3.5777,3.8967,solved,0
0.0076361105,0.0076361105,9.8566592910e-04,0.0313953170,5,75,3.3181,3.6209,solved,0
0.0076390341,0.0076390341,9.8759807833e-04,0.0314260732,5,75,3.3982,3.6390,solved,0
0.0076419578,0.0076419578,9.8953443965e-04,0.0314568663,5,75,3.2351,3.4478,solved,0
0.0076448814,0.0076448814,9.9147488060e-04,0.0314876941,5,75,3.2524,3.5117,solved,0
0.0076478051,0.0076478051,9.9341953392e-04,0.0315185586,5,75,2.6706,2.8614,solved,0
0.0076507288,0.0076507288,9.9536833331e-04,0.0315494585,5,75,2.6266,2.7823,solved,0
0.0076536518,0.0076536518,9.9732081069e-04,0.0315803865,5,75,2.5690,2.7637,solved,0
0.0076565754,0.0076565754,9.9927783422e-04,0.0316113561,5,75,2.6485,2.8393,solved,0
0.0076594991,0.0076594991,1.0012390707e-03,0.0316423620,5,75,2.6471,2.8282,solved,0
0.0076624228,0.0076624228,1.0032044532e-03,0.0316734029,5,75,3.1783,3.5134,solved,0
0.0076653464,0.0076653464,1.0051739144e-03,0.0317044778,5,75,3.2627,3.4846,solved,0
0.0076682700,0.0076682700,1.0071475213e-03,0.0317355876,5,75,2.5955,2.7591,solved,0
0.0076711935,0.0076711935,1.0091252064e-03,0.0317667311,5,75,2.6209,2.7471,solved,0
0.0076741172,0.0076741172,1.0111071726e-03,0.0317979115,5,75,2.5684,2.6922,solved,0
0.0076770409,0.0076770409,1.0130932849e-03,0.0318291264,5,75,2.5659,2.6892,solved,0
0.0076799640,0.0076799640,1.0150831344e-03,0.0318603693,5,75,2.7366,2.9305,solved,0
0.0076828877,0.0076828877,1.0170775380e-03,0.0318916531,5,75,2.5883,2.7527,solved,0
0.0076858113,0.0076858113,1.0190760193e-03,0.0319229701,5,75,2.7127,2.8959,solved,0
0.0076887350,0.0076887350,1.0210787149e-03,0.0319543223,5,75,2.5759,2.7233,solved,0
0.0076916585,0.0076916585,1.0230854191e-03,0.0319857065,5,75,2.6002,2.7580,solved,0
0.0076945822,0.0076945822,1.0250964066e-03,0.0320171268,5,75,2.8640,3.0816,solved,0
0.0076975058,0.0076975058,1.0271114711e-03,0.0320485799,5,75,2.8430,3.0884,solved,0
0.0077004294,0.0077004294,1.0291306814e-03,0.0320800667,5,75,2.6412,2.8851,solved,0
0.0077033526,0.0077033526,1.0311537604e-03,0.0321115830,5,75,2.6418,2.8298,solved,0
0.0077062763,0.0077062763,1.0331813312e-03,0.0321431382,5,75,2.7983,2.9934,solved,0
0.0077091999,0.0077091999,1.0352129784e-03,0.0321747258,5,75,3.1217,3.3656,solved,0
0.0077121235,0.0077121235,1.0372487715e-03,0.0322063468,5,75,2.8611,3.0778,solved,0
0.0077150471,0.0077150471,1.0392887103e-03,0.0322380010,5,75,2.9508,3.3936,solved,0
0.0077179708,0.0077179708,1.0413328649e-03,0.0322696896,5,75,2.9038,3.1851,solved,0
0.0077208944,0.0077208944,1.0433810954e-03,0.0323014101,5,75,3.1060,3.4281,solved,0
0.0077238181,0.0077238181,1.0454335420e-03,0.0323331647,5,75,2.9942,3.3010,solved,0
0.0077267417,0.0077267417,1.0474900643e-03,0.0323649512,5,75,2.9463,3.1326,solved,0
0.0077296648,0.0077296648,1.0495503795e-03,0.0323967650,5,75,3.0142,3.2381,solved,0
0.0077325884,0.0077325884,1.0516151926e-03,0.0324286169,5,75,3.1709,3.4115,solved,0
0.0077355121,0.0077355121,1.0536842224e-03,0.0324605025,5,75,2.9609,3.1998,solved,0
0.0077384357,0.0077384357,1.0557573272e-03,0.0324924195,5,75,2.8740,3.1455,solved,0
0.0077413594,0.0077413594,1.0578346489e-03,0.0325243701,5,75,2.8021,3.0242,solved,0
0.0077442831,0.0077442831,1.0599161167e-03,0.0325563529,5,75,3.1134,3.3763,solved,0
0.0077472065,0.0077472065,1.0620015164e-03,0.0325883647,5,75,3.7343,4.0694,solved,0
0.0077501302,0.0077501302,1.0640912759e-03,0.0326204120,5,75,3.6037,3.8614,solved,0
0.0077530534,0.0077530534,1.0661848231e-03,0.0326524857,5,75,2.7594,2.9456,solved,0
0.0077559771,0.0077559771,1.0682828740e-03,0.0326845969,5,75,3.5153,3.7525,solved,0
0.0077589007,0.0077589007,1.0703849991e-03,0.0327167388,5,75,3.2414,3.4764,solved,0
0.0077618243,0.0077618243,1.0724912699e-03,0.0327489125,5,75,2.9350,3.2106,solved,0
0.0077647479,0.0077647479,1.0746016865e-03,0.0327811178,5,75,2.7865,2.9807,solved,0
0.0077676715,0.0077676715,1.0767162489e-03,0.0328133547,5,75,2.6214,2.7699,solved,0
0.0077705951,0.0077705951,1.0788349571e-03,0.0328456231,5,75,2.6927,2.9065,solved,0
0.0077735188,0.0077735188,1.0809578838e-03,0.0328779240,5,75,2.6986,2.9810,solved,0
0.0077764425,0.0077764425,1.0830849565e-03,0.0329102561,5,75,2.6584,2.8595,solved,0
0.0077793657,0.0077793657,1.0852158105e-03,0.0329426139,5,75,2.9415,3.2030,solved,0
0.0077822892,0.0077822892,1.0873510284e-03,0.0329750061,5,75,2.7189,2.9299,solved,0
0.0077852128,0.0077852128,1.0894904651e-03,0.0330074305,5,75,2.6597,2.8441,solved,0
0.0077881365,0.0077881365,1.0916341210e-03,0.0330398868,5,75,2.6294,2.8128,solved,0
0.0077910601,0.0077910601,1.0937818494e-03,0.0330723729,5,75,2.6150,2.8599,solved,0
0.0077939838,0.0077939838,1.0959337973e-03,0.0331048908,5,75,2.6146,2.7603,solved,0
0.0077969071,0.0077969071,1.0980902142e-03,0.0331374443,4,125,3.7875,3.9166,solved,0
0.0077998299,0.0077998299,1.1002536481e-03,0.0331700716,4,150,4.5775,4.7663,solved,0
0.0078027523,0.0078027523,1.1024244652e-03,0.0332027780,4,150,4.4286,4.6142,solved,0
0.0078056752,0.0078056752,1.1046033342e-03,0.0332355733,4,150,4.8979,5.1629,solved,0
0.0078085983,0.0078085983,1.1067900345e-03,0.0332684540,4,150,4.4417,4.6359,solved,0
0.0078115212,0.0078115212,1.1089842667e-03,0.0333014154,4,150,4.4972,4.7255,solved,0
0.0078144440,0.0078144440,1.1111861047e-03,0.0333344582,4,150,4.4100,4.5461,solved,0
0.0078173668,0.0078173668,1.1133957572e-03,0.0333675854,3,150,4.5510,4.7328,solved,0
0.0078202895,0.0078202895,1.1156159534e-03,0.0334008376,3,225,6.5275,6.7465,solved,0
0.0078232123,0.0078232123,1.1178479676e-03,0.0334342335,3,225,6.4535,6.7341,solved,0
0.0078261351,0.0078261351,1.1200917241e-03,0.0334677714,3,225,6.3728,6.6125,solved,0
0.0078290578,0.0078290578,1.1223471454e-03,0.0335014499,3,225,6.3328,6.5505,solved,0
0.0078319805,0.0078319805,1.1246143082e-03,0.0335352696,3,225,6.2810,6.4873,solved,0
0.0078349032,0.0078349032,1.1268932123e-03,0.0335692301,3,225,6.3079,6.5105,solved,0
0.0078378259,0.0078378259,1.1291838579e-03,0.0336033311,3,225,6.2197,6.3694,solved,0
0.0078407477,0.0078407477,1.1314855342e-03,0.0336375614,3,225,6.6750,6.9054,solved,0
0.0078436704,0.0078436704,1.1337996590e-03,0.0336719417,3,225,6.2194,6.3664,solved,0
0.0078465931,0.0078465931,1.1361255253e-03,0.0337064612,3,225,6.3022,6.4367,solved,0
0.0078495160,0.0078495160,1.1384632933e-03,0.0337411217,3,225,6.4682,6.6518,solved,0
0.0078524387,0.0078524387,1.1408126432e-03,0.0337759181,3,225,6.4639,6.6575,solved,0
0.0078553614,0.0078553614,1.1431737346e-03,0.0338108523,3,225,6.7050,6.9002,solved,0
0.0078582841,0.0078582841,1.1455465674e-03,0.0338459239,3,225,6.3691,6.5722,solved,0
0.0078612068,0.0078612068,1.1479311416e-03,0.0338811325,3,225,7.4103,7.7472,solved,0
0.0078641295,0.0078641295,1.1503274572e-03,0.0339164777,3,225,6.4992,6.7219,solved,0
0.0078670523,0.0078670523,1.1527355968e-03,0.0339519601,3,225,7.0740,7.2986,solved,0
0.0078699750,0.0078699750,1.1551553957e-03,0.0339875771,3,225,6.5279,6.7338,solved,0
0.0078728977,0.0078728977,1.1575869360e-03,0.0340233293,3,225,6.6626,6.9155,solved,0
0.0078758204,0.0078758204,1.1600302178e-03,0.0340592163,3,225,6.2568,6.4873,solved,0
0.0078787431,0.0078787431,1.1624852410e-03,0.0340952378,3,225,7.8948,8.1651,solved,0
0.0078816660,0.0078816660,1.1649521748e-03,0.0341313957,3,225,6.9293,7.1556,solved,0
0.0078845887,0.0078845887,1.1674306816e-03,0.0341676848,3,225,6.2743,6.4526,solved,0
0.0078875114,0.0078875114,1.1699209298e-03,0.0342041069,3,225,6.4118,6.5933,solved,0
0.0078904332,0.0078904332,1.1724221473e-03,0.0342406505,3,225,6.4075,7.1245,solved,0
0.0078933559,0.0078933559,1.1749358747e-03,0.0342773376,3,225,7.1510,7.5248,solved,0
0.0078962786,0.0078962786,1.1774613437e-03,0.0343141566,3,225,6.2700,6.4760,solved,0
0.0078992013,0.0078992013,1.1799985540e-03,0.0343511070,3,225,6.4164,6.6346,solved,0
0.0079021240,0.0079021240,1.1825475058e-03,0.0343881885,3,225,6.4783,6.7247,solved,0
0.0079050469,0.0079050469,1.1851083746e-03,0.0344254030,3,225,7.5724,7.7915,solved,0
0.0079079696,0.0079079696,1.1876808101e-03,0.0344627452,3,225,6.4710,6.6731,solved,0
0.0079108923,0.0079108923,1.1902649869e-03,0.0345002172,3,225,7.7192,8.0023,solved,0
0.0079138150,0.0079138150,1.1928609052e-03,0.0345378185,3,225,7.0989,7.4636,solved,0
0.0079167376,0.0079167376,1.1954684755e-03,0.0345755474,3,225,6.9471,7.2173,solved,0
0.0079196603,0.0079196603,1.1980878762e-03,0.0346134060,3,225,6.8411,7.0527,solved,0
0.0079225832,0.0079225832,1.2007191989e-03,0.0346513953,3,225,6.8961,7.1330,solved,0
0.0079255059,0.0079255059,1.2033620832e-03,0.0346895097,3,225,6.7538,7.0685,solved,0
0.0079284286,0.0079284286,1.2060167091e-03,0.0347277513,3,225,6.6855,7.0398,solved,0
0.0079313513,0.0079313513,1.2086830763e-03,0.0347661197,3,225,6.8896,7.1138,solved,0
0.0079342740,0.0079342740,1.2113611850e-03,0.0348046144,3,225,6.3001,6.4818,solved,0
0.0079371969,0.0079371969,1.2140512196e-03,0.0348432378,3,225,6.4897,6.6847,solved,0
0.0079401185,0.0079401185,1.2167517929e-03,0.0348819695,3,225,7.1233,7.3381,solved,0
0.0079430414,0.0079430414,1.2194653083e-03,0.0349208435,3,225,6.5790,6.9172,solved,0
0.0079459641,0.0079459641,1.2221903799e-03,0.0349598395,3,225,6.2955,6.5225,solved,0
0.0079488868,0.0079488868,1.2249271929e-03,0.0349989599,3,225,6.2649,6.4565,solved,0
0.0079518095,0.0079518095,1.2276757474e-03,0.0350382041,3,225,6.3028,6.4655,solved,0
0.0079547322,0.0079547322,1.2304360432e-03,0.0350775718,3,225,6.1930,6.3063,solved,0
0.0079576550,0.0079576550,1.2332081755e-03,0.0351170639,3,225,6.3833,6.6069,solved,0
0.0079605777,0.0079605777,1.2359919547e-03,0.0351566772,3,225,6.2194,6.3536,solved,0
0.0079635004,0.0079635004,1.2387874752e-03,0.0351964128,3,225,6.2518,6.4121,solved,0
0.0079664231,0.0079664231,1.2415947372e-03,0.0352362702,3,225,6.2337,6.3795,solved,0
0.0079693458,0.0079693458,1.2444137406e-03,0.0352762490,3,225,6.2138,6.3607,solved,0
0.0079722686,0.0079722686,1.2472445824e-03,0.0353163501,3,225,6.2009,6.3358,solved,0
0.0079751913,0.0079751913,1.2500870691e-03,0.0353565704,3,225,6.1949,6.3097,solved,0
0.0079781140,0.0079781140,1.2529412972e-03,0.0353969108,3,225,6.4956,6.6930,solved,0
0.0079810368,0.0079810368,1.2558073649e-03,0.0354373724,3,225,6.2844,6.4566,solved,0
0.0079839595,0.0079839595,1.2586850763e-03,0.0354779520,3,225,6.2027,6.3573,solved,0
0.0079868813,0.0079868813,1.2615736375e-03,0.0355186379,3,225,6.2032,6.3808,solved,0
0.0079898040,0.0079898040,1.2644748281e-03,0.0355594548,3,225,6.2157,6.3627,solved,0
0.0079927267,0.0079927267,1.2673877601e-03,0.0356003899,3,225,7.1876,7.3557,solved,0
0.0079956495,0.0079956495,1.2703125338e-03,0.0356414440,3,225,6.1970,6.3180,solved,0
0.0079985722,0.0079985722,1.2732489490e-03,0.0356826141,3,225,6.1657,6.2553,solved,0
0.0080014950,0.0080014950,1.2761972068e-03,0.0357239025,3,225,6.1849,6.2696,solved,0
0.0080044176,0.0080044176,1.2791570038e-03,0.0357653045,3,225,6.2230,6.3748,solved,0
0.0080073404,0.0080073404,1.2821287452e-03,0.0358068254,3,225,6.2486,6.3828,solved,0
0.0080102631,0.0080102631,1.2851121266e-03,0.0358484606,3,225,6.1266,6.2231,solved,0
0.0080131858,0.0080131858,1.2881072494e-03,0.0358902111,3,225,6.3994,6.6127,solved,0
0.0080161086,0.0080161086,1.2911142167e-03,0.0359320778,3,225,6.2468,6.4403,solved,0
0.0080190313,0.0080190313,1.2941328227e-03,0.0359740576,3,225,6.2808,6.4556,solved,0
0.0080219540,0.0080219540,1.2971631702e-03,0.0360161515,3,225,6.1869,6.3011,solved,0
0.0080248768,0.0080248768,1.3002053634e-03,0.0360583605,3,225,6.2368,6.3479,solved,0
0.0080277995,0.0080277995,1.3032591942e-03,0.0361006814,3,225,6.2507,6.3564,solved,0
0.0080307222,0.0080307222,1.3063247663e-03,0.0361431151,3,225,6.1738,6.2587,solved,0
0.0080336449,0.0080336449,1.3094020799e-03,0.0361856612,3,225,6.1806,6.2817,solved,0
0.0080365667,0.0080365667,1.3124901819e-03,0.0362283064,3,225,6.1174,6.2111,solved,0
0.0080394895,0.0080394895,1.3155910810e-03,0.0362710777,3,225,6.1786,6.3102,solved,0
0.0080424122,0.0080424122,1.3187036157e-03,0.0363139590,3,225,6.2683,6.4089,solved,0
0.0080453349,0.0080453349,1.3218278918e-03,0.0363569511,3,225,6.1738,6.2740,solved,0
0.0080482576,0.0080482576,1.3249639093e-03,0.0364000537,3,225,8.4468,8.6350,solved,0
0.0080511804,0.0080511804,1.3281117761e-03,0.0364432679,3,225,7.2249,7.4391,solved,0
0.0080541031,0.0080541031,1.3312712769e-03,0.0364865904,3,225,6.2305,6.3588,solved,0
0.0080570258,0.0080570258,1.3344425191e-03,0.0365300222,3,225,6.1737,6.2640,solved,0
0.0080599486,0.0080599486,1.3376256118e-03,0.0365735644,3,225,6.1640,6.2545,solved,0
0.0080628713,0.0080628713,1.3408203373e-03,0.0366172137,3,225,6.1304,6.2213,solved,0
0.0080657940,0.0080657940,1.3440268042e-03,0.0366609711,3,225,6.1389,6.2348,solved,0
0.0080687167,0.0080687167,1.3472450125e-03,0.0367048364,3,225,6.2425,6.3893,solved,0
0.0080716395,0.0080716395,1.3504750729e-03,0.0367488105,3,225,6.1836,6.3019,solved,0
0.0080745622,0.0080745622,1.3537167645e-03,0.0367928901,3,225,6.3505,6.5056,solved,0
0.0080774849,0.0080774849,1.3569701975e-03,0.0368370764,3,225,6.2249,6.3766,solved,0
0.0080804076,0.0080804076,1.3602353719e-03,0.0368813689,3,225,6.2043,6.3169,solved,0
0.0080833304,0.0080833304,1.3635124000e-03,0.0369257688,3,225,6.2212,6.3968,solved,0
0.0080862522,0.0080862522,1.3668000432e-03,0.0369702589,3,225,6.2122,6.3245,solved,0
0.0080891749,0.0080891749,1.3701004387e-03,0.0370148678,3,225,6.1194,6.2081,solved,0
0.0080920976,0.0080920976,1.3734125756e-03,0.0370595814,3,225,6.1166,6.2003,solved,0
0.0080950204,0.0080950204,1.3767365679e-03,0.0371044009,3,225,6.2052,6.3111,solved,0
0.0080979431,0.0080979431,1.3800721881e-03,0.0371493228,3,225,6.1173,6.2091,solved,0
0.0081008658,0.0081008658,1.3834195497e-03,0.0371943484,3,225,6.1369,6.2187,solved,0
0.0081037885,0.0081037885,1.3867786527e-03,0.0372394771,3,225,7.5972,7.7889,solved,0
0.0081067112,0.0081067112,1.3901494971e-03,0.0372847086,3,225,9.1790,9.3798,solved,0
0.0081096340,0.0081096340,1.3935321989e-03,0.0373300442,3,225,7.1262,7.2807,solved,0
0.0081125567,0.0081125567,1.3969265267e-03,0.0373754803,3,225,6.3754,6.4922,solved,0
0.0081154794,0.0081154794,1.4003325958e-03,0.0374210181,3,225,6.3166,6.4721,solved,0
0.0081184022,0.0081184022,1.4037505235e-03,0.0374666588,3,225,6.4195,6.5927,solved,0
0.0081213249,0.0081213249,1.4071800759e-03,0.0375123990,3,225,6.4346,6.6383,solved,0
0.0081242476,0.0081242476,1.4106213697e-03,0.0375582397,3,225,6.4123,6.6184,solved,0
0.0081271703,0.0081271703,1.4140744050e-03,0.0376041807,3,225,6.5151,6.7804,solved,0
0.0081300931,0.0081300931,1.4175393004e-03,0.0376502231,3,225,7.1337,7.3772,solved,0
0.0081330158,0.0081330158,1.4210158189e-03,0.0376963635,3,225,6.2754,6.4528,solved,0
0.0081359376,0.0081359376,1.4245030028e-03,0.0377425887,3,225,6.5701,6.7884,solved,0
0.0081388603,0.0081388603,1.4280030006e-03,0.0377889270,3,225,6.3684,6.6510,solved,0
0.0081417831,0.0081417831,1.4315148601e-03,0.0378353652,3,225,6.3623,6.6546,solved,0
0.0081447058,0.0081447058,1.4350383411e-03,0.0378818999,3,225,6.8808,7.3280,solved,0
0.0081476285,0.0081476285,1.4385735635e-03,0.0379285323,3,225,6.3519,6.5299,solved,0
0.0081505512,0.0081505512,1.4421205274e-03,0.0379752620,3,225,6.8719,7.0685,solved,0
0.0081534740,0.0081534740,1.4456793546e-03,0.0380220904,3,225,6.4343,6.6280,solved,0
0.0081563967,0.0081563967,1.4492498017e-03,0.0380690137,3,225,6.3806,6.6272,solved,0
0.0081593194,0.0081593194,1.4528319903e-03,0.0381160332,3,225,6.3604,6.6974,solved,0
0.0081622421,0.0081622421,1.4564259202e-03,0.0381631487,3,225,6.4437,6.7204,solved,0
0.0081651649,0.0081651649,1.4600317152e-03,0.0382103614,3,225,6.6497,6.9346,solved,0
0.0081680876,0.0081680876,1.4636492515e-03,0.0382576692,2,2175,71.2319,71.7877,solved,1
0.0081710099,0.0081710099,1.4672851424e-03,0.0383051582,2,475,13.3547,13.5925,solved,0
0.0081739323,0.0081739323,1.4709440505e-03,0.0383528884,2,475,12.6479,12.8680,solved,0
0.0081768547,0.0081768547,1.4746258519e-03,0.0384008574,2,475,12.6211,12.8568,solved,0
0.0081797771,0.0081797771,1.4783305466e-03,0.0384490643,2,475,12.9296,13.2116,solved,0
0.0081826995,0.0081826995,1.4820581344e-03,0.0384975082,2,475,12.8980,13.1336,solved,0
0.0081856209,0.0081856209,1.4858073283e-03,0.0385461714,2,475,12.4232,12.6114,solved,0
0.0081885433,0.0081885433,1.4895806948e-03,0.0385950864,2,475,12.7773,12.9701,solved,0
0.0081914657,0.0081914657,1.4933769545e-03,0.0386442357,2,475,13.3031,13.4996,solved,0
0.0081943881,0.0081943881,1.4971961075e-03,0.0386936184,2,475,12.5634,12.8391,solved,0
0.0081973105,0.0081973105,1.5010381537e-03,0.0387432337,2,475,18.3591,18.6168,solved,0
0.0082002328,0.0082002328,1.5049029606e-03,0.0387930788,2,475,15.0365,15.2622,solved,0
0.0082031552,0.0082031552,1.5087907925e-03,0.0388431563,2,475,13.2150,13.4126,solved,0
0.0082060776,0.0082060776,1.5127015176e-03,0.0388934637,2,475,17.6749,17.9246,solved,0
0.0082090000,0.0082090000,1.5166351360e-03,0.0389440000,1,475,18.3845,18.6127,solved,0
